Name,G,PA,AB,H,HR,R,RBI,BB,HBP,SB,AVG
Aaron Judge,159,686,558,156,49,114,124,116,6,8,0.278517
Bobby Witt Jr.,159,686,623,182,30,108,101,50,6,32,0.291997
Gunnar Henderson,157,679,592,162,31,108,95,75,6,17,0.274217
Juan Soto,159,686,542,151,35,113,100,135,4,8,0.279308
Julio Rodríguez,157,679,618,172,29,95,92,48,9,28,0.277957
Mookie Betts,157,679,583,163,28,109,94,84,7,15,0.280158
Francisco Lindor,159,686,607,157,28,101,89,63,10,23,0.258757
Shohei Ohtani,151,651,561,160,42,119,116,79,5,36,0.285237
Fernando Tatis Jr.,152,658,590,163,37,104,101,57,7,19,0.276828
José Ramírez,156,672,598,164,30,96,102,64,4,29,0.274674
Yordan Alvarez,141,609,522,157,36,94,104,73,10,3,0.301148
Cal Raleigh,146,584,517,117,30,71,85,58,4,3,0.226656
Patrick Bailey,128,506,455,108,12,54,52,42,3,4,0.236379
Michael Harris II,146,630,584,170,24,87,86,35,7,18,0.290543
Ronald Acuña Jr.,128,553,474,139,25,101,73,66,8,39,0.2928
Elly De La Cruz,154,665,595,154,25,98,88,62,5,54,0.258068
Jackson Merrill,154,665,616,172,25,84,94,39,3,15,0.279605
Corey Seager,126,546,481,136,28,79,80,55,5,2,0.282237
Vladimir Guerrero Jr.,157,679,597,175,32,98,102,71,6,5,0.294009
William Contreras,156,626,551,150,23,83,83,68,4,7,0.271693
Kyle Tucker,154,665,575,155,30,96,95,82,2,21,0.269768
Adley Rutschman,146,586,511,133,18,74,68,66,4,2,0.260614
Bryce Harper,154,665,568,160,31,95,99,87,4,10,0.281857
Austin Riley,157,679,607,164,32,96,98,56,10,2,0.270738
Trea Turner,156,672,620,175,23,97,81,41,6,24,0.282232
Ketel Marte,147,637,558,153,26,92,87,67,6,7,0.274099
Matt Chapman,157,679,595,143,26,86,83,71,8,10,0.240571
Freddie Freeman,154,665,576,168,24,97,92,74,9,11,0.292184
Dansby Swanson,157,679,610,149,21,83,79,60,4,15,0.244791
Marcus Semien,154,665,597,151,23,94,76,60,4,10,0.252282
Riley Greene,147,637,562,150,22,86,78,67,5,6,0.26797
Gabriel Moreno,128,507,449,127,10,58,59,49,4,6,0.282865
Corbin Carroll,156,672,583,151,23,108,84,70,11,38,0.259389
Andrés Giménez,147,637,579,153,14,71,70,33,18,27,0.264814
Willy Adames,156,672,597,145,24,83,84,67,3,14,0.242695
Manny Machado,154,665,605,161,30,84,101,53,2,8,0.26609
Carlos Correa,130,560,491,132,20,74,69,60,5,1,0.269366
Steven Kwan,156,672,592,168,11,93,61,68,5,18,0.283295
Isaac Paredes,141,609,521,127,25,75,84,70,14,2,0.243246
Wyatt Langford,143,616,548,147,22,83,85,59,5,19,0.267802
Alejandro Kirk,110,436,385,103,10,42,49,43,4,1,0.266804
Anthony Volpe,157,679,611,147,18,83,75,55,7,28,0.241128
Rafael Devers,157,679,598,161,33,97,100,69,7,4,0.268916
Jazz Chisholm Jr.,141,609,548,136,27,83,83,51,5,35,0.248932
Brent Rooker,149,644,568,147,38,86,101,63,8,8,0.25782
Xander Bogaerts,149,644,580,154,17,74,71,52,6,13,0.265625
Bo Bichette,144,623,579,162,18,80,74,36,4,10,0.280057
Alex Bregman,157,679,598,155,24,88,89,68,8,3,0.259679
Jordan Westburg,134,581,529,138,20,74,79,40,8,8,0.259938
Mike Trout,120,518,446,114,28,77,73,61,7,9,0.254968
Francisco Alvarez,123,488,433,101,22,59,68,45,5,2,0.234177
Matt McLain,138,595,523,135,23,82,79,59,9,18,0.257194
Zach Neto,130,560,500,126,21,72,72,39,16,23,0.252068
Mark Vientos,154,665,602,150,32,82,100,52,6,1,0.249264
Masyn Winn,154,665,607,157,16,88,70,47,4,14,0.257944
Nico Hoerner,130,560,509,140,8,67,54,38,9,26,0.275933
Jacob Wilson,128,553,507,145,9,71,59,32,7,4,0.286558
Junior Caminero,146,630,581,152,27,75,91,40,5,4,0.261316
Jeremy Peña,157,679,627,163,18,79,76,36,11,17,0.260505
Jarren Duran,152,658,597,157,18,93,74,50,6,28,0.262617
Oneil Cruz,146,630,565,144,26,83,86,56,4,20,0.254775
Lawrence Butler,149,644,585,148,26,87,80,51,2,20,0.25302
Brandon Lowe,123,532,471,113,25,72,74,50,7,6,0.240447
Matt Olson,159,686,593,149,34,92,104,81,6,1,0.251548
Austin Wells,117,462,407,94,17,52,59,45,6,4,0.230171
Will Smith,126,501,434,109,19,65,66,51,10,2,0.250556
Royce Lewis,133,574,518,129,26,75,84,47,4,7,0.249307
Yandy Díaz,152,658,580,167,18,83,72,66,6,1,0.287771
Nolan Arenado,152,658,599,156,22,72,86,47,6,3,0.260512
Christian Walker,151,651,571,136,31,83,97,65,9,5,0.237277
Ozzie Albies,152,658,601,158,23,86,87,44,7,12,0.263407
Ezequiel Tovar,159,686,645,169,24,83,89,29,5,9,0.261466
Jung Hoo Lee,143,616,562,161,11,68,69,45,5,6,0.286612
Ian Happ,156,672,581,143,23,88,80,79,7,12,0.24698
Anthony Santander,156,672,602,149,36,86,103,57,8,2,0.246925
J.P. Crawford,141,609,526,126,12,71,55,71,7,5,0.240074
Colton Cowser,130,560,488,120,20,75,71,59,8,8,0.246411
Jackson Chourio,149,644,591,158,24,88,84,44,4,27,0.268252
Jose Altuve,152,658,593,160,21,94,72,54,7,17,0.269352
James Wood,139,602,527,138,21,79,77,68,4,18,0.262678
Gleyber Torres,152,658,583,151,18,79,64,64,4,9,0.25896
Xavier Edwards,136,588,523,149,5,72,48,54,2,32,0.284852
Brandon Nimmo,134,581,502,126,17,76,67,65,10,8,0.25161
Yainer Diaz,143,574,539,151,21,68,81,25,4,1,0.279809
Luis Robert Jr.,151,651,600,148,27,82,84,39,9,26,0.246275
JJ Bleday,152,658,573,130,24,79,77,77,4,5,0.227723
Lars Nootbaar,125,539,460,115,19,69,63,71,2,9,0.249277
Cody Bellinger,139,602,543,141,23,79,85,47,4,12,0.259534
Bryson Stott,139,602,541,139,13,71,65,51,4,26,0.257686
Byron Buxton,118,511,461,112,25,72,74,37,10,8,0.242244
Pete Crow-Armstrong,130,560,512,126,16,72,68,33,8,30,0.246324
CJ Abrams,139,602,546,138,19,82,67,36,13,33,0.253446
Brenton Doyle,154,665,608,151,23,85,80,43,5,28,0.248742
Pete Alonso,154,665,577,139,35,88,102,69,13,4,0.240813
Jake Rogers,97,384,348,74,14,44,45,29,4,2,0.211929
Bo Naylor,110,435,381,84,16,52,52,47,3,7,0.219784
Alec Bohm,143,616,562,157,17,72,81,42,6,4,0.279865
Cedric Mullins,130,560,504,122,17,68,67,45,5,28,0.242271
Zack Gelof,146,630,571,131,22,73,73,50,4,25,0.229471
Tommy Edman,141,609,555,140,15,78,69,42,6,25,0.252573
Brendan Donovan,138,595,524,146,13,73,63,54,12,6,0.279006
Sean Murphy,92,365,319,75,14,42,47,35,8,0,0.233988
Daulton Varsho,138,595,534,119,23,74,75,52,5,13,0.223706
Teoscar Hernández,151,651,594,155,30,83,102,46,7,9,0.261816
Randy Arozarena,152,658,569,137,22,82,77,68,16,22,0.240969
Josh Lowe,126,546,494,127,18,66,69,46,2,26,0.256352
Max Muncy,126,546,454,97,25,74,74,80,8,3,0.214
Ha-Seong Kim,100,434,377,93,10,51,44,48,3,18,0.246041
Kyle Schwarber,152,658,549,124,38,99,93,98,6,5,0.225548
Geraldo Perdomo,131,567,486,121,8,74,53,62,6,16,0.25002
Shea Langeliers,128,506,458,106,26,61,74,39,5,4,0.231178
Matt Wallner,120,518,448,106,22,66,67,52,14,5,0.236299
Taylor Ward,149,644,567,142,23,79,78,63,8,6,0.249987
Brandon Marsh,125,539,475,117,15,64,63,55,4,16,0.247237
Brayan Rocchio,130,560,496,120,10,67,56,50,8,13,0.242784
Luis Rengifo,136,588,539,141,16,72,66,37,7,22,0.26122
J.T. Realmuto,126,501,454,114,17,59,62,35,9,8,0.251692
Luis García Jr.,125,539,503,138,16,62,66,30,1,15,0.27325
Brice Turang,134,581,523,133,10,67,55,50,2,36,0.253569
Iván Herrera,100,398,343,87,9,48,43,46,5,6,0.254032
Parker Meadows,125,539,481,113,15,65,59,48,4,19,0.234297
Christian Yelich,133,574,494,131,17,81,65,72,4,23,0.264619
Vinnie Pasquantino,146,630,559,148,25,75,90,58,6,2,0.265721
Joey Ortiz,146,630,561,140,14,74,71,55,6,12,0.250247
Tyler O'Neill,110,476,419,101,24,64,66,48,6,6,0.240829
Bryan Reynolds,149,644,573,151,22,80,80,57,9,8,0.264151
Maikel Garcia,138,595,541,140,8,73,56,45,2,30,0.258191
Jackson Holliday,109,469,402,93,11,68,50,60,3,8,0.23242
Evan Carter,120,518,449,108,14,65,59,58,7,12,0.239605
Josh Jung,136,588,545,137,22,68,77,32,6,5,0.250464
Eugenio Suárez,141,609,537,125,23,70,78,56,10,2,0.233465
Ryan McMahon,147,637,562,136,22,76,73,67,4,6,0.242531
Matt Shaw,120,518,463,115,16,62,64,43,7,17,0.248431
Nick Gonzales,117,504,456,120,10,58,59,35,8,5,0.262205
Victor Robles,128,553,488,123,8,68,48,40,14,36,0.251506
Seiya Suzuki,130,560,491,130,21,71,72,60,5,11,0.264408
Triston Casas,139,602,514,127,27,76,84,80,4,1,0.246041
Lane Thomas,139,602,539,131,19,75,71,50,7,24,0.242669
Ke'Bryan Hayes,136,588,538,137,11,64,59,41,4,15,0.2541
Paul Goldschmidt,147,637,568,143,25,79,86,61,4,9,0.251273
Marcell Ozuna,154,665,593,153,33,85,100,64,4,1,0.258665
Willson Contreras,139,602,517,125,24,74,77,64,18,6,0.242202
Jake Cronenworth,144,623,549,132,15,71,69,56,12,4,0.240274
Jasson Domínguez,136,588,525,132,21,77,72,56,2,23,0.252068
Nathaniel Lowe,144,623,547,147,18,70,73,68,5,2,0.26801
Jeff McNeil,123,532,481,128,10,60,55,35,11,5,0.265819
TJ Friedl,131,567,499,124,17,71,66,48,12,16,0.247811
Adolis García,143,616,558,133,29,77,89,46,6,12,0.238169
Logan O'Hoppe,115,461,413,100,20,54,58,37,7,3,0.240968
Joc Pederson,105,455,390,98,22,61,66,51,11,5,0.250645
Luis Arraez,151,651,603,185,8,81,60,37,6,7,0.306484
Tyler Fitzgerald,136,588,536,125,20,73,73,39,9,19,0.233973
Jake Meyers,105,455,410,98,12,51,52,33,7,9,0.237968
Jesús Sánchez,125,539,486,125,21,63,71,45,5,10,0.256441
Ryan Jeffers,100,403,356,84,17,47,52,34,9,2,0.234913
Jonathan India,139,602,514,129,13,79,57,66,15,12,0.250854
Garrett Mitchell,110,476,422,102,15,60,60,46,5,20,0.242181
Salvador Perez,149,612,563,147,26,66,88,33,11,0,0.260858
George Springer,141,609,543,131,20,76,70,56,6,14,0.242127
Otto Lopez,112,483,444,122,6,54,46,31,4,16,0.275458
Wilyer Abreu,110,476,418,102,16,60,59,51,3,9,0.243346
Tyler Stephenson,121,490,436,112,15,59,61,45,6,1,0.257764
Kyle Isbel,126,546,495,120,12,70,57,37,6,15,0.241897
Jonny DeLuca,113,490,443,103,15,55,57,36,7,16,0.232315
Connor Norby,136,588,531,132,18,78,67,47,5,9,0.248393
Heliot Ramos,139,602,547,137,22,72,78,45,5,7,0.25127
Michael Massey,120,518,478,123,17,60,65,28,6,4,0.257093
Josh Naylor,141,609,547,146,23,72,93,50,6,7,0.266271
Jose Trevino,66,262,242,59,7,28,30,16,2,2,0.245553
Danny Jansen,91,359,314,71,15,43,44,36,6,0,0.224942
Michael Busch,128,553,485,116,20,71,69,58,7,2,0.239865
Jorge Polanco,126,546,482,108,19,60,62,56,4,5,0.224439
Trevor Story,141,609,548,123,17,68,68,50,7,23,0.22526
Spencer Horwitz,102,441,378,102,10,53,47,53,6,2,0.270251
Jacob Young,134,581,524,131,5,69,49,37,10,32,0.248955
Jake McCarthy,120,518,466,124,9,64,57,37,10,26,0.266401
Colt Keith,126,546,494,129,16,67,69,45,3,4,0.261548
Brooks Lee,113,490,449,112,11,53,55,35,2,6,0.249374
Jonah Heim,84,333,305,71,10,35,40,23,2,1,0.232566
Jake Burger,143,616,564,137,32,75,93,36,10,2,0.24338
Dylan Crews,134,581,526,129,15,70,65,40,9,25,0.245776
Luke Raley,112,483,428,100,20,59,63,33,18,10,0.23436
Chas McCormick,104,448,399,96,14,53,54,36,7,13,0.241134
Dylan Moore,94,406,346,72,11,49,40,45,11,25,0.207882
Jurickson Profar,147,637,549,142,15,82,67,71,10,7,0.258331
Josh Smith,87,378,330,81,9,45,40,34,10,6,0.244784
Jorge Soler,133,574,500,116,27,75,76,64,6,1,0.231125
Jo Adell,112,483,436,98,23,60,68,36,7,13,0.225957
Will Wagner,94,406,357,97,7,47,43,41,4,3,0.271638
Leody Taveras,78,336,305,77,8,40,37,26,1,13,0.251382
Nolan Gorman,113,490,440,100,25,61,68,44,3,6,0.226945
Miguel Vargas,115,497,430,99,15,61,52,57,6,9,0.230857
Sal Frelick,104,448,405,108,6,53,43,35,5,13,0.267336
Orlando Arcia,138,595,541,127,17,63,66,44,3,2,0.233869
Jace Jung,84,364,315,71,10,38,39,44,3,2,0.224217
Nolan Jones,120,518,449,115,16,63,63,61,5,11,0.255586
Alec Burleson,110,476,437,120,16,57,64,30,4,6,0.275391
Jose Siri,96,413,377,79,17,51,53,27,5,14,0.210239
Willi Castro,139,602,538,131,13,74,61,43,15,19,0.244105
Kerry Carpenter,115,497,451,115,22,60,74,35,7,3,0.254986
Carson Kelly,76,301,267,61,8,32,33,27,4,1,0.229213
Ceddanne Rafaela,100,434,408,103,12,54,54,16,6,16,0.253415
Mike Yastrzemski,115,497,441,99,17,60,57,47,6,4,0.2237
Yoán Moncada,120,518,465,113,13,56,54,46,4,4,0.243751
Hyeseong Kim,92,399,369,103,5,46,40,24,2,16,0.279204
Kyle Higashioka,81,322,297,64,14,34,43,20,1,2,0.215216
LaMonte Wade Jr.,113,490,412,100,14,62,47,67,6,3,0.241833
Travis d'Arnaud,65,257,234,54,10,29,32,17,4,0,0.232504
Trevor Larnach,109,469,411,99,16,59,60,50,4,3,0.241163
Christopher Morel,117,504,448,104,22,61,66,47,5,9,0.231937
Michael Conforto,115,497,439,104,20,59,69,48,7,2,0.238061
Thairo Estrada,115,497,461,122,15,60,60,23,9,10,0.264726
Kyle Manzardo,100,434,377,92,17,57,55,47,4,1,0.243319
Freddy Fermin,70,275,249,63,7,30,30,21,2,1,0.253303
Nolan Schanuel,128,553,474,121,14,65,57,65,8,8,0.255479
Jonathan Aranda,81,350,305,78,12,44,45,35,6,1,0.256587
Lourdes Gurriel Jr.,130,560,518,141,17,64,73,32,6,5,0.272059
Max Kepler,117,504,453,109,18,60,61,41,6,3,0.239826
Ryan O'Hearn,94,406,369,99,15,50,54,31,3,3,0.267315
Heston Kjerstad,92,399,356,91,14,50,53,30,9,2,0.25501
Mike Tauchman,92,399,340,83,9,53,35,51,4,7,0.243814
Carlos Santana,136,588,514,117,20,64,70,66,4,3,0.227683
Ryan Mountcastle,123,532,488,126,19,61,70,36,3,3,0.257883
Brendan Rodgers,83,357,328,83,9,40,40,23,3,1,0.253918
Oswaldo Cabrera,91,392,356,86,11,47,45,29,3,7,0.241152
Luis Urías,78,336,291,65,9,37,35,34,8,3,0.224894
Spencer Steer,117,504,441,109,17,61,65,52,7,13,0.246654
Ernie Clement,71,308,289,77,7,34,35,13,2,6,0.26443
Christian Vázquez,76,301,279,65,5,29,29,17,2,2,0.234785
Chase Meidroth,68,294,247,61,4,35,25,40,5,4,0.245746
Trey Sweeney,81,350,315,70,9,40,36,29,3,9,0.222999
Andrew Vaughn,144,623,568,145,23,66,80,43,8,1,0.25498
Isiah Kiner-Falefa,128,553,512,134,7,58,50,28,8,15,0.262726
Alek Thomas,71,308,283,72,8,38,37,20,2,7,0.254982
Keibert Ruiz,122,480,446,112,15,49,57,25,5,3,0.251453
Dillon Dingler,60,237,214,48,7,26,28,17,4,2,0.226203
Harrison Bader,87,378,348,84,10,44,42,21,5,16,0.240776
Gavin Lux,113,490,434,112,11,61,51,49,3,6,0.25823
Jordan Walker,131,567,515,128,18,59,68,41,6,7,0.249374
Miguel Amaya,83,326,289,69,9,34,38,26,7,1,0.240163
Gio Urshela,89,385,359,96,8,37,40,21,2,1,0.267419
Matt Vierling,110,476,431,109,11,56,47,38,4,6,0.25295
Edouard Julien,71,308,261,60,8,38,31,43,2,5,0.22819
Christian Moore,65,280,260,67,10,42,36,17,1,3,0.257329
Joey Bart,96,379,340,82,12,43,44,30,7,1,0.240016
Kristian Campbell,55,238,210,56,6,31,31,23,4,6,0.265673
Jesse Winker,99,427,360,87,11,50,46,57,7,7,0.240788
Nick Fortes,89,352,321,75,8,36,35,20,6,3,0.23422
Josh Rojas,79,343,304,73,7,39,31,33,2,9,0.239509
Victor Caratini,50,200,177,43,5,20,22,17,3,1,0.241055
Tyrone Taylor,78,336,308,72,10,42,40,19,6,8,0.233352
José Caballero,66,287,254,57,6,33,28,23,7,25,0.225179
Jeimer Candelario,120,518,466,113,20,61,68,40,8,4,0.242239
Ty France,100,434,385,100,11,48,48,30,14,1,0.258639
Andrew Benintendi,107,462,415,108,12,53,50,40,2,6,0.261019
Ramón Urías,53,231,209,53,6,26,27,17,4,1,0.254148
Ben Rortvedt,65,256,226,49,5,25,25,25,3,1,0.217705
Mauricio Dubón,81,350,327,87,6,40,36,16,3,4,0.264518
Masataka Yoshida,92,399,359,102,11,47,50,30,7,3,0.282644
Tyler Soderstrom,122,522,473,108,23,56,69,39,5,1,0.227614
Endy Rodríguez,86,352,318,78,8,41,39,28,3,2,0.246107
Miguel Andujar,79,343,319,86,8,38,38,20,2,4,0.271201
Kyle Stowers,107,462,412,95,17,51,58,39,7,2,0.23114
Roman Anthony,83,357,313,77,8,44,40,39,2,7,0.24543
Austin Hays,118,511,468,120,17,61,61,31,7,4,0.256266
Giancarlo Stanton,97,420,376,86,25,49,66,40,2,0,0.22905
Colson Montgomery,113,490,429,88,11,48,49,46,11,4,0.203849
Richie Palacios,78,336,289,70,6,41,33,39,5,11,0.240679
Eguy Rosario,70,301,270,62,10,35,37,25,3,7,0.230739
DJ LeMahieu,87,378,334,82,7,40,36,38,2,2,0.24552
Jose Miranda,89,385,355,95,10,42,47,22,5,2,0.267425
Dairon Blanco,49,210,189,49,4,31,23,15,4,27,0.258784
Drake Baldwin,53,211,187,44,5,24,24,21,3,1,0.235772
Juan Brito,66,287,251,58,6,31,30,30,3,4,0.231687
Gary Sánchez,63,257,227,49,10,28,32,24,4,0,0.216902
Johan Rojas,73,315,292,72,5,38,31,15,4,19,0.247226
Rhys Hoskins,131,567,496,110,26,67,77,60,6,3,0.222518
Josh Bell,134,581,514,129,20,64,70,58,4,1,0.250053
Luis Campusano,81,322,296,75,10,38,40,21,3,1,0.254213
Dane Myers,86,371,336,83,9,43,43,25,6,8,0.248142
Jake Fraley,104,448,398,101,12,51,51,42,5,19,0.254012
Seth Brown,78,336,308,73,15,36,45,24,2,4,0.237885
Alex Call,60,259,222,50,6,30,26,30,4,7,0.225789
Jordan Lawlar,52,224,200,47,5,27,24,19,4,7,0.234462
Javier Báez,79,343,320,75,9,37,38,16,4,7,0.23318
Trent Grisham,42,182,157,33,7,22,21,21,2,3,0.212013
Mitch Garver,78,323,279,57,12,33,36,37,4,0,0.20339
Kyle Teel,45,179,159,38,4,21,17,18,2,3,0.239506
Alex Verdugo,81,350,317,81,8,42,37,27,2,2,0.254745
Wenceel Pérez,87,378,342,82,7,44,39,31,3,9,0.239144
José Tena,75,322,298,76,7,34,35,18,2,7,0.253808
Blake Perkins,58,252,221,50,5,29,24,26,2,10,0.226902
Pedro Pagés,62,243,220,49,6,23,27,19,2,2,0.22482
Jose Iglesias,75,322,302,80,4,34,31,14,4,3,0.265208
Andy Pages,41,175,157,39,7,23,24,14,3,1,0.246749
Christian Encarnacion-Strand,84,364,334,86,16,45,55,23,5,2,0.257304
Oliver Dunn,71,308,272,57,7,33,31,31,3,7,0.208414
Yasmani Grandal,36,141,123,29,4,14,14,16,1,1,0.233233
Rob Refsnyder,50,217,189,49,6,26,26,22,4,2,0.260469
MJ Melendez,113,490,437,103,19,58,61,47,3,5,0.235405
Edgar Quero,39,154,136,32,4,15,17,14,2,1,0.236635
Will Brennan,53,231,214,59,4,24,24,13,2,5,0.27494
Derek Hill,63,273,251,63,7,32,31,16,2,7,0.252245
Agustin Ramirez,65,263,237,56,8,30,30,22,3,5,0.236808
Connor Joe,73,315,274,63,8,36,30,34,5,2,0.229699
Oswald Peraza,47,203,183,42,6,24,24,15,4,7,0.232535
Paul DeJong,79,343,313,66,14,36,39,21,5,2,0.21006
Jonah Bride,91,392,334,79,9,42,44,48,6,1,0.237726
Caleb Durbin,49,210,184,44,4,25,22,18,5,10,0.23759
Donovan Solano,83,357,323,82,6,33,32,25,7,1,0.252758
Mickey Moniak,68,294,275,64,11,33,36,14,3,5,0.233586
Taylor Walls,57,245,213,44,4,28,21,29,1,12,0.207523
Ramón Laureano,47,203,184,43,6,24,25,13,5,5,0.235526
Tyler Black,60,259,224,51,6,31,29,29,5,9,0.228979
Lenyn Sosa,71,308,289,72,9,32,36,14,2,2,0.249616
Alex Jackson,32,128,116,24,5,14,16,9,2,1,0.206374
Pavin Smith,78,336,294,73,10,40,41,37,2,2,0.248253
Jared Triolo,55,238,211,51,4,25,23,23,2,5,0.244153
Chris Taylor,66,287,252,56,7,33,30,29,3,6,0.220591
Angel Martínez,52,224,201,48,4,24,22,17,2,3,0.237418
Jason Heyward,79,343,309,70,10,38,39,28,4,4,0.228268
Brooks Baldwin,49,210,193,48,5,22,21,14,1,5,0.248612
Connor Wong,94,371,341,85,10,42,42,22,5,6,0.250213
Justin Turner,83,357,314,79,8,40,39,33,6,1,0.251866
Austin Hedges,49,192,173,32,3,16,16,11,3,2,0.186279
Austin Slater,52,224,195,46,5,26,20,24,3,5,0.234053
Carlos Narvaez,50,198,173,37,4,21,20,21,3,2,0.216138
Ryan Bliss,41,175,157,35,4,21,18,14,2,10,0.221296
Tyler Heineman,36,141,122,26,2,14,12,13,2,2,0.212641
Luis Torrens,40,160,146,33,5,16,18,11,1,1,0.22867
Edmundo Sosa,41,175,161,39,4,21,19,7,5,3,0.24558
Davis Schneider,45,196,169,37,7,23,22,23,2,2,0.218594
Jon Berti,42,182,164,40,3,21,16,15,2,8,0.244305
Gabriel Arias,34,147,135,33,4,16,16,9,2,4,0.242988
Esteury Ruiz,26,112,100,25,2,14,12,7,3,10,0.250353
Starling Marte,63,273,248,65,6,34,30,17,5,11,0.263518
Amed Rosario,49,210,198,53,3,23,21,9,2,6,0.265697
Chandler Simpson,26,112,102,29,1,15,10,8,0,11,0.284693
Nick Castellanos,147,637,588,150,22,74,84,38,6,6,0.255788
Enrique Hernández,68,294,267,62,8,33,34,22,2,1,0.230983
Rafael Marchán,36,141,125,29,3,15,14,12,3,1,0.234619
Jerar Encarnacion,84,364,328,79,14,40,48,30,2,3,0.24012
Victor Scott II,63,273,248,57,4,30,25,17,3,16,0.229647
Jake Mangum,36,154,144,38,2,17,16,7,2,4,0.264448
Coby Mayo,29,126,112,26,5,15,16,11,2,1,0.235744
Jorge Mateo,31,133,123,29,3,16,14,7,1,9,0.232807
Hunter Renfroe,86,371,336,80,13,41,45,30,2,1,0.237414
Jarred Kelenic,42,182,164,40,6,21,23,16,1,4,0.242231
Thomas Saggese,49,210,194,47,6,23,25,11,3,2,0.242255
Santiago Espinal,47,203,185,48,3,21,21,14,1,4,0.261268
Luis Matos,55,238,218,54,6,26,27,14,3,3,0.245827
Jhonkensy Noel,78,336,306,68,15,39,47,22,6,1,0.222689
Joey Gallo,53,231,195,35,11,26,26,33,2,2,0.178267
Jhonny Pereda,28,109,97,24,1,10,9,10,1,0,0.242911
Alan Roden,28,119,105,27,2,14,13,11,2,2,0.255181
Johnathan Rodriguez,34,147,132,32,5,17,18,13,1,1,0.244824
Tyler Freeman,24,105,92,23,2,13,11,7,4,3,0.253407
Cole Young,34,147,130,30,2,16,14,13,2,3,0.229457
Eloy Jiménez,44,189,174,46,6,20,24,13,1,1,0.263425
Orelvis Martinez,52,224,203,44,9,25,29,16,3,1,0.215958
Zach McKinstry,47,203,183,43,4,22,18,16,2,7,0.233257
Javier Sanoja,52,224,206,55,2,21,21,14,1,5,0.264288
Luisangel Acuña,39,168,156,39,3,21,16,10,1,8,0.246509
Brett Wisely,34,147,132,32,3,17,15,12,1,3,0.239547
Ezequiel Duran,39,168,157,39,4,18,19,9,2,3,0.249603
Tommy Pham,104,448,403,100,10,53,43,38,3,10,0.247648
Darell Hernaiz,26,112,102,26,2,12,11,7,1,2,0.252302
Ben Rice,34,144,125,28,7,18,20,15,2,2,0.225571
Miguel Rojas,26,112,103,26,2,12,11,7,1,2,0.255825
Addison Barger,26,112,100,24,3,13,13,10,1,1,0.239865
Colby Thomas,28,119,110,26,4,13,15,6,2,2,0.235528
Drew Romo,62,243,226,56,5,25,28,11,3,2,0.247371
Justyn-Henry Malloy,36,154,131,30,4,17,16,20,2,1,0.227637
Chase DeLauter,24,105,95,25,3,12,13,8,1,1,0.259246
Spencer Torkelson,47,203,178,40,8,25,25,21,2,1,0.224403
Jacob Melton,40,175,162,36,5,20,20,11,1,7,0.221082
David Fry,40,175,154,38,6,20,22,16,3,2,0.244106
Randal Grichuk,62,266,245,62,8,31,33,16,3,1,0.251827
Austin Barnes,36,141,125,27,2,14,12,13,2,2,0.21864
Joey Loperfido,42,182,164,37,5,21,21,13,3,4,0.224027
Nick Yorke,36,154,139,35,3,17,16,12,1,3,0.251432
Jack Suwinski,34,147,128,29,6,17,18,16,1,3,0.225199
Michael A. Taylor,39,168,153,33,5,18,16,12,1,5,0.215917
Ben Gamel,37,161,139,33,4,19,17,19,1,1,0.233407
Nick Loftin,29,126,112,28,2,14,13,11,1,2,0.247562
Liam Hicks,26,103,89,21,1,10,9,11,2,1,0.240564
James McCann,45,179,164,38,5,18,19,10,2,2,0.229032
Nick Allen,26,112,101,25,1,12,11,9,1,2,0.248927
Wilmer Flores,71,308,274,65,9,34,36,27,4,0,0.238188
Michael Toglia,131,567,502,114,26,69,75,58,3,8,0.226397
Will Benson,45,196,168,35,6,25,22,24,2,8,0.209955
Whit Merrifield,42,182,165,41,3,21,17,13,1,7,0.246954
Tirso Ornelas,81,350,318,77,9,38,38,27,3,3,0.241186
Stuart Fairchild,52,224,198,45,7,27,26,18,5,8,0.228679
Anthony Rizzo,68,294,259,59,9,32,33,25,8,1,0.229925
Adrian Del Castillo,29,119,107,26,3,14,15,10,1,0,0.239999
Joshua Palacios,26,112,101,26,3,13,13,8,1,2,0.258365
Andruw Monasterio,26,112,99,24,2,13,10,11,1,3,0.238697
J.D. Martinez,86,371,331,78,13,41,46,34,3,0,0.236139
Andy Ibáñez,45,196,180,43,4,21,20,13,2,2,0.241228
Emmanuel Rodriguez,15,63,52,11,2,9,7,10,1,1,0.21144
Austin Martin,28,119,102,25,1,14,11,13,3,4,0.2432
Christian Bethancourt,19,77,72,17,2,9,9,3,0,1,0.232624
Romy Gonzalez,21,91,84,21,3,11,12,5,1,4,0.254524
Vinny Capra,29,126,112,27,2,13,12,11,1,2,0.239686
Daniel Schneemann,31,133,117,26,3,14,13,14,1,2,0.220889
Taylor Trammell,18,77,67,14,3,9,9,8,1,2,0.215982
Kyle Farmer,62,266,242,61,7,29,29,16,6,3,0.250654
Michael Siani,68,294,262,56,4,32,24,26,2,13,0.214791
Hunter Goodman,78,326,300,72,15,39,48,19,4,2,0.238024
Luke Keaschall,13,56,49,12,1,7,6,5,1,1,0.249716
Nathan Lukes,15,63,57,15,1,7,7,5,1,1,0.268816
Max Schuemann,26,112,97,21,2,13,10,11,2,3,0.218233
Sam Hilliard,57,245,218,51,10,31,30,23,1,6,0.233736
Mitch Haniger,94,406,365,80,14,45,46,34,4,1,0.219353
David Hamilton,18,77,69,16,2,10,8,7,0,6,0.228469
Kevin Newman,52,224,207,51,3,23,19,12,2,5,0.244746
Eric Haase,32,128,117,25,5,14,17,9,1,1,0.21688
Leo Rivas,16,70,59,13,1,8,5,9,1,3,0.216452
Leo Jiménez,11,49,42,10,1,6,5,4,2,0,0.234991
Brett Baty,13,56,50,12,2,6,7,5,1,0,0.238722
Elias Díaz,78,307,283,64,8,29,33,20,2,0,0.226472
Mark Canha,36,154,132,32,3,17,15,15,5,2,0.242025
Nelson Velázquez,29,126,113,26,5,15,16,11,1,2,0.230273
Drew Waters,19,84,75,18,2,11,9,7,1,3,0.236977
Tyler Locklear,23,98,86,19,3,11,11,8,2,1,0.223538
Sean Bouchard,36,154,134,33,5,19,19,16,2,3,0.24445
Vaughn Grissom,11,49,44,11,1,6,5,4,1,1,0.262566
Blake Sabol,15,58,51,12,1,6,7,5,1,1,0.237963
Jordan Beck,94,406,367,90,11,45,45,34,2,9,0.244573
Drew Millas,11,45,40,10,1,5,5,4,0,1,0.242011
Dominic Canzone,13,56,51,12,2,7,7,4,0,1,0.241076
Adam Frazier,53,231,209,51,3,25,20,17,3,4,0.243789
Deyvison De Los Santos,81,350,329,82,15,40,45,16,3,1,0.250589
Henry Davis,18,72,63,14,2,8,8,7,2,1,0.22866
Hao-Yu  Lee,10,42,38,10,1,5,4,3,0,1,0.253496
Curtis Mead,16,70,63,16,2,8,8,5,1,1,0.257357
Chadwick Tromp,13,51,47,11,1,5,5,4,0,0,0.228445
Matt Mervis,92,399,356,81,14,42,47,34,6,2,0.22779
Matt Thaiss,28,109,94,20,2,11,10,13,1,1,0.212911
Tom Murphy,36,146,129,29,4,15,15,14,1,1,0.222408
Gage Workman,16,70,64,14,2,8,8,5,0,2,0.221982
Jared Serna,23,98,89,21,2,11,10,6,1,2,0.231191
Max Muncy,13,56,51,12,1,6,6,4,1,1,0.229239
Logan Driscoll,8,32,29,7,1,3,3,2,0,0,0.233291
David Peralta,50,217,197,49,5,22,23,16,2,1,0.246202
Korey Lee,47,186,174,38,6,19,19,10,1,3,0.22123
Ronny Mauricio,11,49,46,11,2,6,6,3,0,1,0.240991
Jacob Stallings,75,294,260,60,6,28,31,27,5,1,0.229564
Griffin Conine,75,322,288,64,11,34,38,28,3,0,0.220671
Tim Anderson,24,105,99,26,1,11,8,4,1,2,0.259538
Billy Cook,21,91,83,19,3,10,10,6,1,3,0.230796
Casey Schmitt,11,49,45,11,1,5,6,3,1,1,0.243033
Sam Huff,11,45,41,9,1,4,5,3,0,0,0.221743
Grant McCray,28,119,108,24,3,14,13,9,1,4,0.223524
DaShawn Keirsey Jr.,11,49,45,11,1,5,5,3,1,2,0.243982
Manuel Margot,13,56,51,13,1,6,6,4,0,1,0.261212
Buddy Kennedy,11,49,43,10,1,6,5,5,1,0,0.235425
Brandon Drury,58,252,230,53,8,26,28,17,3,1,0.22988
Max Acosta,15,63,58,15,1,7,6,4,1,2,0.249701
Noelvi Marte,36,154,142,34,4,17,16,9,1,5,0.241933
Kameron Misner,13,56,49,10,1,6,6,6,0,2,0.20437
Eric Wagaman,34,147,135,34,4,16,16,10,1,2,0.247959
Dylan Carlson,8,35,31,7,1,4,4,3,1,0,0.238622
Myles Straw,16,70,63,14,0,7,5,6,0,3,0.22783
Shay Whitcomb,8,35,32,7,1,4,4,2,0,1,0.230362
J.C. Escarra,8,32,29,6,1,4,3,3,0,0,0.223631
Luis Guillorme,10,42,37,9,0,4,3,5,0,1,0.243097
Vidal Bruján,26,112,100,23,2,13,10,9,1,4,0.22639
Victor Mesa Jr.,23,98,90,21,2,10,10,6,1,1,0.229655
Adam Duvall,36,154,141,30,6,16,20,10,2,1,0.209234
Jeferson Quero,6,26,23,5,1,3,3,2,0,0,0.229252
Juan Yepez,23,98,89,22,3,11,12,8,1,1,0.247721
Marcelo Mayer,6,28,26,6,1,3,3,2,0,1,0.244283
Robbie Grossman,28,119,102,22,2,13,11,15,1,1,0.221008
Joey Wiemer,34,147,131,28,3,16,14,14,1,4,0.217698
Cal Stevenson,10,42,36,8,1,5,4,6,0,2,0.226555
Tyler Wade,24,105,94,21,1,13,8,8,1,6,0.224651
Jose Herrera,19,77,68,15,1,8,6,7,0,0,0.222065
Austin Shenton,8,35,31,7,1,4,4,4,0,0,0.214888
Brandon Lockridge,10,42,38,9,1,5,4,4,0,2,0.23599
Kevin Alcántara,11,49,45,11,1,5,5,3,0,1,0.237862
Weston Wilson,19,84,75,16,3,10,10,8,0,2,0.219704
Bryan Ramos,28,119,109,25,4,12,13,8,2,1,0.225759
J.D. Davis,26,112,100,22,3,11,12,10,1,0,0.223889
Jonatan Clase,8,35,31,7,1,4,4,3,0,2,0.22047
Brett Harris,5,21,18,4,0,2,2,2,0,0,0.225587
Luken Baker,29,126,111,24,5,13,17,13,1,0,0.215367
Bryan De La Cruz,26,112,104,26,4,12,14,7,1,1,0.247243
Oscar Colás,44,189,172,41,5,20,20,14,2,3,0.236893
Tyler Gentry,8,35,31,7,1,4,4,3,0,0,0.233904
Miles Mastrobuoni,6,28,25,6,0,3,2,3,0,1,0.234235
Jair Camargo,5,19,18,4,1,2,2,1,0,0,0.215563
Nacho Alvarez Jr.,5,21,19,5,0,2,2,2,0,0,0.246038
Jimmy Crooks,3,13,11,3,0,1,1,1,0,0,0.242498
Zach Dezenzo,5,21,19,5,1,3,3,2,0,0,0.245126
Riley Adams,29,115,103,23,3,11,13,9,2,1,0.221236
Travis Bazzana,36,154,139,28,3,16,15,12,2,2,0.199902
Yuli Gurriel,13,56,51,13,1,6,6,5,0,1,0.253962
Jason Delay,5,19,17,4,0,2,2,1,0,0,0.232587
Owen Caissie,8,35,31,7,1,4,4,3,0,0,0.238193
Michael Helman,15,63,57,13,2,7,7,5,1,2,0.22557
Tomás Nido,5,19,18,4,0,2,2,1,0,0,0.235163
Jon Singleton,19,84,72,15,3,9,9,11,0,0,0.210876
Everson Pereira,6,28,26,6,1,3,4,2,0,1,0.234248
James Outman,3,14,12,3,0,2,2,1,0,0,0.220417
Wade Meckler,3,14,13,3,0,2,1,1,0,0,0.266007
Brewer Hicklen,6,28,25,5,1,3,4,3,1,1,0.203266
Liover Peguero,6,28,26,6,1,3,3,2,0,1,0.235471
Luke Ritter,5,21,18,4,1,2,2,2,0,0,0.195267
Brady House,8,35,33,7,1,4,4,2,0,0,0.229349
Graham Pauley,21,91,82,18,2,10,10,7,1,1,0.223924
Ji Hwan Bae,3,14,13,3,0,2,1,1,0,1,0.257544
Hunter Feduccia,5,19,17,4,0,2,2,2,0,0,0.217746
Nick Kurtz,8,35,32,8,1,4,3,2,0,0,0.253041
Keston Hiura,5,21,19,5,1,3,3,2,0,0,0.251596
Joe Mack,3,13,12,3,0,1,1,1,0,0,0.219515
Luke Williams,8,35,32,7,1,4,4,3,0,2,0.225981
Yonathan Perlaza,3,14,12,3,0,2,2,1,0,0,0.232955
Matt Koperniak,5,21,19,5,0,2,2,1,0,0,0.250925
Oscar Gonzalez,6,28,26,7,1,3,4,1,0,0,0.252364
Jorbit Vivas,3,14,12,3,0,2,1,1,0,0,0.222071
Pedro León,6,28,25,5,1,3,3,2,1,1,0.214346
Rowdy Tellez,5,21,19,4,1,2,3,2,0,0,0.235476
Dominic Fletcher,18,77,70,17,1,8,7,5,1,0,0.236392
Nasim Nuñez,5,21,18,4,0,2,1,2,0,1,0.219424
Adael Amador,8,35,31,8,1,4,4,3,0,1,0.241964
Cavan Biggio,5,21,18,4,0,2,2,3,0,0,0.210868
Enmanuel Valdez,3,14,13,3,0,2,2,1,0,0,0.233149
Petey Halpin,6,28,25,6,1,3,3,2,0,0,0.221411
Tim Tawa,5,21,19,4,1,2,2,1,0,0,0.226814
Andrew McCutchen,105,455,393,90,14,52,48,54,5,5,0.227743
Greg Jones,15,63,57,13,2,8,7,4,1,4,0.233659
Nick Maton,3,14,12,3,0,2,1,2,0,0,0.219446
Kody Clemens,5,21,19,4,1,3,3,1,0,0,0.227744
Eli White,5,21,19,4,0,3,2,2,0,1,0.227831
César Salazar,2,6,6,1,0,1,1,1,0,0,0.215963
Trey Lipscomb,8,35,33,8,0,3,3,2,0,1,0.242517
Brice Matthews,3,14,12,3,0,2,2,1,0,1,0.21018
Seby Zavala,3,13,11,2,0,1,1,1,0,0,0.198859
Scott Kingery,6,28,26,5,1,3,3,2,0,1,0.215052
Jakob Marsee,5,21,18,4,0,2,2,2,0,1,0.204778
Nick Pratto,19,84,74,16,2,10,9,8,1,1,0.221336
Blake Dunn,3,14,12,3,0,2,1,1,0,1,0.229025
Reese McGuire,3,13,12,3,0,1,1,1,0,0,0.217654
Andrés Chaparro,6,28,25,6,1,3,3,2,0,0,0.241721
Omar Narváez,5,19,17,4,0,2,2,2,0,0,0.217343
Alexander Canario,6,28,25,5,1,3,4,2,0,0,0.209498
Jakson Reetz,2,6,6,1,0,1,1,1,0,0,0.202183
Isaac Collins,2,7,6,1,0,1,1,1,0,0,0.222393
Jacob Hurtubise,3,14,12,3,0,2,1,1,0,1,0.240364
Curt Casali,3,13,11,2,0,1,1,1,0,0,0.216934
Jacob Amaya,3,14,13,3,0,1,1,1,0,0,0.216141
Luke Maile,5,19,17,4,0,2,2,2,0,0,0.213234
Pablo Reyes,2,7,6,2,0,1,1,1,0,0,0.238512
Kevin Pillar,6,28,26,6,1,3,3,1,1,1,0.2284
Darren Baker,6,28,26,7,0,3,2,2,0,1,0.254566
Bryce Eldridge,21,91,82,20,3,10,11,7,1,1,0.237965
Mike Brosseau,3,14,13,3,0,1,2,1,0,0,0.217231
Jahmai Jones,2,7,6,1,0,1,1,1,0,0,0.226667
Travis Jankowski,5,21,19,4,0,2,2,2,0,1,0.232898
David Bañuelos,2,6,6,1,0,1,1,0,0,0,0.200975
Mason McCoy,3,14,13,3,0,1,1,1,0,0,0.201768
Dominic Smith,10,42,38,9,1,4,4,3,1,0,0.235834
José Fermín,2,7,6,1,0,1,1,1,0,0,0.236873
Gustavo Campero,2,7,6,2,0,1,1,0,0,0,0.242285
Jonathan Ornelas,3,14,13,3,0,1,1,1,0,0,0.227479
Jorge Barrosa,2,7,6,1,0,1,1,1,0,0,0.232637
Owen Miller,2,7,6,2,0,1,1,0,0,0,0.263117
Nicky Lopez,2,7,6,2,0,1,0,1,0,0,0.243826
Garrett Stubbs,5,19,17,4,0,2,2,2,0,0,0.209952
Nick Sogard,2,7,6,1,0,1,1,1,0,0,0.241237
Niko Kavadas,3,14,12,2,1,2,2,2,0,0,0.196592
Austin Wynns,2,6,6,1,0,1,1,0,0,0,0.229685
Ryan Kreidler,2,7,6,1,0,1,1,1,0,0,0.19752
Cooper Hummel,2,7,6,1,0,1,1,1,0,0,0.215409
Brett Sullivan,2,6,6,1,0,1,1,0,0,0,0.223678
Justin Foscue,2,7,6,1,0,1,1,1,0,0,0.224825
Osleivis Basabe,2,7,6,2,0,1,1,0,0,0,0.249341
Chuckie Robinson,2,6,6,1,0,1,1,0,0,0,0.216914
Dom Nuñez,3,13,11,2,0,1,1,1,0,0,0.178053
Cooper Bowman,2,7,6,1,0,1,1,1,0,0,0.221471
Ryan Noda,2,7,6,1,0,1,1,1,0,0,0.197394
DJ Stewart,8,35,30,6,1,4,4,4,1,0,0.214131
Braden Shewmake,2,7,7,1,0,1,1,0,0,0,0.219656
Carlos D. Rodriguez,2,7,6,2,0,1,1,1,0,0,0.260318
Blake Hunt,2,6,6,1,0,1,1,0,0,0,0.19907
Steward Berroa,2,7,6,1,0,1,1,1,0,0,0.220589
René Pinto,2,6,6,1,0,1,1,0,0,0,0.215214
CJ Alexander,2,7,7,1,0,1,1,0,0,0,0.227289
Matthew Lugo,2,7,6,1,0,1,1,0,0,0,0.230851
Dustin Harris,5,21,19,4,0,2,2,2,0,1,0.232941
Grae Kessinger,13,56,50,11,1,6,5,5,0,1,0.214917
Tyler Callihan,2,7,6,1,0,1,1,0,0,0,0.225982
Marco Luciano,15,63,56,12,1,7,6,6,0,1,0.219799
Nick Ahmed,2,7,7,1,0,1,1,0,0,0,0.21502
Jake Bauers,6,28,24,5,1,3,3,3,0,1,0.202086
Tucker Barnhart,2,6,6,1,0,1,0,1,0,0,0.200337
Gavin Sheets,19,84,76,18,2,8,9,7,1,0,0.234845
Garrett Cooper,2,7,6,1,0,1,1,1,0,0,0.235872
Miguel Sanó,10,42,37,8,2,5,5,4,0,0,0.209651
Stone Garrett,2,7,6,1,0,1,1,1,0,0,0.224747
Darick Hall,21,91,82,18,3,9,10,7,1,0,0.224557
Trey Mancini,3,14,13,3,0,1,1,1,0,0,0.230708
Aledmys Díaz,13,56,52,12,1,5,6,3,1,0,0.226938
Tim Elko,6,28,26,6,1,3,3,1,0,0,0.23933
Blaze Alexander,29,126,113,26,2,13,13,9,2,2,0.227559
Matt Duffy,13,56,51,12,1,5,5,4,1,0,0.23336
Zac Veen,31,133,119,28,3,15,14,11,1,6,0.235182
Billy Hamilton,3,14,13,2,0,1,1,1,0,0,0.190645
Martín Maldonado,8,32,29,5,1,3,3,2,0,0,0.172999
Robert Hassell III,24,105,95,21,1,10,9,8,1,2,0.22043
Kris Bryant,110,476,422,103,13,53,53,42,9,1,0.245028
Jac Caglianone,15,63,59,12,1,6,6,3,1,1,0.208746
