Name,Team,Position,Status,Age,HittingTeamId,OriginalSalary,AdjustedSalary,AuctionSalary,G,PA,AB,H,HR,R,RBI,BB,HBP,SB,AVG
Jackson Chourio,MIL,OF,BLUE,20,,24.76202596,29.1262974,13,149,644,591,158,24,88,84,44,4,27,0.268252
Mookie Betts,LAD,"SS,OF",FA,32,,32.98550604,40.08868107,,157,679,583,163,28,109,94,84,7,15,0.280158
Manny Machado,SD,3B,FA,32,,23.82171517,28.88984312,,154,665,605,161,30,84,101,53,2,8,0.26609
Christian Walker,HOU,1B,BLUE,33,,16.18267476,19.17748473,9,151,651,571,136,31,83,97,65,9,5,0.237277
Anthony Volpe,NYY,SS,FA,23,,11.89121671,14.30988154,,157,679,611,147,18,83,75,55,7,28,0.241128
Freddie Freeman,LAD,1B,FA,35,,28.66568077,34.80953144,,154,665,576,168,24,97,92,74,9,11,0.292184
Corey Seager,TEX,SS,FA,30,,16.6020456,20.06686684,,126,546,481,136,28,79,80,55,5,2,0.282237
Ian Happ,CHC,OF,FA,30,,13.78500732,16.62423533,,156,672,581,143,23,88,80,79,7,12,0.24698
Wyatt Langford,TEX,OF,FA,23,,20.08006967,24.31727243,,143,616,548,147,22,83,85,59,5,19,0.267802
Spencer Steer,CIN,"1B,OF",FA,27,,0.734104436,0.675055731,,117,504,441,109,17,61,65,52,7,13,0.246654
Bryan Reynolds,PIT,OF,FA,30,,13.45939804,16.22631643,,149,644,573,151,22,80,80,57,9,8,0.264151
Matt McLain,CIN,"2B,SS",BLUE,25,,15.68838219,18.59732901,11.5,138,595,523,135,23,82,79,59,9,18,0.257194
Randy Arozarena,SEA,OF,FA,30,,13.10204608,15.78960561,,152,658,569,137,22,82,77,68,16,22,0.240969
Maikel Garcia,KC,"2B,3B",BLUE,25,,4.373903747,5.104252947,4,138,595,541,140,8,73,56,45,2,30,0.258191
Nick Castellanos,PHI,OF,FA,33,,10.36220399,12.44131362,,147,637,588,150,22,74,84,38,6,6,0.255788
Jeremy Pena,HOU,SS,BLUE,27,,11.76753091,13.96804559,3,157,679,627,163,18,79,76,36,11,17,0.260505
Christopher Morel,TB,"2B,3B",FA,25,,-1.282228965,-1.789054518,,117,504,448,104,22,61,66,47,5,9,0.231937
Lawrence Butler,ATH,OF,FA,24,,19.03300233,23.03767781,,149,644,585,148,26,87,80,51,2,20,0.25302
Brice Turang,MIL,2B,BLUE,25,,4.220157836,4.918044484,3,134,581,523,133,10,67,55,50,2,36,0.253569
Eugenio Suarez,ARI,3B,FA,33,,2.010459587,2.234857203,,141,609,537,125,23,70,78,56,10,2,0.233465
Cody Bellinger,NYY,"1B,OF",BLUE,29,,15.42369584,18.28634844,16,139,602,543,141,23,79,85,47,4,12,0.259534
Andres Gimenez,TOR,2B,FA,26,,10.12441802,12.15072137,,147,637,579,153,14,71,70,33,18,27,0.264814
Yainer Diaz,HOU,C,FA,26,,15.99073602,19.3198008,,143,574,539,151,21,68,81,25,4,1,0.279809
Brandon Nimmo,NYM,OF,FA,31,,4.212510772,4.925928477,,134,581,502,126,17,76,67,65,10,8,0.25161
Taylor Ward,LAA,OF,FA,31,,9.767068967,11.7140141,,149,644,567,142,23,79,78,63,8,6,0.249987
George Springer,TOR,OF,FA,35,,6.33427597,7.518884268,,141,609,543,131,20,76,70,56,6,14,0.242127
Jose Caballero,TB,"2B,3B,SS",FA,28,,-19.82195862,-24.44599103,,66,287,254,57,6,33,28,23,7,25,0.225179
Nolan Arenado,STL,3B,FA,33,,9.930466384,11.91369797,,152,658,599,156,22,72,86,47,6,3,0.260512
Xander Bogaerts,SD,"2B,SS",FA,32,,8.323524018,9.949894189,,149,644,580,154,17,74,71,52,6,13,0.265625
Gleyber Torres,DET,2B,FA,28,,5.717751085,6.765444739,,152,658,583,151,18,79,64,64,4,9,0.25896
Nolan Gorman,STL,2B,FA,24,,-1.026637539,-1.476702676,,113,490,440,100,25,61,68,44,3,6,0.226945
Pete Crow-Armstrong,CHC,OF,FA,22,,9.158005325,10.96969277,,130,560,512,126,16,72,68,33,8,30,0.246324
Jonathan India,KC,2B,FA,28,,1,1,,139,602,514,129,13,79,57,66,15,12,0.250854
Willi Castro,MIN,"2B,3B,SS,OF",FA,27,,2.247775765,2.524875325,,139,602,538,131,13,74,61,43,15,19,0.244105
Junior Caminero,TB,3B,FA,21,,15.00444381,18.11447794,,146,630,581,152,27,75,91,40,5,4,0.261316
Tommy Edman,LAD,"OF,UT",FA,29,,10.00954597,12.01033914,,141,609,555,140,15,78,69,42,6,25,0.252573
Lane Thomas,CLE,OF,FA,29,,9.495662863,11.38233554,,139,602,539,131,19,75,71,50,7,24,0.242669
Vinnie Pasquantino,KC,1B,FA,27,,13.85167507,16.70570831,,146,630,559,148,25,75,90,58,6,2,0.265721
Salvador Perez,KC,"C,1B",FA,34,,15.5447948,18.77482727,,149,612,563,147,26,66,88,33,11,0,0.260858
Dylan Moore,SEA,"2B,3B,SS,OF",FA,32,,-13.15364356,-16.2968112,,94,406,346,72,11,49,40,45,11,25,0.207882
Wilyer Abreu,BOS,OF,FA,25,,-3.247114914,-4.190292132,,110,476,418,102,16,60,59,51,3,9,0.243346
Tyler Fitzgerald,SF,SS,FA,27,,5.655151198,6.688942994,,136,588,536,125,20,73,73,39,9,19,0.233973
Logan O'Hoppe,LAA,C,FA,25,,-0.307074104,-0.597342332,,115,461,413,100,20,54,58,37,7,3,0.240968
Jake Cronenworth,SD,"1B,2B",FA,31,,-2.063148282,-2.743396341,,144,623,549,132,15,71,69,56,12,4,0.240274
Xavier Edwards,MIA,SS,FA,25,,6.127515337,7.266207308,,136,588,523,149,5,72,48,54,2,32,0.284852
Brendan Donovan,STL,"2B,OF",FA,28,,5.030794701,5.925932649,,138,595,524,146,13,73,63,54,12,6,0.279006
Michael Busch,CHC,1B,FA,27,,0.293371889,0.136447589,,128,553,485,116,20,71,69,58,7,2,0.239865
Thairo Estrada,COL,2B,FA,29,,-0.752239233,-1.14136742,,115,497,461,122,15,60,60,23,9,10,0.264726
Carlos Santana,CLE,1B,FA,38,,-3.450491788,-4.438833886,,136,588,514,117,20,64,70,66,4,3,0.227683
Rhys Hoskins,MIL,1B,FA,31,,1.183135805,1.223805653,,131,567,496,110,26,67,77,60,6,3,0.222518
Jake McCarthy,ARI,OF,FA,27,,3.093482297,3.558391971,,120,518,466,124,9,64,57,37,10,26,0.266401
Zack Gelof,ATH,2B,FA,25,,7.322652635,8.726754488,,146,630,571,131,22,73,73,50,4,25,0.229471
Andrew Vaughn,CHW,1B,FA,26,,5.572477414,6.587909446,,144,623,568,145,23,66,80,43,8,1,0.25498
Heliot Ramos,SF,OF,FA,25,,7.734311524,9.229832445,,139,602,547,137,22,72,78,45,5,7,0.25127
Mike Trout,LAA,OF,FA,33,,12.53900283,15.10152464,,120,518,446,114,28,77,73,61,7,9,0.254968
Kerry Carpenter,DET,OF,FA,27,,3.108252199,3.576441896,,115,497,451,115,22,60,74,35,7,3,0.254986
Jorge Soler,LAA,"OF,UT",FA,33,,5.248470327,6.191948548,,133,574,500,116,27,75,76,64,6,1,0.231125
Yandy Diaz,TB,1B,FA,33,,12.78710911,15.40472907,,152,658,580,167,18,83,72,66,6,1,0.287771
Garrett Mitchell,MIL,OF,FA,26,,-0.2377712,-0.512648998,,110,476,422,102,15,60,60,46,5,20,0.242181
JJ Bleday,ATH,OF,FA,27,,4.697376388,5.51847053,,152,658,573,130,24,79,77,77,4,5,0.227723
Spencer Horwitz,PIT,"1B,2B",FA,27,,-10.4910292,-13.04289727,,102,441,378,102,10,53,47,53,6,2,0.270251
Tyler O'Neill,BAL,OF,BLUE,29,,2.038065594,2.266798031,12,110,476,419,101,24,64,66,48,6,6,0.240829
Jesus Sanchez,MIA,OF,FA,27,,5.348290854,6.3139367,,125,539,486,125,21,63,71,45,5,10,0.256441
Trevor Story,BOS,SS,FA,32,,1,1,,141,609,548,123,17,68,68,50,7,23,0.22526
Carlos Correa,MIN,SS,FA,30,,5.833814547,6.907282972,,130,560,491,132,20,74,69,60,5,1,0.269366
Joc Pederson,TEX,UT,FA,32,,0.701771996,0.63554307,,105,455,390,98,22,61,66,51,11,5,0.250645
Luis Arraez,SD,"1B,2B",FA,27,,10.36184965,12.44088059,,151,651,603,185,8,81,60,37,6,7,0.306484
Tyler Stephenson,CIN,C,FA,28,,1,1,,121,490,436,112,15,59,61,45,6,1,0.257764
Jonathan Aranda,TB,1B,FA,26,,-14.3341393,-17.7394653,,81,350,305,78,12,44,45,35,6,1,0.256587
Josh Bell,WSH,1B,FA,32,,0.291392655,0.134028816,,134,581,514,129,20,64,70,58,4,1,0.250053
Keibert Ruiz,WSH,C,FA,26,,-3.082057144,-3.98857919,,122,480,446,112,15,49,57,25,5,3,0.251453
J.T. Realmuto,PHI,C,FA,33,,3.542882086,4.107592131,,126,501,454,114,17,59,62,35,9,8,0.251692
Connor Wong,BOS,C,FA,28,,-10.19326765,-12.67901039,,94,371,341,85,10,42,42,22,5,6,0.250213
Trey Sweeney,DET,SS,FA,24,,-20.68243142,-25.49755316,,81,350,315,70,9,40,36,29,3,9,0.222999
Byron Buxton,MIN,OF,FA,31,,7.478173481,8.916812595,,118,511,461,112,25,72,74,37,10,8,0.242244
Nolan Schanuel,LAA,1B,FA,23,,-2.453594224,-3.22055049,,128,553,474,121,14,65,57,65,8,8,0.255479
Jacob Young,WSH,OF,FA,25,,-0.430839879,-0.748593366,,134,581,524,131,5,69,49,37,10,32,0.248955
Ryan Jeffers,MIN,C,FA,27,,-6.005988917,-7.561842542,,100,403,356,84,17,47,52,34,9,2,0.234913
Daulton Varsho,TOR,OF,FA,28,,4.614966378,5.417759333,,138,595,534,119,23,74,75,52,5,13,0.223706
Giancarlo Stanton,NYY,UT,FA,35,,-5.903443018,-7.436523783,,97,420,376,86,25,49,66,40,2,0,0.22905
Matt Vierling,DET,"3B,OF",FA,28,,-10.01276204,-12.45841903,,110,476,431,109,11,56,47,38,4,6,0.25295
Luke Raley,SEA,"1B,OF",FA,30,,-1.939450967,-2.592228968,,112,483,428,100,20,59,63,33,18,10,0.23436
Jo Adell,LAA,OF,BLUE,25,,0.543459383,0.441725159,3,112,483,436,98,23,60,68,36,7,13,0.225957
Ke'Bryan Hayes,PIT,3B,FA,28,,-1.667493892,-2.259877079,,136,588,538,137,11,64,59,41,4,15,0.2541
Jeimer Candelario,CIN,"1B,3B",FA,31,,-1.478874134,-2.029369625,,120,518,466,113,20,61,68,40,8,4,0.242239
Colt Keith,DET,2B,FA,23,,1.421141955,1.514666973,,126,546,494,129,16,67,69,45,3,4,0.261548
Orlando Arcia,ATL,SS,FA,30,,-5.668229461,-7.149075221,,138,595,541,127,17,63,66,44,3,2,0.233869
Ryan O'Hearn,BAL,"1B,OF",FA,31,,-6.199784283,-7.798674976,,94,406,369,99,15,50,54,31,3,3,0.267315
Matt Wallner,MIN,OF,FA,27,,0.640697453,0.56090541,,120,518,448,106,22,66,67,52,14,5,0.236299
Brandon Marsh,PHI,OF,FA,27,,0.793895408,0.74812477,,125,539,475,117,15,64,63,55,4,16,0.247237
Andrew Benintendi,CHW,OF,FA,30,,-7.899147589,-9.875424058,,107,462,415,108,12,53,50,40,2,6,0.261019
J.D. Martinez,(N/A),UT,FA,37,,-17.63473179,-21.77303623,,86,371,331,78,13,41,46,34,3,0,0.236139
Austin Wells,NYY,C,FA,25,,-3.353145299,-4.319869194,,117,462,407,94,17,52,59,45,6,4,0.230171
Brandon Lowe,TB,2B,FA,30,,5.376934802,6.348941746,,123,532,471,113,25,72,74,50,7,6,0.240447
Nick Gonzales,PIT,2B,FA,25,,-5.867764346,-7.392921776,,117,504,456,120,10,58,59,35,8,5,0.262205
Joey Ortiz,MIL,3B,FA,26,,3.529158449,4.090820819,,146,630,561,140,14,74,71,55,6,12,0.250247
TJ Friedl,CIN,OF,FA,29,,4.75121238,5.58426214,,131,567,499,124,17,71,66,48,12,16,0.247811
Jake Meyers,HOU,OF,FA,28,,-10.15306479,-12.62987949,,105,455,410,98,12,51,52,33,7,9,0.237968
Sal Frelick,MIL,OF,FA,24,,-9.31077366,-11.60053671,,104,448,405,108,6,53,43,35,5,13,0.267336
Jonah Heim,TEX,C,FA,29,,-16.00745642,-19.78438399,,84,333,305,71,10,35,40,23,2,1,0.232566
Josh Rojas,CHW,3B,FA,30,,-20.88740696,-25.7480486,,79,343,304,73,7,39,31,33,2,9,0.239509
Christian Encarnacion-Strand,CIN,1B,FA,25,,-9.084106745,-11.32353279,,84,364,334,86,16,45,55,23,5,2,0.257304
Lars Nootbaar,STL,OF,FA,27,,2.493228082,2.824836418,,125,539,460,115,19,69,63,71,2,9,0.249277
Mike Yastrzemski,SF,OF,FA,34,,-8.197422181,-10.23993792,,115,497,441,99,17,60,57,47,6,4,0.2237
Mickey Moniak,LAA,OF,FA,26,,-20.67231141,-25.48518574,,68,294,275,64,11,33,36,14,3,5,0.233586
Sean Murphy,ATL,C,FA,30,,-10.5543294,-13.12025486,,92,365,319,75,14,42,47,35,8,0,0.233988
Andrew McCutchen,PIT,UT,FA,38,,-13.42712961,-16.63103161,,105,455,393,90,14,52,48,54,5,5,0.227743
Kyle Stowers,MIA,OF,FA,27,,-9.817317682,-12.2195714,,107,462,412,95,17,51,58,39,7,2,0.23114
Kyle Isbel,KC,OF,FA,28,,-1.629467013,-2.213405388,,126,546,495,120,12,70,57,37,6,15,0.241897
Jung Hoo Lee,SF,OF,FA,26,,6.099803439,7.232341295,,143,616,562,161,11,68,69,45,5,6,0.286612
Gavin Lux,CIN,2B,FA,27,,-7.102131839,-8.901411191,,113,490,434,112,11,61,51,49,3,6,0.25823
Michael Conforto,LAD,OF,FA,32,,-2.623182801,-3.427800416,,115,497,439,104,20,59,69,48,7,2,0.238061
Nolan Jones,COL,OF,FA,26,,1.08512539,1.104029595,,120,518,449,115,16,63,63,61,5,11,0.255586
Seth Brown,ATH,"1B,OF",FA,32,,-15.79062391,-19.51939845,,78,336,308,73,15,36,45,24,2,4,0.237885
Tyler Soderstrom,ATH,1B,FA,23,,-4.553248105,-5.786484597,,122,522,473,108,23,56,69,39,5,1,0.227614
Tommy Pham,PIT,OF,FA,36,,-11.11703416,-13.80792216,,104,448,403,100,10,53,43,38,3,10,0.247648
Caleb Durbin,MIL,"2B,3B",FA,25,,-27.73505729,-34.11638955,,49,210,184,44,4,25,22,18,5,10,0.23759
Hyeseong Kim,LAD,2B,FA,26,,-10.64508352,-13.23116318,,92,399,369,103,5,46,40,24,2,16,0.279204
J.P. Crawford,SEA,SS,FA,30,,-6.599929785,-8.287682713,,141,609,526,126,12,71,55,71,7,5,0.240074
Bo Naylor,CLE,C,FA,25,,-5.824969238,-7.340622953,,110,435,381,84,16,52,52,47,3,7,0.219784
Edouard Julien,MIN,2B,FA,25,,-22.99644786,-28.32545435,,71,308,261,60,8,38,31,43,2,5,0.22819
Johan Rojas,PHI,OF,FA,24,,-17.51412891,-21.62565049,,73,315,292,72,5,38,31,15,4,19,0.247226
Alex Verdugo,(N/A),OF,FA,28,,-18.09730433,-22.33833447,,81,350,317,81,8,42,37,27,2,2,0.254745
Jake Rogers,DET,C,FA,29,,-12.96481624,-16.06605008,,97,384,348,74,14,44,45,29,4,2,0.211929
Trevor Larnach,MIN,OF,FA,28,,-5.679451984,-7.162789983,,109,469,411,99,16,59,60,50,4,3,0.241163
Gabriel Moreno,ARI,C,FA,25,,3.721259299,4.325582428,,128,507,449,127,10,58,59,49,4,6,0.282865
Ivan Herrera,STL,C,FA,24,,-8.210733078,-10.25620483,,100,398,343,87,9,48,43,46,5,6,0.254032
MJ Melendez,KC,"OF,UT",FA,26,,-4.602119006,-5.846208494,,113,490,437,103,19,58,61,47,3,5,0.235405
Jeff McNeil,NYM,"2B,OF",FA,32,,-5.764377663,-7.266575516,,123,532,481,128,10,60,55,35,11,5,0.265819
Hunter Renfroe,KC,OF,FA,33,,-16.43806587,-20.31062096,,86,371,336,80,13,41,45,30,2,1,0.237414
Otto Lopez,MIA,2B,FA,26,,-6.713123395,-8.426013771,,112,483,444,122,6,54,46,31,4,16,0.275458
Jhonkensy Noel,CLE,"OF,UT",FA,23,,-17.07973859,-21.09479302,,78,336,306,68,15,39,47,22,6,1,0.222689
Jacob Wilson,ATH,SS,FA,22,,1.410579942,1.501759402,,128,553,507,145,9,71,59,32,7,4,0.286558
LaMonte Wade Jr.,SF,1B,FA,31,,-9.288136589,-11.57287252,,113,490,412,100,14,62,47,67,6,3,0.241833
Jorge Polanco,SEA,2B,FA,31,,-7.088525271,-8.884782946,,126,546,482,108,19,60,62,56,4,5,0.224439
Masataka Yoshida,BOS,UT,FA,31,,-8.785271311,-10.95833353,,92,399,359,102,11,47,50,30,7,3,0.282644
Chas McCormick,HOU,OF,FA,29,,-6.504452426,-8.171002237,,104,448,399,96,14,53,54,36,7,13,0.241134
Patrick Bailey,SF,C,FA,25,,-6.395443092,-8.037784677,,128,506,455,108,12,54,52,42,3,4,0.236379
Brayan Rocchio,CLE,SS,FA,24,,-5.144520738,-6.509063985,,130,560,496,120,10,67,56,50,8,13,0.242784
Mitch Garver,SEA,C,FA,34,,-19.61241489,-24.18991292,,78,323,279,57,12,33,36,37,4,0,0.20339
Jake Fraley,CIN,OF,FA,29,,-4.882423837,-6.188761965,,104,448,398,101,12,51,51,42,5,19,0.254012
Starling Marte,NYM,OF,FA,36,,-19.42229528,-23.95757253,,63,273,248,65,6,34,30,17,5,11,0.263518
Mike Tauchman,CHW,OF,FA,34,,-14.87334508,-18.3984151,,92,399,340,83,9,53,35,51,4,7,0.243814
Josh Smith,TEX,"3B,SS",FA,27,,-16.65473121,-20.5754022,,87,378,330,81,9,45,40,34,10,6,0.244784
Alejandro Kirk,TOR,C,FA,26,,-7.633148384,-9.550353131,,110,436,385,103,10,42,49,43,4,1,0.266804
Ty France,MIN,1B,FA,30,,-12.46183147,-15.45136507,,100,434,385,100,11,48,48,30,14,1,0.258639
Blake Perkins,MIL,OF,FA,28,,-26.08174503,-32.09591828,,58,252,221,50,5,29,24,26,2,10,0.226902
Jesse Winker,NYM,OF,FA,31,,-12.38372141,-15.35590874,,99,427,360,87,11,50,46,57,7,7,0.240788
Jared Triolo,PIT,"2B,3B",FA,27,,-29.11818194,-35.80667133,,55,238,211,51,4,25,23,23,2,5,0.244153
Noelvi Marte,CIN,3B,FA,23,,-32.49857513,-39.93776468,,36,154,142,34,4,17,16,9,1,5,0.241933
Harrison Bader,MIN,OF,FA,30,,-12.54925456,-15.55820264,,87,378,348,84,10,44,42,21,5,16,0.240776
Griffin Conine,MIA,OF,FA,27,,-22.76311294,-28.04030162,,75,322,288,64,11,34,38,28,3,0,0.220671
Jose Miranda,MIN,3B,FA,26,,-13.62328456,-16.87074763,,89,385,355,95,10,42,47,22,5,2,0.267425
Oswaldo Cabrera,NYY,3B,FA,26,,-14.01237837,-17.34624938,,91,392,356,86,11,47,45,29,3,7,0.241152
Mauricio Dubon,HOU,"1B,2B,OF",FA,30,,-18.82130448,-23.22311681,,81,350,327,87,6,40,36,16,3,4,0.264518
Ernie Clement,TOR,"3B,SS",FA,28,,-19.51868515,-24.07536816,,71,308,289,77,7,34,35,13,2,6,0.26443
Derek Hill,MIA,OF,FA,29,,-21.57554316,-26.58900251,,63,273,251,63,7,32,31,16,2,7,0.252245
Daniel Schneemann,CLE,"SS,OF",FA,28,,-36.28243512,-44.56192464,,31,133,117,26,3,14,13,14,1,2,0.220889
Freddy Fermin,KC,C,FA,29,,-18.99909118,-23.44038546,,70,275,249,63,7,30,30,21,2,1,0.253303
Ramon Laureano,BAL,OF,FA,30,,-27.43770696,-33.75300519,,47,203,184,43,6,24,25,13,5,5,0.235526
Brendan Rodgers,HOU,2B,FA,28,,-18.91151952,-23.33336635,,83,357,328,83,9,40,40,23,3,1,0.253918
Joey Bart,PIT,C,FA,28,,-11.09515497,-13.78118415,,96,379,340,82,12,43,44,30,7,1,0.240016
David Hamilton,BOS,"2B,SS",FA,27,,-36.94323278,-45.36946882,,18,77,69,16,2,10,8,7,0,6,0.228469
Anthony Rizzo,(N/A),1B,FA,35,,-24.75748821,-30.47757739,,68,294,259,59,9,32,33,25,8,1,0.229925
Brandon Drury,CHW,2B,FA,32,,-28.03172824,-34.47894363,,58,252,230,53,8,26,28,17,3,1,0.22988
Wenceel Perez,DET,"OF,UT",FA,25,,-17.21789664,-21.26363248,,87,378,342,82,7,44,39,31,3,9,0.239144
Gavin Sheets,SD,"1B,OF",FA,28,,-38.43276106,-47.1897838,,19,84,76,18,2,8,9,7,1,0,0.234845
Max Kepler,PHI,OF,FA,32,,-4.502104469,-5.723983248,,117,504,453,109,18,60,61,41,6,3,0.239826
Geraldo Perdomo,ARI,SS,FA,25,,-2.622803229,-3.427336551,,131,567,486,121,8,74,53,62,6,16,0.25002
Eloy Jimenez,TB,UT,FA,28,,-28.93147517,-35.57850169,,44,189,174,46,6,20,24,13,1,1,0.263425
Leody Taveras,TEX,OF,FA,26,,-15.36584479,-19.00028659,,78,336,305,77,8,40,37,26,1,13,0.251382
Tyler Black,MIL,UT,FA,24,,-24.47754489,-30.13546571,,60,259,224,51,6,31,29,29,5,9,0.228979
Enrique Hernandez,LAD,"3B,OF",FA,33,,-24.46613899,-30.12152685,,68,294,267,62,8,33,34,22,2,1,0.230983
Richie Palacios,TB,"2B,OF",FA,27,,-19.63378101,-24.21602392,,78,336,289,70,6,41,33,39,5,11,0.240679
Jonah Bride,MIA,1B,FA,29,,-18.96805857,-23.4024613,,91,392,334,79,9,42,44,48,6,1,0.237726
Hunter Goodman,COL,"C,OF",FA,25,,-9.294094889,-11.58015401,,78,326,300,72,15,39,48,19,4,2,0.238024
Kyle Higashioka,TEX,C,FA,34,,-15.080117,-18.65110586,,81,322,297,64,14,34,43,20,1,2,0.215216
Victor Scott,STL,OF,FA,24,,-24.0523575,-29.61585491,,63,273,248,57,4,30,25,17,3,16,0.229647
Yoan Moncada,LAA,3B,FA,29,,-9.689515504,-12.06338758,,120,518,465,113,13,56,54,46,4,4,0.243751
Mark Canha,MIL,"1B,OF",FA,36,,-33.44976562,-41.10019062,,36,154,132,32,3,17,15,15,5,2,0.242025
Nick Fortes,MIA,C,FA,28,,-17.35280084,-21.42849551,,89,352,321,75,8,36,35,20,6,3,0.23422
Paul DeJong,WSH,"3B,SS",FA,31,,-22.20584186,-27.35927467,,79,343,313,66,14,36,39,21,5,2,0.21006
Connor Joe,SD,"1B,OF",FA,32,,-24.06167527,-29.62724192,,73,315,274,63,8,36,30,34,5,2,0.229699
Wilmer Flores,SF,1B,FA,33,,-22.99212527,-28.32017182,,71,308,274,65,9,34,36,27,4,0,0.238188
Miguel Vargas,CHW,"3B,OF",FA,25,,-8.018070547,-10.02075681,,115,497,430,99,15,61,52,57,6,9,0.230857
Isiah Kiner-Falefa,PIT,"2B,3B,SS",FA,29,,-6.334922928,-7.96382451,,128,553,512,134,7,58,50,28,8,15,0.262726
Jose Siri,NYM,OF,FA,29,,-9.689187885,-12.0629872,,96,413,377,79,17,51,53,27,5,14,0.210239
Zach McKinstry,DET,"3B,SS,OF",FA,29,,-30.69290935,-37.73110602,,47,203,183,43,4,22,18,16,2,7,0.233257
Luis Campusano,SD,C,FA,26,,-12.85483732,-15.93164762,,81,322,296,75,10,38,40,21,3,1,0.254213
Drew Waters,KC,OF,FA,26,,-36.51888919,-44.8508892,,19,84,75,18,2,11,9,7,1,3,0.236977
Will Brennan,CLE,OF,FA,27,,-25.63124491,-31.54537344,,53,231,214,59,4,24,24,13,2,5,0.27494
Christian Vazquez,MIN,C,FA,34,,-22.27408226,-27.44266954,,76,301,279,65,5,29,29,17,2,2,0.234785
Vaughn Grissom,BOS,2B,FA,24,,-40.55005082,-49.77727027,,11,49,44,11,1,6,5,4,1,1,0.262566
Kris Bryant,COL,UT,FA,33,,-10.79738028,-13.41728121,,110,476,422,103,13,53,53,42,9,1,0.245028
Mitch Haniger,SEA,OF,FA,34,,-17.3421442,-21.4154723,,94,406,365,80,14,45,46,34,4,1,0.219353
Dane Myers,MIA,"OF,UT",FA,28,,-14.91252925,-18.44630108,,86,371,336,83,9,43,43,25,6,8,0.248142
Wade Meckler,SF,OF,FA,24,,-42.61654132,-52.30267624,,3,14,13,3,0,2,1,1,0,0,0.266007
Michael Massey,KC,2B,FA,26,,-1.73937096,-2.347716233,,120,518,478,123,17,60,65,28,6,4,0.257093
Spencer Torkelson,DET,1B,FA,25,,-28.49819026,-35.04899512,,47,203,178,40,8,25,25,21,2,1,0.224403
Dairon Blanco,KC,OF,FA,31,,-18.00611641,-22.22689601,,49,210,189,49,4,31,23,15,4,27,0.258784
Miguel Amaya,CHC,C,FA,25,,-16.48969149,-20.37371132,,83,326,289,69,9,34,38,26,7,1,0.240163
Austin Slater,CHW,OF,FA,32,,-28.57461031,-35.14238613,,52,224,195,46,5,26,20,24,3,5,0.234053
Randal Grichuk,ARI,OF,FA,33,,-22.63500658,-27.88374606,,62,266,245,62,8,31,33,16,3,1,0.251827
Davis Schneider,TOR,"2B,OF",FA,26,,-30.62186722,-37.64428723,,45,196,169,37,7,23,22,23,2,2,0.218594
Andy Pages,LAD,OF,FA,24,,-27.70989333,-34.0856373,,41,175,157,39,7,23,24,14,3,1,0.246749
Austin Hays,CIN,OF,FA,29,,-1.765850544,-2.380076265,,118,511,468,120,17,61,61,31,7,4,0.256266
Miguel Rojas,LAD,SS,FA,36,,-36.49872415,-44.82624601,,26,112,103,26,2,12,11,7,1,2,0.255825
Travis d'Arnaud,LAA,C,FA,36,,-19.53320911,-24.09311752,,65,257,234,54,10,29,32,17,4,0,0.232504
Austin Martin,MIN,"OF,UT",FA,25,,-35.32393422,-43.39056484,,28,119,102,25,1,14,11,13,3,4,0.2432
Danny Jansen,TB,C,FA,29,,-11.54941247,-14.3363208,,91,359,314,71,15,43,44,36,6,0,0.224942
Rowdy Tellez,SEA,1B,FA,29,,-42.28447089,-51.89686134,,5,21,19,4,1,2,3,2,0,0,0.235476
Taylor Walls,TB,SS,FA,28,,-29.09976266,-35.7841616,,57,245,213,44,4,28,21,29,1,12,0.207523
Orelvis Martinez,TOR,2B,FA,23,,-28.31478104,-34.82485533,,52,224,203,44,9,25,29,16,3,1,0.215958
Luis Matos,SF,OF,FA,23,,-26.22290559,-32.26842706,,55,238,218,54,6,26,27,14,3,3,0.245827
Sam Hilliard,COL,OF,FA,31,,-22.26416824,-27.43055388,,57,245,218,51,10,31,30,23,1,6,0.233736
Jerar Encarnacion,SF,UT,FA,27,,-14.42469602,-17.85013239,,84,364,328,79,14,40,48,30,2,3,0.24012
Amed Rosario,WSH,"2B,OF",FA,29,,-28.36736759,-34.88912003,,49,210,198,53,3,23,21,9,2,6,0.265697
Kevin Pillar,TEX,OF,FA,36,,-41.15460835,-50.51608479,,6,28,26,6,1,3,3,1,1,1,0.2284
Dominic Fletcher,CHW,OF,FA,27,,-39.21872574,-48.15029143,,18,77,70,17,1,8,7,5,1,0,0.236392
Will Benson,CIN,OF,FA,26,,-28.35110145,-34.86924159,,45,196,168,35,6,25,22,24,2,8,0.209955
Manuel Margot,MIL,OF,FA,30,,-39.364283,-48.32817329,,13,56,51,13,1,6,6,4,0,1,0.261212
Jose Trevino,CIN,C,FA,32,,-20.0285521,-24.69846371,,66,262,242,59,7,28,30,16,2,2,0.245553
Chris Taylor,LAD,"2B,3B,OF",FA,34,,-25.40376672,-31.26737808,,66,287,252,56,7,33,30,29,3,6,0.220591
Justin Turner,CHC,1B,FA,40,,-19.37663831,-23.9017763,,83,357,314,79,8,40,39,33,6,1,0.251866
Donovan Solano,SEA,"1B,3B",FA,37,,-23.9117526,-29.44402521,,83,357,323,82,6,33,32,25,7,1,0.252758
Gio Urshela,ATH,3B,FA,33,,-18.09030704,-22.32978325,,89,385,359,96,8,37,40,21,2,1,0.267419
Jarred Kelenic,ATL,OF,FA,25,,-28.31060476,-34.81975161,,42,182,164,40,6,21,23,16,1,4,0.242231
Alek Thomas,ARI,OF,FA,24,,-17.6407547,-21.78039667,,71,308,283,72,8,38,37,20,2,7,0.254982
Justyn-Henry Malloy,DET,OF,FA,25,,-33.68240671,-41.38449543,,36,154,131,30,4,17,16,20,2,1,0.227637
Elias Diaz,SD,C,FA,34,,-21.22018834,-26.15473233,,78,307,283,64,8,29,33,20,2,0,0.226472
James McCann,(N/A),C,FA,34,,-26.86171782,-33.04910338,,45,179,164,38,5,18,19,10,2,2,0.229032
Jorge Mateo,BAL,2B,FA,29,,-32.78936017,-40.29312575,,31,133,123,29,3,16,14,7,1,9,0.232807
Pavin Smith,ARI,OF,FA,29,,-17.42876058,-21.52132399,,78,336,294,73,10,40,41,37,2,2,0.248253
Dominic Canzone,SEA,OF,FA,27,,-38.71876116,-47.53929731,,13,56,51,12,2,7,7,4,0,1,0.241076
Joey Gallo,CHW,1B,FA,31,,-29.64046964,-36.44494597,,53,231,195,35,11,26,26,33,2,2,0.178267
Adam Duvall,(N/A),OF,FA,36,,-32.93175391,-40.46714156,,36,154,141,30,6,16,20,10,2,1,0.209234
Korey Lee,CHW,C,FA,26,,-26.72259584,-32.87908591,,47,186,174,38,6,19,19,10,1,3,0.22123
Brooks Baldwin,CHW,2B,FA,24,,-29.37122257,-36.11590591,,49,210,193,48,5,22,21,14,1,5,0.248612
Miguel Andujar,ATH,OF,FA,30,,-16.65345587,-20.57384365,,79,343,319,86,8,38,38,20,2,4,0.271201
Edmundo Sosa,PHI,"2B,3B,SS",FA,28,,-31.41246724,-38.61045959,,41,175,161,39,4,21,19,7,5,3,0.24558
Esteury Ruiz,ATH,OF,FA,26,,-32.42771971,-39.85117406,,26,112,100,25,2,14,12,7,3,10,0.250353
Ezequiel Duran,TEX,"3B,OF",FA,25,,-31.70617517,-38.96939266,,39,168,157,39,4,18,19,9,2,3,0.249603
Deyvison De Los Santos,MIA,"1B,3B",FA,21,,-14.91194747,-18.44559011,,81,350,329,82,15,40,45,16,3,1,0.250589
Jose Tena,WSH,3B,FA,23,,-20.24971174,-24.96873734,,75,322,298,76,7,34,35,18,2,7,0.253808
Kevin Newman,LAA,"2B,SS",FA,31,,-30.64205208,-37.66895464,,52,224,207,51,3,23,19,12,2,5,0.244746
Matt Mervis,MIA,UT,FA,26,,-16.82683897,-20.78573076,,92,399,356,81,14,42,47,34,6,2,0.22779
Bryan Ramos,CHW,3B,FA,22,,-36.13381002,-44.38029365,,28,119,109,25,4,12,13,8,2,1,0.225759
Victor Caratini,HOU,C,FA,31,,-25.27336048,-31.10801189,,50,200,177,43,5,20,22,17,3,1,0.241055
Tim Anderson,LAA,SS,FA,31,,-37.6390455,-46.21980401,,24,105,99,26,1,11,8,4,1,2,0.259538
David Fry,CLE,"C,1B,OF",FA,29,,-24.11653042,-29.69427903,,40,175,154,38,6,20,22,16,3,2,0.244106
Max Schuemann,ATH,"3B,SS",FA,27,,-37.41029209,-45.94025022,,26,112,97,21,2,13,10,11,2,3,0.218233
Pedro Pages,STL,C,FA,26,,-24.23919052,-29.84417884,,62,243,220,49,6,23,27,19,2,2,0.22482
Alex Call,WSH,OF,FA,30,,-25.89679657,-31.86989744,,60,259,222,50,6,30,26,30,4,7,0.225789
Endy Rodriguez,PIT,C,FA,24,,-13.89416122,-17.20177918,,86,352,318,78,8,41,39,28,3,2,0.246107
Jose Iglesias,SD,"2B,3B",FA,35,,-23.24224219,-28.6258334,,75,322,302,80,4,34,31,14,4,3,0.265208
Romy Gonzalez,BOS,"1B,2B,SS",FA,28,,-35.41637054,-43.50352894,,21,91,84,21,3,11,12,5,1,4,0.254524
Whit Merrifield,(N/A),"2B,OF",FA,36,,-30.87966077,-37.95933023,,42,182,165,41,3,21,17,13,1,7,0.246954
Sean Bouchard,COL,OF,FA,28,,-30.41241889,-37.3883257,,36,154,134,33,5,19,19,16,2,3,0.24445
Darell Hernaiz,ATH,3B,FA,23,,-36.24383648,-44.51475422,,26,112,102,26,2,12,11,7,1,2,0.252302
Jack Suwinski,PIT,OF,FA,26,,-31.63830363,-38.88644855,,34,147,128,29,6,17,18,16,1,3,0.225199
Jace Jung,DET,3B,FA,24,,-21.77005642,-26.82671226,,84,364,315,71,10,38,39,44,3,2,0.224217
Travis Jankowski,CHC,OF,FA,33,,-42.23634691,-51.83805024,,5,21,19,4,0,2,2,2,0,1,0.232898
David Peralta,(N/A),OF,FA,37,,-29.32873134,-36.06397845,,50,217,197,49,5,22,23,16,2,1,0.246202
Ben Rortvedt,TB,C,FA,27,,-25.56951168,-31.46993081,,65,256,226,49,5,25,25,25,3,1,0.217705
Luisangel Acuna,NYM,SS,FA,22,,-30.53686319,-37.54040595,,39,168,156,39,3,21,16,10,1,8,0.246509
Oswald Peraza,NYY,3B,FA,24,,-27.86038429,-34.26954851,,47,203,183,42,6,24,24,15,4,7,0.232535
Yasmani Grandal,(N/A),C,FA,36,,-29.46297026,-36.22802845,,36,141,123,29,4,14,14,16,1,1,0.233233
DJ LeMahieu,NYY,"1B,3B",FA,36,,-21.18665108,-26.1137473,,87,378,334,82,7,40,36,38,2,2,0.24552
Stuart Fairchild,CIN,OF,FA,28,,-25.47816223,-31.35829495,,52,224,198,45,7,27,26,18,5,8,0.228679
Rob Refsnyder,BOS,OF,FA,33,,-25.88912153,-31.86051796,,50,217,189,49,6,26,26,22,4,2,0.260469
Lenyn Sosa,CHW,"2B,3B",FA,25,,-22.15439818,-27.29640665,,71,308,289,72,9,32,36,14,2,2,0.249616
Vidal Brujan,CHC,"2B,SS,OF",FA,27,,-36.63278882,-44.99008308,,26,112,100,23,2,13,10,9,1,4,0.22639
Trent Grisham,NYY,OF,FA,28,,-30.29089984,-37.23982033,,42,182,157,33,7,22,21,21,2,3,0.212013
Cavan Biggio,KC,2B,FA,29,,-43.33269866,-53.17787409,,5,21,18,4,0,2,2,3,0,0,0.210868
Jason Heyward,SD,OF,FA,35,,-20.35591905,-25.09853062,,79,343,309,70,10,38,39,28,4,4,0.228268
Ramon Urias,BAL,3B,FA,30,,-26.94825353,-33.15485649,,53,231,209,53,6,26,27,17,4,1,0.254148
Edgar Quero,CHW,C,FA,21,,-28.55679757,-35.12061764,,39,154,136,32,4,15,17,14,2,1,0.236635
Oscar Colas,CHW,OF,FA,26,,-30.55061311,-37.55720937,,44,189,172,41,5,20,20,14,2,3,0.236893
Kyle Teel,CHW,C,FA,23,,-26.21418906,-32.2577748,,45,179,159,38,4,21,17,18,2,3,0.239506
Jon Berti,CHC,3B,FA,35,,-31.07647142,-38.19984757,,42,182,164,40,3,21,16,15,2,8,0.244305
Dillon Dingler,DET,C,FA,26,,-22.46953784,-27.68153088,,60,237,214,48,7,26,28,17,4,2,0.226203
Javier Baez,DET,SS,FA,32,,-20.30638893,-25.03800111,,79,343,320,75,9,37,38,16,4,7,0.23318
DaShawn Keirsey,MIN,OF,FA,27,,-39.73136433,-48.77677413,,11,49,45,11,1,5,5,3,1,2,0.243982
Everson Pereira,NYY,OF,FA,23,,-40.90091133,-50.20604806,,6,28,26,6,1,3,4,2,0,1,0.234248
Jacob Stallings,COL,C,FA,35,,-21.92410768,-27.01497443,,75,294,260,60,6,28,31,27,5,1,0.229564
Brett Baty,NYM,3B,FA,25,,-39.78487707,-48.84217071,,13,56,50,12,2,6,7,5,1,0,0.238722
Thomas Saggese,STL,2B,FA,22,,-28.89767231,-35.53719207,,49,210,194,47,6,23,25,11,3,2,0.242255
Jordan Beck,COL,OF,FA,23,,-12.93214394,-16.0261221,,94,406,367,90,11,45,45,34,2,9,0.244573
Pedro Leon,HOU,OF,FA,26,,-41.426414,-50.84825163,,6,28,25,5,1,3,3,2,1,1,0.214346
Robbie Grossman,(N/A),OF,FA,35,,-37.20672737,-45.69147892,,28,119,102,22,2,13,11,15,1,1,0.221008
Michael A. Taylor,CHW,OF,FA,33,,-32.59499223,-40.05559359,,39,168,153,33,5,18,16,12,1,5,0.215917
Drew Romo,COL,C,FA,23,,-21.91348866,-27.0019972,,62,243,226,56,5,25,28,11,3,2,0.247371
Tyler Wade,SD,"3B,OF",FA,30,,-36.96788756,-45.3995988,,24,105,94,21,1,13,8,8,1,6,0.224651
Andy Ibanez,DET,2B,FA,31,,-31.97005397,-39.29187228,,45,196,180,43,4,21,20,13,2,2,0.241228
Henry Davis,PIT,C,FA,25,,-33.42375665,-41.06840571,,18,72,63,14,2,8,8,7,2,1,0.22866
Jared Serna,MIA,SS,FA,22,,-37.53591416,-46.0937698,,23,98,89,21,2,11,10,6,1,2,0.231191
Tirso Ornelas,SD,OF,FA,24,,-19.70603392,-24.30432237,,81,350,318,77,9,38,38,27,3,3,0.241186
Carson Kelly,CHC,C,FA,30,,-19.64151677,-24.22547759,,76,301,267,61,8,32,33,27,4,1,0.229213
Bryan De La Cruz,ATL,OF,FA,28,,-34.48494832,-42.36526131,,26,112,104,26,4,12,14,7,1,1,0.247243
Niko Kavadas,LAA,UT,FA,26,,-43.01634446,-52.79126559,,3,14,12,2,1,2,2,2,0,0,0.196592
Ben Rice,NYY,1B,FA,26,,-31.23727087,-38.39635653,,34,144,125,28,7,18,20,15,2,2,0.225571
Chase DeLauter,CLE,OF,FA,23,,-34.73281581,-42.66817392,,24,105,95,25,3,12,13,8,1,1,0.259246
Trey Lipscomb,WSH,3B,FA,24,,-42.1203213,-51.69625826,,8,35,33,8,0,3,3,2,0,1,0.242517
Luis Torrens,NYM,C,FA,28,,-28.12606488,-34.59423007,,40,160,146,33,5,16,18,11,1,1,0.22867
Garrett Stubbs,PHI,C,FA,31,,-37.20740732,-45.69230986,,5,19,17,4,0,2,2,2,0,0,0.209952
Jake Bauers,MIL,1B,FA,29,,-41.78550819,-51.2870916,,6,28,24,5,1,3,3,3,0,1,0.202086
Brett Wisely,SF,"2B,SS",FA,25,,-33.83571991,-41.57185563,,34,147,132,32,3,17,15,12,1,3,0.239547
Kristian Campbell,BOS,"2B,SS,OF",FA,22,,-22.05674964,-27.17707283,,55,238,210,56,6,31,31,23,4,6,0.265673
Scott Kingery,LAA,"2B,SS,OF",FA,30,,-42.23586036,-51.83745564,,6,28,26,5,1,3,3,2,0,1,0.215052
Nicky Lopez,CHC,"2B,SS",FA,29,,-43.5655552,-53.4624422,,2,7,6,2,0,1,0,1,0,0,0.243826
Drake Baldwin,ATL,C,FA,23,,-24.23670028,-29.84113558,,53,211,187,44,5,24,24,21,3,1,0.235772
Tyrone Taylor,NYM,OF,FA,31,,-16.84878147,-20.81254615,,78,336,308,72,10,42,40,19,6,8,0.233352
Jon Singleton,HOU,1B,FA,33,,-38.84884168,-47.69826544,,19,84,72,15,3,9,9,11,0,0,0.210876
Shay Whitcomb,HOU,3B,FA,26,,-41.6879005,-51.16780769,,8,35,32,7,1,4,4,2,0,1,0.230362
Adrian Del Castillo,ARI,C,FA,25,,-29.60174675,-36.39762371,,29,119,107,26,3,14,15,10,1,0,0.239999
James Outman,LAD,OF,FA,27,,-42.26804424,-51.87678675,,3,14,12,3,0,2,2,1,0,0,0.220417
Gustavo Campero,LAA,"OF,UT",FA,27,,-42.59721188,-52.27905423,,2,7,6,2,0,1,1,0,0,0,0.242285
Tom Murphy,SF,C,FA,33,,-29.50040833,-36.27378057,,36,146,129,29,4,15,15,14,1,1,0.222408
Adam Frazier,PIT,"2B,OF",FA,33,,-30.49913017,-37.49429337,,53,231,209,51,3,25,20,17,3,4,0.243789
Yuli Gurriel,(N/A),1B,FA,40,,-39.81817725,-48.88286602,,13,56,51,13,1,6,6,5,0,1,0.253962
Nacho Alvarez,ATL,2B,FA,21,,-43.06089301,-52.84570725,,5,21,19,5,0,2,2,2,0,0,0.246038
Liover Peguero,PIT,SS,FA,24,,-41.86925465,-51.38943604,,6,28,26,6,1,3,3,2,0,1,0.235471
Graham Pauley,MIA,3B,FA,24,,-38.41840055,-47.17223418,,21,91,82,18,2,10,10,7,1,1,0.223924
Joey Loperfido,TOR,OF,FA,25,,-30.39858119,-37.371415,,42,182,164,37,5,21,21,13,3,4,0.224027
Austin Hedges,CLE,C,FA,32,,-32.19250467,-39.56372369,,49,192,173,32,3,16,16,11,3,2,0.186279
Enmanuel Valdez,PIT,2B,FA,26,,-43.22530408,-53.04662988,,3,14,13,3,0,2,2,1,0,0,0.233149
Juan Yepez,WSH,1B,FA,27,,-36.24908911,-44.52117333,,23,98,89,22,3,11,12,8,1,1,0.247721
Adael Amador,COL,2B,FA,21,,-41.22649473,-50.60393533,,8,35,31,8,1,4,4,3,0,1,0.241964
Javier Sanoja,MIA,"OF,UT",FA,22,,-29.60953095,-36.40713658,,52,224,206,55,2,21,21,14,1,5,0.264288
J.C. Escarra,NYY,"C,1B",FA,29,,-41.94392953,-51.48069433,,8,32,29,6,1,4,3,3,0,0,0.223631
Eguy Rosario,SD,3B,FA,25,,-20.50043494,-25.27513985,,70,301,270,62,10,35,37,25,3,7,0.230739
Blaze Alexander,ARI,SS,FA,25,,-36.66166542,-45.02537244,,29,126,113,26,2,13,13,9,2,2,0.227559
Jhonny Pereda,ATH,C,FA,28,,-32.98133127,-40.5277288,,28,109,97,24,1,10,9,10,1,0,0.242911
Kyle Farmer,COL,"2B,3B",FA,34,,-24.97317172,-30.74115877,,62,266,242,61,7,29,29,16,6,3,0.250654
Austin Barnes,LAD,C,FA,35,,-31.52601435,-38.74922266,,36,141,125,27,2,14,12,13,2,2,0.21864
Casey Schmitt,SF,2B,FA,26,,-40.52100563,-49.74177488,,11,49,45,11,1,5,6,3,1,1,0.243033
Luke Maile,KC,C,FA,34,,-37.20740732,-45.69230986,,5,19,17,4,0,2,2,2,0,0,0.213234
Jonatan Clase,TOR,OF,FA,22,,-40.40194864,-49.59627832,,8,35,31,7,1,4,4,3,0,2,0.22047
Nick Yorke,PIT,2B,FA,22,,-33.29361965,-40.90936856,,36,154,139,35,3,17,16,12,1,3,0.251432
Carlos Narvaez,BOS,C,FA,26,,-27.47559652,-33.79930908,,50,198,173,37,4,21,20,21,3,2,0.216138
Oscar Gonzalez,SD,OF,FA,27,,-40.86299764,-50.1597147,,6,28,26,7,1,3,4,1,0,0,0.252364
Taylor Trammell,HOU,OF,FA,27,,-37.63016881,-46.20895604,,18,77,67,14,3,9,9,8,1,2,0.215982
Tyler Freeman,CLE,"OF,UT",FA,25,,-35.23473707,-43.28155925,,24,105,92,23,2,13,11,7,4,3,0.253407
Santiago Espinal,CIN,"2B,3B",FA,30,,-30.18070994,-37.10516003,,47,203,185,48,3,21,21,14,1,4,0.261268
Dominic Smith,NYY,1B,FA,29,,-41.4436159,-50.86927364,,10,42,38,9,1,4,4,3,1,0,0.235834
Jorge Barrosa,ARI,OF,FA,24,,-42.96381759,-52.72707382,,2,7,6,1,0,1,1,1,0,0,0.232637
DJ Stewart,PIT,OF,FA,31,,-41.33113832,-50.73181763,,8,35,30,6,1,4,4,4,1,0,0.214131
Nick Loftin,KC,2B,FA,26,,-35.70380218,-43.8547919,,29,126,112,28,2,14,13,11,1,2,0.247562
Tyler Locklear,SEA,1B,FA,24,,-37.31820308,-45.82771057,,23,98,86,19,3,11,11,8,2,1,0.223538
Billy Cook,PIT,"1B,OF",FA,26,,-36.4538869,-44.77145154,,21,91,83,19,3,10,10,6,1,3,0.230796
Alexander Canario,NYM,OF,FA,24,,-41.501409,-50.93990113,,6,28,25,5,1,3,4,2,0,0,0.209498
Matt Thaiss,CHW,C,FA,29,,-32.82253436,-40.3336671,,28,109,94,20,2,11,10,13,1,1,0.212911
Ryan Noda,LAA,1B,FA,28,,-43.41771184,-53.28176655,,2,7,6,1,0,1,1,1,0,0,0.197394
J.D. Davis,LAA,1B,FA,31,,-37.62058175,-46.19723992,,26,112,100,22,3,11,12,10,1,0,0.223889
Nick Ahmed,TEX,SS,FA,34,,-43.77326395,-53.71627783,,2,7,7,1,0,1,1,0,0,0,0.21502
Brady House,WSH,3B,FA,21,,-41.80349148,-51.30906852,,8,35,33,7,1,4,4,2,0,0,0.229349
Andruw Monasterio,MIL,"2B,3B",FA,27,,-36.64788856,-45.00853608,,26,112,99,24,2,13,10,11,1,3,0.238697
Drew Millas,WSH,C,FA,27,,-34.78463027,-42.73149507,,11,45,40,10,1,5,5,4,0,1,0.242011
Jacob Melton,HOU,OF,FA,24,,-30.120873,-37.03203482,,40,175,162,36,5,20,20,11,1,7,0.221082
Jose Herrera,ARI,C,FA,28,,-34.84800255,-42.80894074,,19,77,68,15,1,8,6,7,0,0,0.222065
Blake Sabol,BOS,C,FA,27,,-34.30916019,-42.15043506,,15,58,51,12,1,6,7,5,1,1,0.237963
Grant McCray,SF,OF,FA,24,,-34.79041568,-42.73856528,,28,119,108,24,3,14,13,9,1,4,0.223524
Christian Moore,LAA,2B,FA,22,,-17.65211524,-21.7942801,,65,280,260,67,10,42,36,17,1,3,0.257329
Kody Clemens,PHI,1B,FA,28,,-42.41537117,-52.05683127,,5,21,19,4,1,3,3,1,0,0,0.227744
Nathan Lukes,TOR,OF,FA,30,,-38.66850965,-47.47788621,,15,63,57,15,1,7,7,5,1,1,0.268816
Oliver Dunn,MIL,3B,FA,27,,-26.04287202,-32.04841256,,71,308,272,57,7,33,31,31,3,7,0.208414
Addison Barger,TOR,"3B,OF",FA,25,,-35.85031524,-44.03384182,,26,112,100,24,3,13,13,10,1,1,0.239865
Marco Luciano,SF,"2B,SS",FA,23,,-40.64187004,-49.88948022,,15,63,56,12,1,7,6,6,0,1,0.219799
Weston Wilson,PHI,"OF,UT",FA,30,,-37.12399558,-45.59037448,,19,84,75,16,3,10,10,8,0,2,0.219704
Nick Allen,ATL,SS,FA,26,,-37.15649501,-45.63009122,,26,112,101,25,1,12,11,9,1,2,0.248927
Will Wagner,TOR,2B,FA,26,,-14.12763994,-17.48710764,,94,406,357,97,7,47,43,41,4,3,0.271638
Colby Thomas,ATH,OF,FA,24,,-34.19369437,-42.00932719,,28,119,110,26,4,13,15,6,2,2,0.235528
Owen Miller,COL,1B,FA,28,,-43.45967167,-53.3330446,,2,7,6,2,0,1,1,0,0,0,0.263117
Ben Gamel,HOU,OF,FA,32,,-32.53196251,-39.97856656,,37,161,139,33,4,19,17,19,1,1,0.233407
Jorbit Vivas,NYY,"2B,3B",FA,23,,-43.38420105,-53.24081385,,3,14,12,3,0,2,1,1,0,0,0.222071
Miles Mastrobuoni,SEA,3B,FA,29,,-42.50891689,-52.17115114,,6,28,25,6,0,3,2,3,0,1,0.234235
Dylan Carlson,BAL,OF,FA,26,,-41.05933267,-50.39965079,,8,35,31,7,1,4,4,3,1,0,0.238622
Alex Jackson,NYY,C,FA,29,,-29.64423909,-36.44955252,,32,128,116,24,5,14,16,9,2,1,0.206374
Luis Guillorme,HOU,2B,FA,30,,-42.16315166,-51.74860016,,10,42,37,9,0,4,3,5,0,1,0.243097
Tyler Heineman,TOR,C,FA,33,,-31.60821989,-38.84968397,,36,141,122,26,2,14,12,13,2,2,0.212641
Zac Veen,COL,OF,FA,23,,-33.17804717,-40.76813034,,31,133,119,28,3,15,14,11,1,6,0.235182
Agustin Ramirez,MIA,"C,1B",FA,23,,-18.6321971,-22.99201345,,65,263,237,56,8,30,30,22,3,5,0.236808
Christian Bethancourt,TOR,C,FA,33,,-32.64577777,-40.11765732,,19,77,72,17,2,9,9,3,0,1,0.232624
Steward Berroa,TOR,OF,FA,25,,-42.96381759,-52.72707382,,2,7,6,1,0,1,1,1,0,0,0.220589
Blake Dunn,CIN,OF,FA,26,,-42.19304924,-51.78513725,,3,14,12,3,0,2,1,1,0,1,0.229025
Tyler Callihan,CIN,2B,FA,24,,-43.82627738,-53.7810642,,2,7,6,1,0,1,1,0,0,0,0.225982
Greg Jones,COL,"OF,UT",FA,26,,-37.65721448,-46.24200787,,15,63,57,13,2,8,7,4,1,4,0.233659
Matthew Lugo,LAA,OF,FA,23,,-43.67846389,-53.60042507,,2,7,6,1,0,1,1,0,0,0,0.230851
Nick Kurtz,ATH,1B,FA,21,,-41.49511829,-50.93221341,,8,35,32,8,1,4,3,2,0,0,0.253041
Osleivis Basabe,SF,SS,FA,24,,-43.31185819,-53.15240547,,2,7,6,2,0,1,1,0,0,0,0.249341
Johnathan Rodriguez,CLE,OF,FA,25,,-32.05583604,-39.3967044,,34,147,132,32,5,17,18,13,1,1,0.244824
Brandon Lockridge,SD,OF,FA,27,,-40.05467236,-49.17188074,,10,42,38,9,1,5,4,4,0,2,0.23599
Matt Duffy,(N/A),3B,FA,34,,-41.14550169,-50.50495578,,13,56,51,12,1,5,5,4,1,0,0.23336
Eric Haase,MIL,C,FA,32,,-29.11873642,-35.80734895,,32,128,117,25,5,14,17,9,1,1,0.21688
Alan Roden,TOR,OF,FA,25,,-34.5443477,-42.4378518,,28,119,105,27,2,14,13,11,2,2,0.255181
Joe Mack,MIA,C,FA,22,,-37.63137501,-46.2104301,,3,13,12,3,0,1,1,1,0,0,0.219515
Reese McGuire,CHC,C,FA,30,,-37.63137501,-46.2104301,,3,13,12,3,0,1,1,1,0,0,0.217654
Jeferson Quero,MIL,C,FA,22,,-36.3974744,-44.70251125,,6,26,23,5,1,3,3,2,0,0,0.229252
Luke Williams,ATL,2B,FA,28,,-41.211395,-50.58548233,,8,35,32,7,1,4,4,3,0,2,0.225981
Garrett Cooper,ATL,1B,FA,34,,-42.96381759,-52.72707382,,2,7,6,1,0,1,1,1,0,0,0.235872
Zach Dezenzo,HOU,1B,FA,24,,-41.74086438,-51.23253351,,5,21,19,5,1,3,3,2,0,0,0.245126
Curtis Mead,TB,2B,FA,24,,-38.72103652,-47.54207798,,16,70,63,16,2,8,8,5,1,1,0.257357
Nick Sogard,BOS,2B,FA,27,,-43.67846389,-53.60042507,,2,7,6,1,0,1,1,1,0,0,0.241237
Logan Driscoll,TB,C,FA,27,,-36.23306333,-44.50158862,,8,32,29,7,1,3,3,2,0,0,0.233291
Chadwick Tromp,ATL,C,FA,29,,-35.41031698,-43.49613103,,13,51,47,11,1,5,5,4,0,0,0.228445
Cooper Bowman,CIN,"2B,OF",FA,25,,-43.82627738,-53.7810642,,2,7,6,1,0,1,1,1,0,0,0.221471
Jake Mangum,TB,OF,FA,28,,-31.95741628,-39.27642809,,36,154,144,38,2,17,16,7,2,4,0.264448
Tim Tawa,ARI,"1B,2B",FA,25,,-42.94673344,-52.70619572,,5,21,19,4,1,2,2,1,0,0,0.226814
Michael Helman,STL,"OF,UT",FA,28,,-39.14682247,-48.06242026,,15,63,57,13,2,7,7,5,1,2,0.22557
Curt Casali,ATL,C,FA,36,,-37.90318066,-46.54259694,,3,13,11,2,0,1,1,1,0,0,0.216934
Austin Shenton,SEA,1B,FA,27,,-41.51322692,-50.95434352,,8,35,31,7,1,4,4,4,0,0,0.214888
Ryan Bliss,SEA,2B,FA,25,,-30.60035621,-37.61799917,,41,175,157,35,4,21,18,14,2,10,0.221296
Braden Shewmake,NYY,SS,FA,27,,-43.77326395,-53.71627783,,2,7,7,1,0,1,1,0,0,0,0.219656
Stone Garrett,WSH,UT,FA,29,,-43.82627738,-53.7810642,,2,7,6,1,0,1,1,1,0,0,0.224747
Matt Koperniak,STL,OF,FA,27,,-42.19843322,-51.79171687,,5,21,19,5,0,2,2,1,0,0,0.250925
Gage Workman,CHC,"3B,SS",FA,25,,-39.0725425,-47.97164457,,16,70,64,14,2,8,8,5,0,2,0.221982
Juan Brito,CLE,"1B,2B,3B",FA,23,,-26.26923507,-32.32504514,,66,287,251,58,6,31,30,30,3,4,0.231687
Eric Wagaman,MIA,3B,FA,27,,-33.09871604,-40.67118177,,34,147,135,34,4,16,16,10,1,2,0.247959
Liam Hicks,MIA,C,FA,25,,-32.99405592,-40.54327927,,26,103,89,21,1,10,9,11,2,1,0.240564
Leo Rivas,SEA,SS,FA,27,,-39.87831223,-48.95635546,,16,70,59,13,1,8,5,9,1,3,0.216452
Brewer Hicklen,MIL,OF,FA,29,,-41.17271698,-50.5382149,,6,28,25,5,1,3,4,3,1,1,0.203266
Jason Delay,PIT,C,FA,29,,-37.20740732,-45.69230986,,5,19,17,4,0,2,2,1,0,0,0.232587
Cal Stevenson,PHI,OF,FA,28,,-40.23167796,-49.38819481,,10,42,36,8,1,5,4,6,0,2,0.226555
Tyler Gentry,KC,OF,FA,26,,-41.05933267,-50.39965079,,8,35,31,7,1,4,4,3,0,0,0.233904
Nick Maton,CHW,3B,FA,28,,-43.38420105,-53.24081385,,3,14,12,3,0,2,1,2,0,0,0.219446
Gabriel Arias,CLE,3B,FA,25,,-32.80793771,-40.3158289,,34,147,135,33,4,16,16,9,2,4,0.242988
Tucker Barnhart,TEX,C,FA,34,,-38.04948311,-46.72138947,,2,6,6,1,0,1,0,1,0,0,0.200337
Tim Elko,CHW,1B,FA,26,,-41.93719462,-51.47246376,,6,28,26,6,1,3,3,1,0,0,0.23933
Mike Brosseau,SD,1B,FA,30,,-43.19506825,-53.00967943,,3,14,13,3,0,1,2,1,0,0,0.217231
Brett Harris,ATH,3B,FA,26,,-43.02479757,-52.80159592,,5,21,18,4,0,2,2,2,0,0,0.225587
Joey Wiemer,KC,OF,FA,26,,-34.69536663,-42.62240823,,34,147,131,28,3,16,14,14,1,4,0.217698
Max Muncy,ATH,SS,FA,22,,-40.44553501,-49.64954413,,13,56,51,12,1,6,6,4,1,1,0.229239
Isaac Collins,MIL,"OF,UT",FA,27,,-43.82627738,-53.7810642,,2,7,6,1,0,1,1,1,0,0,0.222393
Darren Baker,WSH,2B,FA,26,,-42.38492472,-52.01962343,,6,28,26,7,0,3,2,2,0,1,0.254566
Buddy Kennedy,PHI,2B,FA,26,,-41.15054849,-50.51112334,,11,49,43,10,1,6,5,5,1,0,0.235425
Ryan Kreidler,DET,SS,FA,27,,-43.67846389,-53.60042507,,2,7,6,1,0,1,1,1,0,0,0.19752
Jacob Amaya,CHW,SS,FA,26,,-43.60885288,-53.5153552,,3,14,13,3,0,1,1,1,0,0,0.216141
Jahmai Jones,DET,"OF,UT",FA,27,,-43.82627738,-53.7810642,,2,7,6,1,0,1,1,1,0,0,0.226667
Luken Baker,STL,UT,FA,27,,-35.14482482,-43.17167975,,29,126,111,24,5,13,17,13,1,0,0.215367
Mason McCoy,SD,SS,FA,29,,-43.60885288,-53.5153552,,3,14,13,3,0,1,1,1,0,0,0.201768
Myles Straw,TOR,OF,FA,30,,-39.93469097,-49.0252545,,16,70,63,14,0,7,5,6,0,3,0.22783
Robert Hassell,WSH,OF,FA,23,,-38.40219574,-47.15243069,,24,105,95,21,1,10,9,8,1,2,0.22043
Justin Foscue,TEX,UT,FA,26,,-43.82627738,-53.7810642,,2,7,6,1,0,1,1,1,0,0,0.224825
Eli White,ATL,OF,FA,30,,-41.95868166,-51.49872253,,5,21,19,4,0,3,2,2,0,1,0.227831
Sam Huff,SF,C,FA,27,,-35.8523933,-44.03638138,,11,45,41,9,1,4,5,3,0,0,0.221743
Austin Wynns,CIN,C,FA,34,,-37.79578609,-46.41135273,,2,6,6,1,0,1,1,0,0,0,0.229685
CJ Alexander,ATH,3B,FA,28,,-43.61317634,-53.5206388,,2,7,7,1,0,1,1,0,0,0,0.227289
Blake Hunt,SEA,C,FA,26,,-37.79578609,-46.41135273,,2,6,6,1,0,1,1,0,0,0,0.19907
Dustin Harris,TEX,UT,FA,25,,-43.0988067,-52.89204061,,5,21,19,4,0,2,2,2,0,1,0.232941
Riley Adams,WSH,C,FA,28,,-31.33406143,-38.51464182,,29,115,103,23,3,11,13,9,2,1,0.221236
Jakson Reetz,NYM,C,FA,29,,-37.79578609,-46.41135273,,2,6,6,1,0,1,1,1,0,0,0.202183
Jair Camargo,MIN,C,FA,25,,-36.8214421,-45.22063149,,5,19,18,4,1,2,2,1,0,0,0.215563
Seby Zavala,BOS,C,FA,31,,-37.90318066,-46.54259694,,3,13,11,2,0,1,1,1,0,0,0.198859
Chuckie Robinson,LAA,C,FA,30,,-37.79578609,-46.41135273,,2,6,6,1,0,1,1,0,0,0,0.216914
Jacob Hurtubise,CIN,OF,FA,27,,-42.19304924,-51.78513725,,3,14,12,3,0,2,1,1,0,1,0.240364
Jonathan Ornelas,TEX,3B,FA,24,,-43.60885288,-53.5153552,,3,14,13,3,0,1,1,1,0,0,0.227479
Hunter Feduccia,LAD,C,FA,27,,-37.20740732,-45.69230986,,5,19,17,4,0,2,2,2,0,0,0.217746
Cooper Hummel,HOU,OF,FA,30,,-42.96381759,-52.72707382,,2,7,6,1,0,1,1,1,0,0,0.215409
Grae Kessinger,ARI,3B,FA,27,,-40.97103768,-50.2917477,,13,56,50,11,1,6,5,5,0,1,0.214917
Brett Sullivan,SD,C,FA,31,,-37.79578609,-46.41135273,,2,6,6,1,0,1,1,0,0,0,0.223678
Vinny Capra,MIL,3B,FA,28,,-36.45395668,-44.77153682,,29,126,112,27,2,13,12,11,1,2,0.239686
Max Acosta,MIA,"2B,SS",FA,22,,-39.40296101,-48.37544072,,15,63,58,15,1,7,6,4,1,2,0.249701
Travis Bazzana,CLE,2B,FA,22,,-36.71991388,-45.09655642,,36,154,139,28,3,16,15,12,2,2,0.199902
Jac Caglianone,KC,1B,FA,22,,-40.94318341,-50.2577077,,15,63,59,12,1,6,6,3,1,1,0.208746
Jimmy Crooks,STL,C,FA,23,,-37.53657496,-46.09457734,,3,13,11,3,0,1,1,1,0,0,0.242498
Darick Hall,PIT,1B,FA,29,,-38.4433281,-47.20269752,,21,91,82,18,3,9,10,7,1,0,0.224557
Petey Halpin,CLE,OF,FA,22,,-41.38850031,-50.80191827,,6,28,25,6,1,3,3,2,0,0,0.221411
Billy Hamilton,(N/A),OF,FA,34,,-43.26081228,-53.09002355,,3,14,13,2,0,1,1,1,0,0,0.190645
Keston Hiura,COL,2B,FA,28,,-42.04876547,-51.60881168,,5,21,19,5,1,3,3,2,0,0,0.251596
Luke Keaschall,MIN,2B,FA,22,,-40.12608312,-49.25915003,,13,56,49,12,1,7,6,5,1,1,0.249716
Trey Mancini,ARI,"1B,OF",FA,32,,-42.89420657,-52.64200395,,3,14,13,3,0,1,1,1,0,0,0.230708
Jakob Marsee,MIA,OF,FA,23,,-42.14154686,-51.72219748,,5,21,18,4,0,2,2,2,0,1,0.204778
Luis Matos,PHI,OF,FA,25,,-26.22290559,-32.26842706,,55,238,218,54,6,26,27,14,3,3,0.245827
Brice Matthews,HOU,"3B,SS",FA,22,,-42.65399853,-52.34845176,,3,14,12,3,0,2,2,1,0,1,0.21018
Chase Meidroth,CHW,"3B,SS",FA,23,,-25.76175886,-31.70487125,,68,294,247,61,4,35,25,40,5,4,0.245746
Victor Mesa Jr.,MIA,OF,FA,23,,-37.52242519,-46.07728526,,23,98,90,21,2,10,10,6,1,1,0.229655
Kameron Misner,TB,OF,FA,27,,-39.94580799,-49.03884033,,13,56,49,10,1,6,6,6,0,2,0.20437
Yonathan Perlaza,SD,OF,FA,26,,-42.26804424,-51.87678675,,3,14,12,3,0,2,2,1,0,0,0.232955
Pablo Reyes,NYY,3B,FA,31,,-43.31185819,-53.15240547,,2,7,6,2,0,1,1,1,0,0,0.238512
Luke Ritter,NYM,"1B,2B,3B,OF",FA,28,,-42.85193339,-52.59034296,,5,21,18,4,1,2,2,2,0,0,0.195267
Chandler Simpson,TB,OF,FA,24,,-31.53269903,-38.75739184,,26,112,102,29,1,15,10,8,0,11,0.284693
D.J. Stewart,(N/A),"1B,3B",FA,26,,-41.33113832,-50.73181763,,8,35,30,6,1,4,4,4,1,0,0.214131
