Name,Team,Position,Status,Age,PitchingTeamId,OriginalSalary,AdjustedSalary,AuctionSalary,W,QS,ERA,WHIP,G,SV,HLD,SVH,IP,SO,K/9,BB/9,BABIP,FIP
Paul Skenes,PIT,SP,BLUE,22,,40.11508505,47.02719336,19,11,20,3.00668,1.08539,31,0,0,0,174,214,11.0619,2.57281,0.294616,2.90155
Aaron Nola,PHI,SP,FA,31,,11.37098509,13.67411959,,12,17,3.83836,1.1652,31,0,0,0,188,185,8.85922,2.05682,0.292043,3.70448
Cole Ragans,KC,SP,BLUE,27,,12.86796048,15.33585434,32,12,18,3.509,1.23036,31,0,0,0,179,201,10.1138,3.36777,0.294539,3.49783
Luis Castillo,SEA,SP,FA,32,,16.53146013,19.98060611,,12,18,3.56023,1.16676,31,0,0,0,181,184,9.15106,2.56042,0.284316,3.70861
Gerrit Cole,NYY,SP,BLUE,34,,10.10240659,12.02491724,22.5,11,17,3.82315,1.16908,31,0,0,0,183,191,9.39608,2.49114,0.282763,3.90638
Brandon Pfaadt,ARI,SP,FA,26,,1.940558946,2.149433391,,9,11,3.91254,1.18827,33,0,1,1,138,136,8.8835,2.10905,0.296465,3.72741
Yoshinobu Yamamoto,LAD,SP,FA,26,,28.84909719,35.03368003,,12,16,3.45271,1.07946,28,0,0,0,163,169,9.35988,2.17841,0.280537,3.3843
Kevin Gausman,TOR,SP,FA,34,,5.841188468,6.916294455,,13,18,3.78718,1.22896,32,0,0,0,192,189,8.85422,2.51474,0.294977,3.75347
Mitch Keller,PIT,SP,BLUE,28,,-13.82326728,-17.38371412,9,10,16,4.13667,1.28269,31,0,0,0,180,163,8.13,2.72207,0.298347,4.04069
Luis Gil,NYY,SP,FA,26,,-13.60931167,-16.85367171,,7,9,4.17669,1.31837,32,0,1,1,114,128,10.0852,4.324,0.279177,4.31031
Brady Singer,CIN,SP,FA,28,,-23.71705067,-29.20608489,,9,14,4.53534,1.31091,29,0,0,0,167,159,8.61667,2.65985,0.30451,4.25206
Erick Fedde,STL,SP,FA,32,,-18.14907166,-22.40159802,,9,15,4.21055,1.31075,29,0,0,0,164,144,7.90907,2.81809,0.294133,4.27385
Spencer Schwellenbach,ATL,SP,FA,24,,11.40516409,13.71588888,,12,16,3.71006,1.17377,29,0,0,0,165,159,8.67197,2.07616,0.295694,3.66843
Tanner Houck,BOS,SP,FA,28,,-5.38623225,-6.804453534,,11,15,3.899,1.27179,40,0,1,1,178,160,8.07525,2.73091,0.304292,3.73435
Chris Bassitt,TOR,SP,FA,36,,-12.14928496,-15.06940986,,11,16,4.09031,1.29832,31,0,0,0,177,161,8.19078,3.06554,0.293002,4.21139
Carlos Rodon,NYY,SP,BLUE,32,,6.592593892,7.797103437,12,12,16,4.0079,1.18604,31,0,0,0,171,191,10.0402,2.84048,0.282688,3.96156
Brayan Bello,BOS,SP,FA,25,,-16.49370377,-20.37861464,,11,15,4.09138,1.34699,29,0,0,0,163,150,8.26808,3.21532,0.307652,3.85209
Merrill Kelly,ARI,SP,FA,36,,-11.6798645,-14.49574294,,9,14,4.03266,1.29158,26,0,0,0,149,131,7.89463,2.78282,0.29454,4.14257
Aaron Civale,MIL,SP,FA,29,,-15.32227118,-18.94703638,,8,11,4.31435,1.27026,39,0,1,1,146,136,8.40993,2.68873,0.288004,4.41481
Michael Wacha,KC,SP,FA,33,,-14.62931214,-18.10018859,,9,14,4.18041,1.28104,28,0,0,0,155,132,7.6434,2.64804,0.292211,4.20508
Tobias Myers,MIL,SP,FA,26,,-12.96258386,-16.06332195,,8,10,4.19636,1.27422,42,0,1,1,142,129,8.21482,2.77556,0.286706,4.33516
Charlie Morton,BAL,SP,FA,41,,-20.63449115,-25.43896656,,9,14,4.2903,1.33704,28,0,0,0,154,153,8.91131,3.5636,0.295434,4.39403
Roki Sasaki,LAD,SP,FA,23,,21.07592279,25.53427943,,11,14,3.47974,1.12139,24,0,0,0,135,169,11.3186,2.65691,0.299745,3.37892
Jose Quintana,MIL,SP,FA,36,,-26.72572803,-32.88291368,,8,12,4.30568,1.39977,24,0,0,0,131,108,7.3663,3.52164,0.295678,4.43334
Miles Mikolas,STL,SP,FA,36,,-22.93842781,-28.25454951,,9,15,4.45864,1.2701,31,0,0,0,176,123,6.29172,1.74885,0.295164,4.39392
Spencer Arrighetti,HOU,SP,FA,25,,-17.15251683,-21.18373347,,9,13,4.32249,1.32978,26,0,0,0,138,145,9.42239,3.86639,0.286772,4.39798
Jake Irvin,WSH,SP,FA,28,,-22.89428022,-28.20059784,,9,14,4.43509,1.30347,29,0,0,0,163,135,7.47143,2.86014,0.288593,4.52925
Bowden Francis,TOR,SP,FA,28,,-0.980779006,-1.420660119,,11,12,4.13323,1.19482,36,0,1,1,157,145,8.29137,2.46268,0.277812,4.34894
Frankie Montas,NYM,SP,FA,31,,-18.20987288,-22.47590167,,6,9,4.35461,1.33339,19,0,0,0,102,97,8.58378,3.43344,0.290551,4.33068
Nathan Eovaldi,TEX,SP,FA,35,,-0.67712244,-1.049569079,,10,15,3.99059,1.20676,29,0,0,0,172,163,8.54043,2.38879,0.291584,3.88433
Nick Pivetta,SD,SP,FA,32,,1.400783658,1.489787611,,10,14,4.03854,1.20318,28,0,0,0,154,171,10.028,2.88682,0.28611,4.03642
Nick Martinez,CIN,RP,FA,34,,-6.48428285,-8.146353507,,10,11,3.99472,1.25978,49,0,1,1,168,143,7.69807,2.30627,0.298771,3.94291
Bryan Woo,SEA,SP,FA,25,,8.435830232,10.08714078,,8,14,3.71207,1.12689,26,0,0,0,134,125,8.40066,1.97046,0.282061,3.82583
Andrew Heaney,PIT,RP,FA,33,,-19.50750691,-24.06170751,,7,10,4.51024,1.28712,35,0,1,1,130,124,8.5822,2.81671,0.293856,4.40443
Mitchell Parker,WSH,SP,FA,25,,-21.70713968,-26.7498233,,8,12,4.28715,1.34814,36,0,1,1,148,131,7.95806,3.35286,0.290374,4.32241
Kyle Gibson,(N/A),SP,FA,37,,-27.17501328,-33.43197387,,7,11,4.36012,1.38503,23,0,0,0,130,110,7.58106,3.31186,0.299052,4.3864
Ryan Walker,SF,RP,BLUE,29,,18.77278752,22.34577872,3,5,0,3.0396,1.11753,68,28,5,33,68,81,10.6963,2.8137,0.292171,3.07104
Jason Adam,SD,RP,FA,33,,9.573140041,11.47701845,,5,0,3.34019,1.1126,67,3,12,15,67,77,10.3898,3.12718,0.275529,3.63414
Lance Lynn,(N/A),SP,FA,37,,-21.18471972,-26.11138704,,6,10,4.40881,1.32806,21,0,0,0,118,109,8.31389,3.07617,0.293343,4.46379
Kyle Harrison,SF,SP,FA,23,,-12.49618284,-15.49334502,,7,12,4.10453,1.28338,24,0,0,0,126,128,9.15117,3.34564,0.289526,4.10432
Josh Hader,HOU,RP,FA,30,,23.51032771,28.50930435,,6,0,3.10286,1.08382,68,33,2,35,68,96,12.7273,3.46523,0.278814,3.11895
Javier Assad,CHC,SP,FA,27,,-24.36574649,-29.99883971,,7,9,4.28395,1.37182,45,0,1,1,137,113,7.46695,3.49248,0.290276,4.48391
J.P. Sears,ATH,SP,FA,29,,-24.39642424,-30.03633021,,10,14,4.54941,1.28613,31,0,0,0,176,145,7.3842,2.60365,0.284107,4.77112
Andrew Abbott,CIN,SP,FA,25,,-23.34325763,-28.74928184,,8,11,4.56676,1.34014,24,0,0,0,133,127,8.60055,3.28134,0.290783,4.61752
Zack Littell,TB,SP,FA,29,,-11.93707767,-14.81007667,,8,10,4.27355,1.25442,33,0,1,1,134,114,7.67463,2.06596,0.294153,4.30364
Jameson Taillon,CHC,SP,FA,33,,-15.12395793,-18.70468275,,10,14,4.31106,1.25861,29,0,0,0,165,132,7.18035,2.16925,0.290933,4.33194
Tyler Anderson,LAA,SP,FA,35,,-35.75719912,-43.92004696,,9,13,4.6227,1.37448,29,0,0,0,169,136,7.26844,3.26549,0.288985,4.77714
DJ Herz,WSH,SP,FA,24,,-17.50955219,-21.62005739,,6,8,4.19537,1.35907,36,0,1,1,109,119,9.7866,4.54297,0.282946,4.34423
Patrick Corbin,(N/A),SP,FA,35,,-34.47382436,-42.351667,,4,7,4.95279,1.45779,16,0,0,0,88,68,6.95017,2.94593,0.309341,4.72839
David Festa,MIN,SP,FA,24,,-9.596666209,-11.9499188,,6,7,3.99568,1.28337,42,0,1,1,106,111,9.41748,3.30575,0.29534,3.86761
Reid Detmers,LAA,SP,FA,25,,-7.42433621,-9.295169035,,7,8,4.10169,1.24124,36,0,1,1,116,128,9.9127,3.13936,0.292009,3.93338
A.J. Puk,ARI,RP,FA,29,,11.08559302,13.32534912,,5,0,3.26342,1.17216,64,17,7,24,64,78,10.9272,3.1436,0.294592,3.31499
Matthew Boyd,CHC,SP,FA,34,,1,1,,8,12,3.79316,1.21364,31,0,1,1,122,124,9.13175,2.85047,0.287531,3.90045
Tomoyuki Sugano,BAL,SP,FA,35,,-26.48674116,-32.59085385,,7,10,4.68603,1.31314,23,0,0,0,129,96,6.65018,1.97211,0.297577,4.66572
Cade Smith,CLE,RP,FA,25,,12.19479679,14.68087911,,4,0,3.01689,1.10654,68,2,14,16,68,86,11.3605,3.07211,0.287831,2.96316
Spencer Strider,ATL,SP,FA,26,,22.77856632,27.6150372,,9,13,3.24533,1.09027,21,0,0,0,119,159,12.0373,2.82402,0.294286,3.00667
Andre Pallante,STL,SP,FA,26,,-22.88872304,-28.19380656,,9,12,3.92338,1.40656,41,0,1,1,153,113,6.64469,3.61746,0.300482,4.05092
Luke Weaver,NYY,RP,FA,31,,-0.969484436,-1.406857308,,3,0,3.91239,1.20041,68,6,13,19,68,73,9.6173,2.68001,0.287958,3.84469
Eduardo Rodriguez,ARI,SP,FA,31,,-5.684461109,-7.168911508,,10,12,3.84806,1.29121,32,0,1,1,143,132,8.30612,2.82654,0.30005,3.88056
Austin Gomber,COL,SP,FA,31,,-47.43381439,-58.18974429,,7,10,5.16996,1.40834,26,0,0,0,143,102,6.42316,2.50475,0.302968,4.93198
Jon Gray,TEX,SP,FA,33,,-16.49964918,-20.38588037,,8,10,4.36021,1.27222,37,0,1,1,145,133,8.21791,2.74773,0.292372,4.10732
Griffin Jax,MIN,RP,FA,30,,12.58509197,15.15784902,,5,0,3.21057,1.10877,70,8,11,19,70,83,10.6383,2.53385,0.293182,3.14128
Chris Flexen,CHC,SP,FA,30,,1,1,,1,0,4.5569,1.38322,16,0,1,1,16,13,7.29927,2.98301,0.298757,4.46654
Raisel Iglesias,ATL,RP,FA,35,,17.82847368,21.56565369,,5,0,3.14109,1.10393,68,32,1,33,68,76,10.082,2.24934,0.292777,3.21537
Ryan Feltner,COL,SP,FA,28,,-42.89122411,-52.63835916,,7,14,4.78143,1.39537,31,0,0,0,170,147,7.77237,3.177,0.305067,4.50738
Lucas Giolito,BOS,SP,FA,30,,-19.26513465,-23.76551049,,8,10,4.42815,1.32263,33,0,1,1,137,137,9.01508,3.15694,0.299533,4.24908
Robert Suarez,SD,RP,FA,34,,8.752298644,10.47388886,,5,0,3.65368,1.20146,65,28,4,32,65,65,9.02946,3.05815,0.283487,3.80686
Ryan Helsley,STL,RP,BLUE,30,,23.52582019,27.93036637,9,6,0,2.91613,1.11329,66,35,2,37,66,82,11.1473,3.29888,0.28249,3.00791
Jesus Luzardo,PHI,SP,FA,27,,-6.408667853,-8.053946324,,10,12,4.14658,1.24795,41,0,1,1,158,163,9.28894,3.09802,0.286496,4.13658
Dean Kremer,BAL,SP,FA,29,,-16.72077857,-20.65611702,,8,12,4.21197,1.31099,24,0,0,0,130,115,7.94752,3.01913,0.290647,4.33987
Jeffrey Springs,ATH,SP,FA,32,,1.792122682,1.968033173,,8,13,3.71524,1.21561,34,0,1,1,133,131,8.87,2.51736,0.291452,3.87124
Valente Bellozo,MIA,SP,FA,25,,-25.36402665,-31.21881274,,2,2,4.86016,1.40709,27,0,1,1,57,41,6.51929,2.95594,0.293868,4.97903
Cody Bradford,TEX,SP,FA,27,,-8.527146384,-10.64288556,,5,4,4.20318,1.18951,47,0,1,1,88,79,8.04614,1.96523,0.285499,4.09423
Yariel Rodriguez,TOR,SP,FA,27,,-9.359370778,-11.65992603,,6,5,3.98691,1.29298,59,0,1,1,100,105,9.44087,3.792,0.285718,4.04049
Mitch Spence,ATH,P,FA,26,,-22.36284681,-27.55114647,,6,8,4.35933,1.33182,31,0,1,1,120,94,7.05783,2.72773,0.29552,4.37281
Ben Lively,CLE,SP,FA,33,,-28.71699157,-35.31638669,,8,11,4.51762,1.36905,24,0,0,0,131,103,7.05548,2.91781,0.295018,4.63063
Jhoan Duran,MIN,RP,FA,27,,23.44827774,28.43347465,,7,0,2.5771,1.09615,65,22,5,27,65,81,11.2114,2.80762,0.300918,2.57809
Yennier Cano,BAL,RP,FA,30,,-0.159992298,-0.417597361,,4,0,3.33717,1.24117,61,1,12,13,61,60,8.81826,3.07238,0.297794,3.42047
Sean Burke,CHW,SP,FA,25,,-30.40108216,-37.37447137,,6,9,4.66983,1.41209,31,0,1,1,118,111,8.5174,4.12918,0.289519,4.7096
Grant Holmes,ATL,SP,FA,28,,-11.78968774,-14.62995516,,6,7,3.99365,1.2931,45,0,1,1,114,110,8.65092,2.93961,0.299974,3.88276
Jose Soriano,LAA,SP,FA,26,,-13.87605751,-17.17965509,,9,14,3.97504,1.33194,26,0,0,0,146,142,8.73672,3.86034,0.295584,4.04356
Tylor Megill,NYM,SP,FA,29,,-8.855931545,-11.04468562,,5,2,3.98983,1.27532,53,0,1,1,81,83,9.26123,3.28803,0.291806,3.95087
Kutter Crawford,BOS,SP,FA,28,,-10.42346925,-12.96033397,,8,7,4.35246,1.23218,53,0,1,1,134,129,8.66512,2.51331,0.290302,4.23024
Justin Martinez,ARI,RP,FA,23,,8.253719153,9.864587422,,5,0,3.10976,1.29747,67,17,9,26,67,84,11.293,4.73139,0.299978,3.17939
Justin Verlander,SF,SP,FA,42,,-14.86606455,-18.38951774,,8,12,4.18403,1.275,24,0,0,0,138,111,7.20782,2.45247,0.289811,4.23376
Yu Darvish,SD,SP,FA,38,,-0.595465235,-0.949777867,,11,15,4.09954,1.19307,29,0,0,0,164,156,8.52301,2.4603,0.283192,4.1253
Andres Munoz,SEA,RP,FA,26,,22.37885316,27.12655782,,6,0,2.72692,1.10194,64,26,4,30,64,85,11.9369,3.45391,0.287036,2.82433
Simeon Woods-Richardson,MIN,SP,FA,24,,1,1,,6,12,4.54405,1.37768,26,0,0,0,130,111,7.69275,3.42852,0.292851,4.50725
Hunter Gaddis,CLE,RP,FA,26,,-3.382092637,-4.355245006,,4,0,4.02699,1.23285,65,0,17,17,65,59,8.21339,2.69591,0.283698,4.27953
Bailey Falter,PIT,SP,FA,27,,-25.62660288,-31.53970053,,6,8,4.48684,1.33084,43,0,1,1,124,91,6.64516,2.62266,0.292337,4.52467
Tyler Holton,DET,RP,FA,28,,7.050136478,8.393719358,,4,0,3.40507,1.14221,72,6,13,19,72,64,7.94498,2.30982,0.280716,3.626
Hayden Birdsong,SF,SP,FA,23,,-17.31780446,-21.38572732,,6,8,4.2301,1.34185,40,0,1,1,108,113,9.45061,4.08196,0.290334,4.2414
Luis Ortiz,CLE,SP,FA,26,,1,1,,8,10,4.28669,1.342,38,0,1,1,149,127,7.66501,3.27626,0.289574,4.4814
David Bednar,PIT,RP,FA,30,,5.842302464,6.917655841,,4,0,3.70782,1.2387,64,28,4,32,64,68,9.61742,3.27647,0.293309,3.63834
Michael Lorenzen,KC,RP,FA,33,,-35.9986542,-44.21512313,,7,8,4.55671,1.4025,56,0,1,1,148,114,6.91503,3.67661,0.28982,4.66256
David Peterson,NYM,SP,FA,29,,-11.88399535,-14.74520611,,9,13,3.89705,1.34578,32,0,1,1,147,136,8.36425,3.56253,0.296919,4.01175
Edward Cabrera,MIA,SP,FA,26,,-17.31695891,-21.384694,,7,10,4.16856,1.3523,35,0,1,1,125,133,9.61469,4.25929,0.29321,4.21761
Cal Quantrill,MIA,SP,FA,30,,-42.38598547,-52.02091975,,7,11,4.81357,1.43412,26,0,0,0,143,104,6.53387,3.36028,0.295935,4.85928
Jeremiah Estrada,SD,RP,FA,26,,6.846422498,8.144765636,,4,0,3.25762,1.17668,63,3,14,17,63,85,12.1162,3.89999,0.283467,3.31338
Alec Marsh,KC,SP,FA,26,,-19.48249052,-24.03113561,,7,7,4.47772,1.33274,36,0,1,1,111,106,8.59883,3.30575,0.29552,4.3287
Luis Garcia,HOU,SP,FA,28,,-3.932631434,-5.057492622,3,9,9,4.00505,1.24176,33,0,1,1,121,119,8.88575,2.84378,0.287675,4.04935
Tyler Rogers,SF,RP,FA,34,,-2.868274534,-3.727320848,,4,0,3.74991,1.23034,70,1,14,15,70,50,6.36789,1.83986,0.297164,3.84755
Shinnosuke Ogasawara,WSH,SP,FA,27,,-34.73480256,-42.67060189,,0,4,4.91346,1.41587,46,0,0,0,80,74,8.28321,3.69789,0.280859,4.68661
Matt Strahm,PHI,RP,FA,33,,13.43513052,16.19665971,,5,0,3.26643,1.05447,67,3,12,15,67,79,10.599,2.32541,0.280517,3.37837
Martin Perez,CHW,SP,FA,33,,-38.71551906,-47.53533522,,6,11,4.55557,1.44676,24,0,0,0,136,100,6.64918,3.28327,0.302341,4.62422
Ryne Nelson,ARI,SP,FA,27,,-10.65544946,-13.24383113,,6,4,4.0917,1.26891,55,0,1,1,100,82,7.41401,2.36268,0.29433,4.12462
Max Meyer,MIA,SP,FA,25,,-23.76398086,-29.26343709,,7,11,4.29614,1.35536,34,0,1,1,133,117,7.89286,3.09899,0.30055,4.28165
Derek Law,WSH,RP,FA,34,,-6.95062037,-8.716252841,,4,0,3.87295,1.32916,72,5,13,18,72,62,7.72753,3.20599,0.295213,4.03859
Porter Hodge,CHC,RP,FA,24,,-4.461057635,-5.673820946,,3,0,3.86527,1.31608,63,11,10,21,63,68,9.74686,4.24791,0.28678,3.98788
Jonathan Cannon,CHW,SP,FA,24,,-40.66684976,-49.92000731,,7,11,4.75123,1.38733,32,0,1,1,155,115,6.63299,3.05126,0.293199,4.77162
Alexis Diaz,CIN,RP,FA,28,,-0.968069321,-1.405127932,,4,0,4.15329,1.29312,65,28,3,31,65,69,9.6015,4.28024,0.280498,4.21162
Kevin Ginkel,ARI,RP,FA,30,,6.1829077,7.333900919,,5,0,3.30589,1.19658,61,3,14,17,61,65,9.58563,2.84652,0.296784,3.3477
Chad Green,TOR,RP,FA,33,,-0.604519804,-0.960843227,,5,0,3.93837,1.21276,63,5,12,17,63,60,8.61604,2.71456,0.282479,4.11914
Jason Foley,DET,RP,FA,29,,-0.19324597,-0.458235836,,4,0,3.54264,1.25428,63,13,7,20,63,51,7.34548,2.61839,0.29489,3.56368
Lucas Erceg,KC,RP,FA,29,,2.10717598,2.35305187,,4,0,3.45557,1.26112,67,11,10,21,67,75,10.1396,3.73948,0.298995,3.47264
Kyle Freeland,COL,SP,FA,31,,-48.50771099,-59.50212627,,7,12,5.04391,1.42002,28,0,0,0,152,109,6.49314,2.47505,0.307507,4.80614
Ryan Weathers,MIA,SP,FA,25,,-24.05459802,-29.618593,,7,12,4.29698,1.35901,32,0,1,1,142,124,7.91008,3.318,0.296442,4.34316
German Marquez,COL,SP,FA,30,,-36.09845234,-44.33708392,,8,13,4.67656,1.38658,28,0,0,0,156,129,7.44252,3.0456,0.306187,4.37571
Drew Rasmussen,TB,SP,FA,29,,13.83192789,16.68157577,,9,10,3.32965,1.15324,43,0,1,1,125,121,8.70032,2.23019,0.293904,3.33455
Alex Cobb,DET,SP,FA,37,,-12.35983285,-15.32671512,,5,10,3.82144,1.31608,18,0,0,0,95,78,7.4194,2.74374,0.304416,3.6951
Tyler Mahle,TEX,SP,FA,30,,-13.54843514,-16.77927605,,8,13,4.28776,1.26109,26,0,0,0,141,131,8.38428,2.86116,0.286924,4.23156
Marcus Stroman,NYY,SP,FA,33,,-25.66736298,-31.58951242,,8,9,4.39136,1.37031,42,0,1,1,136,102,6.74715,3.10645,0.293353,4.43637
Jordan Hicks,SF,SP,FA,28,,-21.43807324,-26.42100398,,8,11,4.06094,1.39004,40,0,1,1,136,127,8.3658,4.01889,0.299249,4.11452
Joel Payamps,MIL,RP,FA,30,,0.961326928,0.952738613,,5,0,3.67344,1.21856,61,2,13,15,61,60,8.85305,2.97988,0.283982,3.93073
Davis Martin,CHW,SP,FA,28,,-28.19074828,-34.67327803,,6,11,4.50849,1.37166,24,0,0,0,123,108,7.86309,3.33578,0.295839,4.52933
Joey Estes,ATH,P,FA,23,,-27.46377168,-33.78485823,,5,6,4.94663,1.28636,33,0,1,1,105,79,6.72044,2.36392,0.278966,5.09499
Fernando Cruz,NYY,RP,FA,34,,4.324983643,5.063378739,,4,0,3.25185,1.20781,61,0,13,13,61,83,12.2263,3.95882,0.290101,3.2392
Matt Waldron,SD,SP,FA,28,,-18.0943009,-22.33466406,,4,5,4.51275,1.28683,21,0,1,1,80,66,7.41042,2.5819,0.287658,4.53826
Casey Mize,DET,SP,FA,27,,-16.59952827,-20.50794009,,6,11,4.23543,1.28681,23,0,0,0,118,94,7.17661,2.53638,0.291424,4.2472
Albert Suarez,BAL,SP,FA,35,,-16.49140254,-20.37580236,,4,2,4.34476,1.33192,59,0,5,5,81,70,7.8735,2.7713,0.296796,4.42399
Clay Holmes,NYM,RP,FA,31,,-3.355525734,-4.322778264,,13,12,3.60743,1.3396,49,0,1,1,164,148,8.09309,3.17046,0.307912,3.55403
Kirby Yates,LAD,RP,FA,37,,3.303721857,3.81532044,,5,0,3.58928,1.24555,60,9,11,20,60,73,10.9162,4.34049,0.285507,3.78466
Randy Vasquez,SD,SP,FA,26,,-17.94002111,-22.14612262,,4,4,4.44284,1.34138,25,0,1,1,65,50,6.88846,3.00385,0.288145,4.58447
Aroldis Chapman,BOS,RP,FA,37,,6.323484775,7.505696621,,5,0,3.23513,1.28291,63,12,9,21,63,93,13.3188,5.10156,0.30072,3.2402
Ryan Thompson,ARI,RP,FA,32,,-3.830141463,-4.902794188,,5,0,3.69037,1.28508,63,0,13,13,63,51,7.24185,2.64729,0.302083,3.76746
Mark Leiter Jr.,NYY,RP,FA,33,,-3.870895952,-4.952599222,,3,0,3.90964,1.23135,58,0,12,12,58,67,10.4698,3.44346,0.289009,3.9439
Tyler Alexander,MIL,RP,FA,30,,-14.84906402,-18.36874183,,3,1,4.5211,1.25182,52,0,4,4,59,49,7.41324,1.94818,0.288639,4.6061
Will Vest,DET,RP,FA,29,,0.42614821,0.298710185,,3,0,3.38992,1.2094,68,2,12,14,68,66,8.75908,2.80313,0.292315,3.40078
Colin Rea,CHC,SP,FA,34,,-23.61578367,-29.08232904,,6,8,4.53009,1.30203,31,0,1,1,122,97,7.12461,2.45625,0.292594,4.50238
Jordan Montgomery,ARI,SP,FA,32,,-17.06278087,-21.07406941,,7,7,4.06928,1.34264,42,0,1,1,117,93,7.1635,2.74037,0.303196,4.03732
Pete Fairbanks,TB,RP,FA,31,,6.501986836,7.723839491,,4,0,3.46473,1.22209,60,22,7,29,60,67,10.0373,3.38715,0.29344,3.44609
Kris Bubic,KC,RP,FA,27,,-13.65561344,-16.91025595,,7,8,4.06651,1.32497,42,0,1,1,115,109,8.56912,3.20058,0.300468,3.96429
Ryan Pressly,CHC,RP,FA,36,,6.963795276,8.288203952,,3,0,3.37855,1.2028,61,25,5,30,61,63,9.32461,2.69159,0.298447,3.35288
Cole Sands,MIN,RP,FA,27,,1.365953635,1.447222717,,4,0,3.66065,1.19551,64,1,15,16,64,70,9.81347,2.80438,0.29386,3.63447
Camilo Doval,SF,RP,FA,27,,5.801145105,6.86735847,,5,0,3.30919,1.25412,62,10,12,22,62,75,10.9514,4.14128,0.295736,3.28528
Kyle Hendricks,LAA,RP,FA,35,,-43.50804458,-53.39215992,,6,10,5.12591,1.42093,24,0,0,0,127,89,6.33318,2.65516,0.300286,5.02539
Keegan Akin,BAL,RP,FA,29,,5.588416681,6.607388423,,3,0,3.42322,1.14513,70,2,16,18,70,79,10.2067,2.47604,0.292213,3.44505
Clayton Kershaw,LAD,SP,FA,36,,-6.335583966,-7.964632348,,5,7,3.80896,1.2198,13,0,0,0,68,63,8.36383,2.41061,0.292645,3.86717
Drew Thorpe,CHW,SP,FA,24,,-26.82992277,-33.01024745,,5,7,4.75671,1.38218,16,0,0,0,86,68,7.06965,3.24206,0.289411,4.78752
Andrew Kittredge,BAL,RP,FA,34,,-0.907152251,-1.330682716,,5,0,3.75931,1.226,66,2,13,15,66,61,8.25806,2.40768,0.294671,3.93694
Trevor Williams,WSH,SP,FA,32,,-26.0217843,-32.02264178,,6,6,4.53079,1.36631,53,0,1,1,113,90,7.21598,2.84205,0.296204,4.60646
Kevin Kelly,TB,RP,FA,27,,-4.547874667,-5.779917854,,3,0,3.63641,1.18231,53,0,5,5,53,47,8.03265,2.21506,0.294965,3.67715
Ryan Fernandez,STL,P,FA,26,,-3.221058228,-4.158448913,,4,0,3.76201,1.29894,65,1,16,17,65,64,8.86101,3.51051,0.293281,3.80402
Chris Paddack,MIN,SP,FA,29,,-13.10785806,-16.2408579,,7,7,4.22043,1.27089,55,0,1,1,124,115,8.31316,2.26953,0.302102,3.9498
Keider Montero,DET,SP,FA,24,,-17.53378504,-21.64967175,,2,1,4.32865,1.3165,20,0,1,1,34,29,7.68917,3.08371,0.287394,4.42895
Carlos Estevez,KC,RP,FA,32,,3.770521686,4.38578475,,5,0,3.8651,1.24002,64,21,6,27,64,63,8.80177,3.14041,0.287611,3.80782
David Robertson,(N/A),RP,FA,39,,-3.198342169,-4.130688189,,4,0,3.49063,1.21752,57,0,0,0,57,70,11.0243,3.68972,0.293145,3.40605
Bubba Chandler,PIT,SP,FA,22,,-24.10447025,-29.6795406,,4,7,4.50684,1.39376,15,0,0,0,75,65,7.78752,3.65135,0.294282,4.54436
Erik Miller,SF,SP,FA,27,,-2.39465903,-3.148527274,,4,0,3.47975,1.3096,61,1,12,13,61,76,11.189,4.77612,0.290077,3.51522
Aaron Ashby,MIL,SP,FA,26,,-16.64962784,-20.5691655,,4,2,4.03819,1.4329,42,0,1,1,64,63,8.83054,4.61417,0.298327,4.15427
Sean Hjelle,SF,RP,FA,27,,-7.470877448,-9.352045908,,3,0,3.87012,1.29709,66,0,13,13,66,55,7.50491,2.5026,0.304045,3.83925
Michael Kopech,LAD,RP,FA,28,,-6.804484827,-8.537664275,,3,0,4.13618,1.28746,53,3,10,13,53,62,10.5628,4.2591,0.278897,4.2984
Johan Oviedo,PIT,SP,FA,27,,-19.87768734,-24.51409569,,4,4,4.31159,1.36424,32,0,1,1,76,68,8.03363,3.64133,0.294825,4.33322
Ben Brown,CHC,SP,FA,25,,-6.062837578,-7.631315859,,3,1,3.59411,1.20666,31,0,1,1,45,50,10.0603,3.378,0.284908,3.58409
Blake Treinen,LAD,RP,FA,36,,8.035484614,9.59788849,,5,0,3.33747,1.15588,59,6,14,20,59,64,9.69822,2.79242,0.291076,3.37235
Mike Clevinger,CHW,SP,FA,34,,-15.9481875,-19.71195294,,2,0,4.61813,1.31213,44,6,0,6,44,39,7.88521,2.88599,0.289417,4.66995
Reed Garrett,NYM,RP,FA,32,,0.974866306,0.969284746,,6,0,3.57615,1.29177,66,0,15,15,66,77,10.5638,4.05356,0.290947,3.58788
Michael Tonkin,MIN,RP,FA,35,,-9.325213654,-11.61818347,,3,0,4.18248,1.292,63,0,12,12,63,62,8.89156,3.28568,0.296199,4.10869
Alex Vesia,LAD,RP,FA,28,,2.40350708,2.715190641,,4,0,3.53336,1.19513,58,0,14,14,58,74,11.4191,3.90453,0.277471,3.69532
Jose Alvarado,PHI,RP,FA,29,,0.604579121,0.516766106,,4,0,3.31416,1.25836,60,3,10,13,60,69,10.4142,4.01794,0.293422,3.35961
Garrett Whitlock,BOS,SP,FA,28,,2.968153494,3.405230798,,4,0,3.62388,1.17196,67,2,16,18,67,67,9.06572,2.10592,0.299518,3.4972
Pierce Johnson,ATL,RP,FA,33,,-1.114770284,-1.584407483,,5,0,3.60084,1.2884,64,2,12,14,64,78,10.95,3.7662,0.302495,3.57888
Tim Herrin,CLE,RP,FA,28,,0.656834514,0.580626105,,4,0,3.39659,1.26473,62,0,14,14,62,66,9.58284,3.69474,0.292406,3.56175
Griffin Canning,NYM,SP,FA,28,,-22.03700735,-27.15294627,,5,4,4.59089,1.32642,46,0,1,1,98,88,8.04746,3.12621,0.287271,4.59791
JoJo Romero,STL,RP,FA,28,,-0.919256126,-1.345474556,,4,0,3.52594,1.24196,61,1,13,14,61,60,8.88945,3.0307,0.294063,3.72099
Ross Stripling,KC,SP,FA,35,,1,1,,2,1,4.70077,1.34919,28,0,1,1,35,24,6.29641,2.16218,0.302314,4.40539
Trent Thornton,SEA,RP,FA,31,,-2.375339554,-3.124917428,,3,0,3.73329,1.21636,67,0,14,14,67,66,8.83937,2.69382,0.286831,3.94516
Dylan Lee,ATL,RP,FA,30,,4.564750504,5.356391778,,4,0,3.31879,1.15639,62,0,13,13,62,71,10.3636,2.58994,0.294059,3.37168
Nate Pearson,CHC,RP,FA,28,,-9.485614611,-11.81420543,,2,0,3.9748,1.2684,54,0,7,7,54,59,9.87171,3.55646,0.288305,4.0034
A.J. Minter,NYM,RP,FA,31,,4.631559697,5.438037609,,5,0,3.36925,1.16133,54,2,11,13,54,60,10.0447,2.9807,0.285148,3.48759
Spencer Turnbull,(N/A),RP,FA,32,,-16.63240696,-20.54812031,,3,5,4.3029,1.32019,11,0,0,0,63,57,8.19343,3.29367,0.294963,4.22403
Joe Mantiply,ARI,RP,FA,34,,-4.565822572,-5.801851536,,4,0,3.59419,1.27458,59,0,11,11,59,51,7.776,2.66833,0.301875,3.57313
Tayler Scott,HOU,RP,FA,32,,-6.174048629,-7.767224082,,4,0,3.933,1.33694,65,1,16,17,65,65,9.02952,3.90495,0.292077,4.11508
Jared Shuster,CHW,SP,FA,26,,-20.34411816,-25.08410905,,2,0,4.63408,1.41759,40,0,1,1,40,31,6.88359,3.49613,0.291991,4.69949
Matthew Liberatore,STL,SP,FA,25,,-6.641106204,-8.338003377,,5,2,3.96708,1.30017,65,2,12,14,85,78,8.30443,3.25575,0.291262,4.08453
Aaron Bummer,ATL,RP,FA,31,,5.200479329,6.133299958,,5,0,3.0264,1.25598,61,1,14,15,61,71,10.4223,3.60014,0.308664,2.91227
John Schreiber,KC,RP,FA,31,,-7.100693816,-8.899653819,,4,0,3.88197,1.33135,61,1,12,13,61,56,8.30355,3.57308,0.297607,3.83228
Tony Gonsolin,LAD,SP,FA,30,,-17.76104539,-21.92740089,,6,6,4.48605,1.28155,39,0,1,1,99,86,7.79528,3.02727,0.281153,4.59528
Tanner Banks,PHI,RP,FA,33,,-4.398491297,-5.597360201,,3,0,3.725,1.23888,68,0,12,12,68,67,8.90516,2.85462,0.294019,3.70413
Josh Winckowski,BOS,RP,FA,26,,-11.30636389,-14.03929725,,3,0,3.99566,1.32803,55,0,7,7,55,46,7.60096,2.7941,0.305096,3.91631
Robert Garcia,TEX,P,FA,28,,4.963518218,5.843715755,,5,0,3.46439,1.19644,64,8,10,18,64,74,10.4552,3.22986,0.291169,3.35545
John King,STL,RP,FA,30,,-8.467129434,-10.56954036,,3,0,3.65618,1.32396,59,0,12,12,59,40,6.06366,2.46462,0.301925,3.84585
Bryan Hudson,MIL,RP,FA,27,,-0.071072563,-0.308930794,,3,0,3.51999,1.19913,60,1,11,12,60,65,9.74437,3.26861,0.283567,3.6798
Anthony DeSclafani,(N/A),SP,FA,34,,-19.32516264,-23.83886918,,3,5,4.632,1.34778,10,0,0,0,54,42,7.01277,2.49724,0.297555,4.61691
Brent Suter,CIN,RP,FA,35,,-16.32031322,-20.1667184,,3,0,4.42377,1.36733,63,0,11,11,63,49,7.02463,2.78114,0.300836,4.50109
Hoby Milner,TEX,RP,FA,34,,-6.145166741,-7.731928254,,3,0,3.91768,1.23111,58,0,11,11,58,53,8.18652,2.41131,0.295287,3.77869
Dane Dunning,TEX,SP,FA,30,,-14.48942869,-17.92924055,,4,1,4.31627,1.31356,56,0,7,7,71,64,8.18331,3.00255,0.295555,4.19882
Justin Slaten,BOS,P,FA,27,,-6.74222627,-8.461579661,,4,0,3.91814,1.30725,64,0,13,13,64,67,9.42401,3.32039,0.302449,3.82872
Jose Butto,NYM,RP,FA,26,,-1.715688701,-2.318774741,,3,0,3.69656,1.24186,63,1,16,17,63,67,9.51854,3.57744,0.281421,3.88504
Chris Martin,TEX,RP,FA,38,,9.087714923,10.88379264,,4,0,3.37254,1.11841,58,20,6,26,58,58,9.01629,1.64424,0.300102,3.17344
Phil Maton,(N/A),RP,FA,31,,-13.62186355,-16.86901106,,3,0,4.2375,1.29652,56,0,0,0,56,54,8.66626,3.41188,0.289064,4.30822
Colin Holderman,PIT,RP,FA,29,,-5.306369963,-6.706855845,,4,0,3.89103,1.30533,62,3,13,16,62,63,9.07412,3.72917,0.294911,3.84689
Kyle Finnegan,WSH,RP,FA,33,,-1.722741129,-2.327393335,,4,0,3.96785,1.3037,64,22,6,28,64,61,8.60004,3.34695,0.292392,4.07689
Antonio Senzatela,COL,SP,FA,30,,-50.06594781,-61.40640823,,6,8,5.06598,1.46903,42,0,1,1,135,85,5.6569,2.60992,0.311312,4.68965
Evan Phillips,LAD,RP,FA,30,,-2.521158179,-3.303118696,,3,0,3.31426,1.12907,50,0,7,7,50,56,10.0877,2.83142,0.285415,3.31804
Shawn Armstrong,TEX,RP,FA,34,,-9.178320109,-11.43866857,,3,0,4.19719,1.28547,61,1,12,13,61,59,8.67607,2.87755,0.296966,4.03292
Garrett Cleavinger,TB,RP,FA,30,,-1.664646255,-2.256397054,,5,0,3.8616,1.29032,63,3,15,18,63,74,10.5963,4.09652,0.292458,3.88635
Victor Vodnik,COL,RP,FA,25,,-19.68047538,-24.27308793,,3,0,4.4369,1.46342,66,3,11,14,66,63,8.59205,4.33082,0.307671,4.25808
Cionel Perez,BAL,RP,FA,28,,-12.55093388,-15.56025488,,2,0,3.72007,1.37493,56,0,7,7,56,50,8.10118,4.07486,0.297422,3.86909
Buck Farmer,ATL,RP,FA,34,,-18.09032022,-22.32979937,,2,0,4.49446,1.36774,46,0,1,1,46,45,8.81387,3.84245,0.292556,4.41322
Yimi Garcia,TOR,RP,FA,34,,4.014874533,4.684402208,,4,0,3.60038,1.17349,61,3,14,17,61,67,9.86636,2.82697,0.286837,3.70427
Tyson Miller,CHC,RP,FA,29,,-5.774366661,-7.278782819,,3,0,3.97381,1.24795,62,1,12,13,62,57,8.24704,2.91941,0.285772,4.08802
Jose Leclerc,ATH,RP,FA,31,,-3.721433966,-4.769945495,,4,0,3.90274,1.28863,64,3,13,16,64,74,10.4517,4.27115,0.284165,3.90436
Jake Cousins,NYY,RP,FA,30,,-8.30707171,-10.37393785,,3,0,3.92502,1.27913,54,0,7,7,54,64,10.7365,4.27455,0.286426,4.13231
Declan Cronin,MIA,RP,FA,27,,-11.88200689,-14.74277606,,3,0,3.94441,1.37662,67,1,13,14,67,58,7.75899,3.45219,0.305987,3.91542
Seranthony Dominguez,BAL,RP,FA,30,,-1.543953955,-2.108902034,,4,0,3.70567,1.24705,62,3,12,15,62,68,9.80986,3.54778,0.290321,3.75701
Yuki Matsui,SD,RP,FA,29,,-4.132216965,-5.271953048,,3,0,3.60124,1.25628,58,0,11,11,58,67,10.4094,3.98975,0.282786,3.80109
Tyler Ferguson,ATH,P,FA,31,,-8.985868891,-11.20347878,,3,0,4.13539,1.34434,62,1,15,16,62,64,9.27988,4.25971,0.287954,4.27499
Hunter Strickland,(N/A),RP,FA,36,,1,1,,1,0,4.69712,1.40675,35,0,0,0,35,29,7.51537,3.80698,0.288091,4.91402
Beau Brieske,DET,RP,FA,26,,-4.734743146,-6.008285114,,3,0,4.02021,1.27481,66,10,10,20,66,62,8.51666,3.27195,0.284033,4.0747
Dennis Santana,PIT,RP,FA,28,,-8.782445182,-10.95487979,,3,0,3.9671,1.31714,66,2,12,14,66,63,8.60815,3.61718,0.295751,3.86627
Gregory Soto,BAL,RP,FA,30,,-1.722269297,-2.326816722,,4,0,3.49463,1.26819,59,0,10,10,59,67,10.2843,3.86317,0.297331,3.45783
Jorge Lopez,WSH,RP,FA,32,,-9.950699079,-12.38257345,,3,0,4.14318,1.34209,60,7,12,19,60,53,7.88376,3.25878,0.298561,4.20756
Hector Neris,ATL,RP,FA,35,,-6.241022827,-7.849071562,,5,0,4.02116,1.31099,56,0,10,10,56,59,9.52042,3.73804,0.291441,4.2412
Lance McCullers Jr.,HOU,SP,FA,31,,-8.354808828,-10.43227618,,5,5,3.68976,1.29789,39,0,1,1,92,90,8.83826,3.56985,0.293527,3.88596
Ryan Yarbrough,TOR,RP,FA,33,,1,1,,1,0,4.34528,1.27945,26,0,1,1,26,19,6.67786,2.41164,0.285583,4.61666
Bryce Elder,ATL,SP,FA,25,,-14.3705762,-17.78399392,,3,3,4.19115,1.34757,16,0,1,1,46,39,7.53646,3.00546,0.302263,4.07869
Tyler Kinley,COL,RP,FA,34,,-13.99701901,-17.32747909,,3,0,4.72233,1.39586,64,18,6,24,64,67,9.41595,3.84981,0.303386,4.48327
Adrian Morejon,SD,RP,FA,26,,-2.202304824,-2.913456044,,3,0,3.54386,1.23542,61,1,12,13,61,65,9.5258,3.17214,0.289379,3.64534
Hunter Harvey,KC,RP,FA,30,,0.010828262,-0.208841859,,3,0,3.53348,1.20148,60,2,14,16,60,62,9.32816,2.8182,0.296908,3.44418
Greg Weissert,BOS,RP,FA,30,,-10.32639198,-12.84169828,,3,0,4.02737,1.33646,60,0,12,12,60,58,8.72323,3.42081,0.303064,3.93987
T.J. McFarland,ATH,RP,FA,35,,-14.96319778,-18.50822182,,3,0,4.1607,1.38983,58,0,10,10,58,41,6.42279,3.13523,0.300768,4.29224
Joey Cantillo,CLE,SP,FA,25,,-14.36604241,-17.77845328,,6,7,4.05854,1.35745,33,0,1,1,98,99,9.14553,4.11824,0.288842,4.26065
Bryse Wilson,CHW,RP,FA,27,,-32.11197787,-39.46531391,,4,4,4.88575,1.37801,39,0,1,1,100,72,6.49011,2.84016,0.290411,4.9751
Jhony Brito,SD,SP,FA,27,,-13.95492692,-17.2760394,,3,1,4.16637,1.30257,40,0,1,1,47,36,6.87202,2.7268,0.288414,4.30469
Shane Bieber,CLE,SP,FA,29,,-1.857202746,-2.49171549,,6,8,3.61603,1.20661,25,0,1,1,96,93,8.67848,2.29314,0.29785,3.60588
Ian Hamilton,NYY,RP,FA,29,,-0.410823673,-0.724132066,,3,0,3.46018,1.24929,60,1,15,16,60,66,9.94607,3.62046,0.28929,3.53824
Taylor Rogers,CIN,RP,FA,34,,-9.975359158,-12.41270991,,3,0,4.33249,1.33089,62,3,13,16,62,71,10.294,3.66442,0.302183,4.22476
Dylan Floro,ATH,RP,FA,34,,-12.33859118,-15.30075623,,3,0,3.7896,1.32315,48,0,1,1,48,37,6.84921,2.76681,0.300007,3.76937
Liam Hendriks,BOS,RP,FA,36,,4.562180072,5.353250518,,4,0,3.88399,1.22476,61,23,6,29,61,70,10.3232,2.8571,0.301096,3.77066
Nick Mears,MIL,RP,FA,28,,-4.57893876,-5.817880499,,3,0,3.73233,1.28235,59,0,11,11,59,73,11.1104,4.20218,0.288888,3.59824
Ryan Brasier,CHC,RP,FA,37,,-0.307716425,-0.598127296,,3,0,3.62419,1.193,58,2,13,15,58,55,8.48244,2.62372,0.292041,3.66805
Erik Swanson,TOR,RP,FA,31,,-7.951851659,-9.939832374,,3,0,3.99597,1.2786,60,0,13,13,60,59,8.84733,3.11731,0.288324,4.15229
Ben Joyce,LAA,RP,FA,24,,0.726314215,0.665535498,,3,0,3.47137,1.24134,62,7,10,17,62,75,10.8404,4.05031,0.290714,3.58446
Justin Wrobleski,LAD,SP,FA,24,,1,1,,2,0,4.37924,1.32404,36,0,1,1,36,32,8.03763,3.11859,0.289048,4.47486
Jalen Beeks,(N/A),RP,FA,31,,-13.95679686,-17.27832461,,2,0,3.9601,1.36555,37,0,0,0,37,33,8.05851,3.49126,0.300209,4.04
Craig Kimbrel,(N/A),RP,FA,36,,-9.37638914,-11.68072374,,3,0,3.9312,1.28811,40,0,0,0,40,49,10.9139,4.2977,0.289891,3.95812
Bryan Hoeing,SD,RP,FA,28,,-11.63655961,-14.44282113,,3,0,4.17959,1.29106,56,0,9,9,56,45,7.16481,2.65543,0.290405,4.20854
Andrew Nardi,MIA,RP,FA,26,,-1.52953883,-2.091285673,,3,0,3.61531,1.23086,50,0,4,4,50,62,11.1612,3.591,0.294384,3.65646
Chris Stratton,KC,RP,FA,34,,-19.24540103,-23.74139452,,3,0,4.53829,1.43431,54,0,7,7,54,44,7.38262,3.93288,0.296281,4.467
Jakob Junis,CLE,SP,FA,32,,-9.660175105,-12.02753142,,3,1,4.21253,1.22227,62,0,11,11,70,65,8.42796,2.0812,0.297905,4.01451
Anthony Bender,MIA,RP,FA,30,,-3.209146497,-4.143891887,,3,0,3.67597,1.26335,60,5,12,17,60,63,9.43524,3.28145,0.30222,3.52946
Adam Ottavino,BOS,RP,FA,39,,-14.5073244,-17.95111045,,2,0,4.18991,1.32745,44,0,1,1,44,45,9.26117,3.8434,0.298923,4.06588
DL Hall,MIL,RP,FA,26,,-14.48540452,-17.92432272,,2,1,3.97263,1.3373,31,0,1,1,43,46,9.61375,4.02063,0.291484,4.07598
Ryan Burr,TOR,RP,FA,30,,-5.236838186,-6.621882812,,3,0,3.55524,1.22346,50,0,4,4,50,56,10.0083,3.10023,0.291742,3.65591
Justin Anderson,CHW,RP,FA,32,,-14.19157593,-17.5652422,,3,0,4.38434,1.4094,63,7,11,18,63,65,9.24359,4.23034,0.297229,4.42979
Anthony Banda,LAD,RP,FA,31,,-9.992682033,-12.43387976,,3,0,4.07468,1.33525,57,0,13,13,57,56,8.83643,3.4995,0.294524,4.18083
Jacob Barnes,TOR,RP,FA,34,,1,1,,1,0,4.60256,1.37874,24,0,1,1,24,20,7.51697,3.17297,0.295899,4.54931
Scott Barlow,CIN,RP,FA,32,,-9.094582422,-11.33633485,,3,0,3.87334,1.31246,58,0,7,7,58,65,10.1129,3.97998,0.294358,3.938
Matt Brash,SEA,RP,FA,26,,-1.731506926,-2.338105795,,3,0,3.01453,1.20397,48,0,1,1,48,62,11.614,3.89494,0.292326,3.13253
Manuel Rodriguez,TB,RP,FA,28,,-4.902730979,-6.213578812,,4,0,3.81119,1.2972,61,2,13,15,61,58,8.60927,3.39285,0.297735,3.88931
Jared Koenig,MIL,RP,FA,31,,-4.284358041,-5.457880824,,4,0,3.75736,1.27139,62,2,11,13,62,60,8.7341,3.19235,0.290818,3.89064
Trevor Richards,CHC,RP,FA,31,,1,1,,1,0,4.24096,1.31681,26,0,1,1,26,28,9.76832,4.07205,0.284624,4.23761
Edwin Uceta,TB,RP,FA,27,,-2.147240248,-2.846163013,,3,0,3.91333,1.24312,65,9,11,20,65,70,9.70622,3.4656,0.284697,3.91405
Elvis Peguero,MIL,RP,FA,27,,-8.664047129,-10.81018851,,4,0,3.85241,1.3354,56,0,9,9,56,53,8.4634,3.69913,0.294765,3.86961
Michael Grove,LAD,SP,FA,28,,-8.029163343,-10.03431303,,3,0,3.96864,1.23322,44,0,1,1,44,46,9.50051,2.84823,0.293953,3.8446
Luis Garcia,LAD,RP,FA,38,,-3.932631434,-5.057492622,3,9,9,4.00505,1.24176,33,0,1,1,121,119,8.88575,2.84378,0.287675,4.04935
Paul Sewald,CLE,RP,FA,34,,-1.135799457,-1.610106705,,3,0,3.84427,1.18175,59,1,12,13,59,66,10.0448,2.96737,0.282401,3.9958
Cade Cavalli,WSH,SP,FA,26,,-15.98344947,-19.7550457,,5,6,4.22882,1.33653,28,0,1,1,82,78,8.51752,3.65719,0.290855,4.24319
Nick Sandlin,TOR,RP,FA,28,,-6.008042276,-7.564351901,,4,0,3.98317,1.27656,59,0,12,12,59,63,9.58688,3.90223,0.280573,4.26263
Triston McKenzie,CLE,SP,FA,27,,-37.08256836,-45.53974732,,6,7,4.78925,1.45642,42,0,1,1,117,110,8.45527,4.41654,0.286039,5.08666
Seth Halvorsen,COL,RP,FA,25,,-16.72882846,-20.66595459,,4,0,4.67179,1.42315,63,9,8,17,63,58,8.26342,3.817,0.303411,4.52916
Drew Smyly,(N/A),RP,FA,35,,-14.76654471,-18.26789705,,2,0,4.20695,1.29837,38,0,0,0,38,36,8.59668,3.0231,0.290708,4.34162
Trevor Stephan,CLE,RP,FA,29,,-10.63194004,-13.21510086,,2,0,3.84966,1.26661,36,0,1,1,36,38,9.47045,3.27281,0.293899,3.89465
Trevor Rogers,BAL,SP,FA,27,,-17.51777423,-21.63010534,,3,2,4.24766,1.36316,27,0,1,1,54,47,7.726,3.2878,0.297592,4.24752
Dustin May,LAD,SP,FA,27,,-0.354483661,-0.655280356,,4,2,3.57347,1.17811,52,0,4,4,73,77,9.48338,2.94618,0.291481,3.64689
Osvaldo Bido,ATH,SP,FA,29,,-19.85012067,-24.48040716,,7,6,4.39875,1.3346,42,0,1,1,112,103,8.24071,3.66552,0.285727,4.4979
Huascar Brazoban,NYM,RP,FA,35,,-14.5073244,-17.95111045,,3,0,4.01908,1.34713,51,0,7,7,51,52,9.20081,4.26988,0.289725,4.00558
Tristan Beck,SF,SP,FA,28,,-11.43698234,-14.19892277,,3,1,3.98628,1.27359,48,0,1,1,55,48,7.76073,2.58579,0.293165,4.02954
Michael Fulmer,BOS,RP,FA,31,,-16.60454288,-20.51406832,,3,0,4.33768,1.37611,50,0,1,1,50,49,8.85869,3.87309,0.299744,4.13503
Alex Faedo,TB,SP,FA,29,,-10.67917911,-13.27283054,,3,0,4.21936,1.29537,57,0,11,11,57,55,8.75209,3.32719,0.287178,4.24506
Jordan Romano,PHI,RP,FA,31,,4.051976242,4.729743272,,5,0,3.83201,1.23887,59,23,4,27,59,64,9.80506,3.33121,0.288812,3.88213
Jorge Alcala,MIN,RP,FA,29,,-6.314665258,-7.939068121,,3,0,4.01867,1.25721,60,1,12,13,60,63,9.50992,3.48264,0.28869,4.05081
Kyle Wright,KC,SP,FA,29,,-16.96191428,-20.9508029,,6,5,4.24177,1.33102,35,0,1,1,94,78,7.47264,3.02583,0.299166,4.17662
Matt Manning,DET,SP,FA,27,,1,1,,2,1,4.14441,1.27954,28,0,1,1,35,29,7.45608,2.83946,0.285225,4.22636
Colin Poche,WSH,RP,FA,31,,-10.64633522,-13.23269285,,3,0,4.25243,1.29498,56,0,9,9,56,50,8.07434,3.38793,0.280192,4.47153
Andrew Chafin,DET,RP,FA,34,,-11.04924219,-13.7250753,,3,0,3.92017,1.33755,55,0,6,6,55,60,9.8791,4.21766,0.290035,3.95179
Ryne Stanek,NYM,RP,FA,33,,-5.148132654,-6.513478016,,4,0,3.84112,1.2892,58,0,12,12,58,66,10.1869,4.11735,0.284872,3.99891
Tim Hill,NYY,RP,FA,35,,-17.27030748,-21.32768245,,3,0,4.23723,1.39502,63,0,12,12,63,36,5.13818,2.74681,0.299188,4.31256
Eli Morgan,CHC,RP,FA,28,,-12.55512953,-15.56538228,,2,0,4.05183,1.22346,50,0,1,1,50,47,8.47131,2.63121,0.284621,4.1372
Jack Leiter,TEX,SP,FA,24,,-27.87997552,-34.29349046,,6,7,4.77849,1.37374,39,0,1,1,112,113,9.05585,3.98113,0.285757,4.68733
Adam Mazur,MIA,SP,FA,23,,1,1,,2,3,4.7298,1.38111,6,0,0,0,33,25,6.83456,2.80765,0.295958,4.65711
Enyel De Los Santos,ATL,RP,FA,29,,1,1,,1,0,3.98723,1.27365,21,0,1,1,21,22,9.22322,3.29936,0.291969,4.19209
Kyle Nicolas,PIT,SP,FA,26,,-17.64112855,-21.78085355,,2,0,4.29932,1.41659,44,0,1,1,44,44,8.96184,4.39438,0.296886,4.36309
Jose Ruiz,PHI,RP,FA,30,,-12.61191899,-15.63478325,,3,0,4.27424,1.33133,62,0,10,10,62,61,8.87737,3.56728,0.292451,4.25817
Roansy Contreras,BAL,RP,FA,25,,1,1,,2,0,4.38598,1.30669,33,0,1,1,33,31,8.35639,3.32416,0.284524,4.38233
Dedniel Nunez,NYM,RP,FA,28,,-4.10077661,-5.233530583,,3,0,3.48721,1.21095,49,0,4,4,49,55,10.1742,3.30199,0.288279,3.46259
Jordan Leasure,CHW,RP,FA,26,,-18.64362043,-23.00597362,,3,0,4.61593,1.41824,62,0,10,10,62,60,8.69399,4.2761,0.291943,4.66536
Xzavion Curry,MIA,SP,FA,26,,1,1,,0,0,4.73863,1.3442,8,0,1,1,8,6,6.81214,2.64783,0.290067,4.80109
Jesse Chavez,TEX,RP,FA,41,,1,1,,1,0,4.22734,1.32955,26,0,1,1,26,24,8.14338,3.05135,0.296276,4.24784
Calvin Faucher,MIA,RP,FA,29,,-4.597423542,-5.840470286,,3,0,3.91425,1.38532,63,22,6,28,63,66,9.41335,4.05668,0.303659,3.86182
Randy Rodriguez,SF,SP,FA,25,,-12.94140764,-16.03744302,,3,0,4.05229,1.36835,53,0,7,7,53,54,9.11782,4.2484,0.29097,4.15959
Jacob Webb,TEX,RP,FA,31,,-9.568555235,-11.91556508,,3,0,4.25986,1.32699,62,2,14,16,62,63,9.18089,3.94581,0.286373,4.16848
Kenta Maeda,DET,SP,FA,36,,-14.97402771,-18.5214568,,4,3,4.48876,1.27499,54,0,1,1,89,80,8.13873,2.58703,0.289931,4.33765
Shelby Miller,ARI,RP,FA,34,,-11.00996774,-13.67707899,,4,0,4.33318,1.2782,56,0,10,10,56,53,8.44232,3.38862,0.285561,4.2483
Ian Seymour,TB,SP,FA,26,,1,1,,2,1,4.37967,1.31292,18,0,1,1,32,29,8.04229,3.10787,0.288282,4.53055
John Brebbia,DET,RP,FA,34,,-8.472710224,-10.5763605,,3,0,4.14208,1.25956,57,0,9,9,57,61,9.70249,2.95324,0.294831,4.00916
Patrick Sandoval,BOS,SP,FA,28,,1,1,,1,1,3.82189,1.34205,8,0,1,1,15,14,8.72013,3.55896,0.304144,3.76552
James McArthur,KC,RP,FA,28,,1,1,,2,0,4.04379,1.30844,31,0,1,1,31,28,8.07924,2.91185,0.299941,3.98825
Paul Blackburn,NYM,SP,FA,31,,-21.4452906,-26.42982414,,7,6,4.38909,1.3399,46,0,1,1,115,94,7.3739,2.87016,0.294212,4.33923
Justin Lawrence,PIT,RP,FA,30,,-18.40656076,-22.71626896,,4,0,4.39373,1.43962,66,0,8,8,66,60,8.18308,4.27738,0.302803,4.27821
Carlos Carrasco,NYY,SP,FA,37,,1,1,,1,1,4.64368,1.39695,17,0,1,1,23,20,7.69958,2.89534,0.303409,4.64515
Angel Zerpa,KC,SP,FA,25,,-8.602712733,-10.73523329,,3,0,3.86681,1.31669,59,0,12,12,59,51,7.74259,3.03725,0.29916,3.94978
Emilio Pagan,CIN,RP,FA,33,,-8.788347162,-10.96209245,,4,0,4.51807,1.25805,64,3,12,15,64,65,9.17037,2.92029,0.287478,4.5248
Dillon Tate,(N/A),RP,FA,30,,1,1,,1,0,4.19345,1.31146,33,0,0,0,33,25,6.73505,2.88993,0.293634,4.24068
Zack Kelly,BOS,RP,FA,30,,1,1,,2,0,4.25512,1.38537,26,0,1,1,26,27,9.43742,4.36015,0.299136,4.22422
Zebby Matthews,MIN,SP,FA,24,,-7.993550494,-9.990791469,,5,5,4.02934,1.21169,39,0,1,1,87,80,8.25038,1.8677,0.296221,3.93257
Sam Moll,CIN,RP,FA,33,,-9.872596206,-12.28712589,,3,0,4.16511,1.32317,55,0,10,10,55,55,9.03584,3.81554,0.292822,4.1852
Slade Cecconi,CLE,P,FA,25,,-8.826540146,-11.00876714,,3,1,4.19637,1.20504,42,0,1,1,57,51,8.10417,2.06721,0.28862,4.1302
Josh Sborz,TEX,RP,FA,31,,-9.843025795,-12.25098864,,2,0,3.78683,1.27326,38,3,1,4,38,42,9.83591,3.52387,0.295,3.60044
Brendon Little,TOR,RP,FA,28,,-12.02291274,-14.91497356,,3,0,3.85959,1.39115,56,0,10,10,56,48,7.76388,4.01066,0.294594,4.09457
Seth Martinez,SEA,RP,FA,30,,1,1,,1,0,4.0749,1.33587,17,0,1,1,17,14,7.59027,3.39249,0.287419,4.37396
Gregory Santos,SEA,RP,FA,25,,6.807428348,8.097111868,,3,0,2.94792,1.19523,62,5,13,18,62,67,9.74423,2.92702,0.298076,2.98485
Brennan Bernardino,BOS,RP,FA,33,,-11.73257931,-14.56016438,,3,0,3.95346,1.32645,52,0,4,4,52,52,8.97369,3.51163,0.303519,3.97792
Evan Reifert,WSH,RP,FA,25,,-18.02535105,-22.25040218,,2,0,4.49383,1.40704,52,0,6,6,52,55,9.50268,4.74182,0.288467,4.58513
J.P. France,HOU,SP,FA,29,,1,1,,2,1,4.31799,1.37193,23,0,1,1,30,27,8.11312,3.4487,0.293956,4.43265
Carmen Mlodzinski,PIT,P,FA,26,,-10.17940486,-12.66206902,,4,0,4.06686,1.3511,61,1,12,13,61,54,8.00003,3.53364,0.295701,4.09864
Cristian Javier,HOU,SP,FA,27,,1,1,,1,0,4.03851,1.24082,17,0,1,1,17,18,9.38884,3.38432,0.277198,4.29576
Jack Kochanowicz,LAA,SP,FA,24,,-31.73900556,-39.00951385,,5,6,4.78995,1.39688,29,0,1,1,97,54,5.03445,2.45755,0.297436,4.85318
Landon Knack,LAD,SP,FA,27,,-12.27358139,-15.2213094,,2,1,4.25014,1.25252,37,0,1,1,43,42,8.7921,2.83897,0.28539,4.2653
Wandy Peralta,SD,RP,FA,33,,-11.96355484,-14.84243376,,3,0,3.88182,1.3337,52,0,4,4,52,44,7.69411,3.7711,0.28626,4.30525
Brock Burke,LAA,RP,FA,28,,-4.355442005,-5.544750746,,3,0,3.84889,1.27311,66,1,16,17,66,66,9.00644,3.13995,0.292664,3.93675
Kyle Leahy,STL,P,FA,27,,-15.13693755,-18.72054482,,3,0,4.27144,1.37423,56,0,10,10,56,44,7.00483,3.26813,0.294598,4.37726
Lucas Sims,WSH,RP,FA,30,,-15.40177427,-19.0441951,,3,0,4.48533,1.3908,58,1,11,12,58,60,9.30003,4.81271,0.283329,4.67932
Dakota Hudson,LAA,SP,FA,30,,1,1,,1,0,4.80277,1.4753,21,0,1,1,21,14,6.01548,3.59654,0.299945,4.75921
James Karinchak,CHW,RP,FA,29,,-14.76123712,-18.26141078,,2,0,4.28122,1.36262,37,0,1,1,37,45,10.8889,4.86494,0.28601,4.28815
Jesus Tinoco,MIA,RP,FA,29,,-4.859731771,-6.161030563,,3,0,3.81978,1.293,64,6,10,16,64,64,9.03263,3.44312,0.296132,3.81226
Matt Moore,BOS,RP,FA,35,,1,1,,2,0,4.60293,1.42619,28,0,1,1,28,26,8.3816,4.11802,0.293752,4.75943
Shawn Dubin,HOU,RP,FA,29,,1,1,,1,0,3.99285,1.3748,33,0,1,1,33,34,9.31009,4.22277,0.297237,3.99729
Keaton Winn,SF,SP,FA,27,,-10.6834904,-13.27809925,,2,0,3.94155,1.23872,42,0,1,1,42,39,8.31864,2.60929,0.295104,3.74384
Gabe Speier,SEA,RP,FA,29,,-2.257030092,-2.980334415,,3,0,3.57172,1.21307,58,0,10,10,58,61,9.48046,2.99769,0.291122,3.68962
Steven Matz,STL,SP,FA,33,,-13.83582072,-17.13048272,,6,8,4.00889,1.30266,42,0,1,1,116,102,7.91959,2.73107,0.298168,4.03133
Grant Wolfram,MIL,RP,FA,28,,1,1,,1,0,4.36228,1.41032,18,0,1,1,18,17,8.59976,4.19462,0.290618,4.47553
Danny Coulombe,MIN,RP,FA,35,,-5.057095762,-6.402224124,,3,0,3.48479,1.20589,51,0,4,4,51,52,9.16861,2.74911,0.295226,3.58529
Tommy Kahnle,DET,RP,FA,35,,-7.379497814,-9.24037316,,2,0,3.77709,1.2941,58,2,10,12,58,59,9.20228,3.92719,0.287444,3.94274
Hayden Wesneski,HOU,SP,FA,27,,-15.29219126,-18.91027647,,6,5,4.34316,1.28563,49,0,1,1,106,98,8.36527,2.98148,0.288749,4.39112
Tayler Saucedo,SEA,RP,FA,31,,-8.017183687,-10.019673,,3,0,3.78316,1.31728,61,0,12,12,61,58,8.60539,3.82377,0.288784,4.0406
Jose Suarez,LAA,RP,FA,27,,-12.3078445,-15.26318148,,3,1,4.19055,1.30804,62,0,10,10,69,67,8.73487,3.2418,0.294213,4.16342
Giovanny Gallegos,LAD,RP,FA,33,,1,1,,2,0,4.56768,1.30919,28,0,1,1,28,27,8.80193,3.18663,0.28749,4.47451
Tim Mayza,PIT,RP,FA,33,,-17.91624824,-22.11707039,,2,0,4.07118,1.39991,55,0,4,4,55,41,6.78343,3.15347,0.305309,4.15253
Collin Snider,SEA,RP,FA,29,,-10.90334993,-13.54678405,,4,0,4.1272,1.37019,65,3,12,15,65,60,8.25432,3.8189,0.290974,4.26201
Will Smith,(N/A),RP,FA,35,,1,1,,1,0,4.65662,1.35893,30,0,0,0,30,26,7.78685,3.37363,0.290183,4.64711
Joe Boyle,TB,P,FA,25,,-19.54654738,-24.10941789,,3,2,4.28638,1.46119,41,0,1,1,59,69,10.4978,5.76328,0.288848,4.37927
Joey Wentz,PIT,RP,FA,27,,-13.51068513,-16.73314271,,3,0,4.25861,1.36793,57,1,9,10,57,56,8.89542,3.72414,0.29732,4.17398
Luke Jackson,TEX,RP,FA,33,,-10.38465502,-12.91290006,,3,0,3.95823,1.35847,55,0,10,10,55,58,9.56174,4.02158,0.299422,4.06237
Jake Bird,COL,RP,FA,29,,-21.04723822,-25.94337436,,2,0,4.60576,1.44534,61,1,10,11,61,52,7.63818,3.75599,0.307595,4.47926
Cam Booser,CHW,RP,FA,32,,-13.96164319,-17.2842472,,3,0,4.32186,1.36291,60,0,11,11,60,61,9.14255,3.74058,0.294842,4.3616
Bobby Miller,LAD,SP,FA,25,,-10.09786777,-12.5624246,,3,1,4.0292,1.25105,42,0,1,1,49,47,8.76387,3.06013,0.289787,3.94174
Sam Long,KC,RP,FA,29,,-14.04712373,-17.3887108,,3,0,4.30056,1.37308,56,0,10,10,56,49,7.94226,3.61055,0.293169,4.36219
Caleb Ferguson,PIT,RP,FA,28,,-4.078563022,-5.206383917,,3,0,3.4429,1.2957,60,1,11,12,60,63,9.47843,3.61395,0.302426,3.44472
Bryce Jarvis,ARI,SP,FA,27,,-21.35128418,-26.31494127,,2,0,4.4286,1.4486,48,0,1,1,48,38,7.11328,4.05234,0.295427,4.57602
Justin Wilson,BOS,RP,FA,37,,-11.96990826,-14.85019811,,3,0,4.14982,1.34469,58,0,10,10,58,60,9.26155,3.12165,0.306202,4.00179
Michel Otanez,ATH,RP,FA,27,,-6.658522101,-8.359286906,,4,0,3.83219,1.35616,61,0,13,13,61,75,11.0474,4.99274,0.291947,3.92561
Joe Ross,PHI,SP,FA,31,,-16.99406798,-20.99009712,,3,1,4.37316,1.35062,56,0,6,6,63,55,7.90631,3.29052,0.293732,4.37823
Taijuan Walker,PHI,SP,FA,32,,-23.65257638,-29.12729249,,3,1,4.81058,1.38264,51,0,1,1,66,48,6.5877,3.08571,0.288391,4.89606
Chase Silseth,LAA,SP,FA,24,,-14.66012204,-18.13784059,,3,1,4.17069,1.3247,48,0,1,1,54,52,8.7377,3.47616,0.293898,4.27271
Steven Wilson,CHW,RP,FA,30,,1,1,,1,0,5.05593,1.44369,32,0,1,1,32,31,8.79619,4.6687,0.281572,5.26477
Justin Topa,MIN,RP,FA,33,,-11.84346901,-14.69567989,,3,0,3.86441,1.31453,50,0,1,1,50,43,7.76203,3.04598,0.303305,3.80306
Alex Lange,DET,RP,FA,29,,-10.6918709,-13.28834086,,3,0,3.71044,1.35005,39,0,1,1,39,45,10.2852,4.82654,0.291753,3.71142
Angel Chivilli,COL,RP,FA,22,,-19.01265911,-23.45696649,,3,0,4.765,1.38822,53,0,6,6,53,48,8.16987,3.36433,0.301667,4.67904
Scott Effross,NYY,RP,FA,31,,1,1,,2,0,4.0019,1.26262,26,0,1,1,26,22,7.52416,2.6864,0.288757,4.00627
Richard Lovelady,TOR,RP,FA,29,,1,1,,3,0,3.75658,1.23782,32,0,1,1,32,29,8.03461,2.63063,0.291654,3.79105
Stephen Kolek,SD,P,FA,27,,-15.68745153,-19.39331407,,3,1,4.23875,1.35472,31,0,1,1,47,38,7.28694,3.31531,0.294556,4.28813
Daniel Lynch,KC,RP,FA,28,,-15.86825031,-19.61426372,,3,1,4.30202,1.32789,52,0,4,4,59,48,7.26576,2.7006,0.298259,4.24098
Keegan Thompson,CHC,RP,FA,29,,-8.466976843,-10.56935388,,4,0,4.05668,1.32006,66,0,13,13,66,68,9.206,4.01936,0.285122,4.22019
Caleb Thielbar,CHC,RP,FA,38,,-3.977549388,-5.0829377,,3,0,3.71103,1.23782,56,0,10,10,56,61,9.80962,3.20657,0.289484,3.71902
Scott Alexander,COL,RP,FA,35,,-13.92070802,-17.23422135,,3,0,4.11863,1.36287,56,0,9,9,56,42,6.82588,2.95871,0.30638,4.09055
Steven Okert,HOU,RP,FA,33,,1,1,,1,0,4.17838,1.29462,26,0,1,1,26,28,9.55945,3.77431,0.282731,4.47078
Cooper Criswell,BOS,RP,FA,28,,1,1,,2,1,4.43405,1.33575,23,0,1,1,30,22,6.83024,2.4537,0.305644,4.21939
Hunter Stratton,PIT,RP,FA,28,,1,1,,1,0,4.10955,1.32387,15,0,1,1,15,14,8.53862,3.48365,0.295233,4.06802
Carson Spiers,CIN,RP,FA,27,,-20.16469299,-24.86483806,,2,1,4.88551,1.36801,38,0,1,1,46,40,7.88496,2.95882,0.297418,4.77839
Ian Anderson,ATL,SP,FA,26,,-21.37737357,-26.34682445,,5,7,4.25919,1.4059,24,0,1,1,92,79,7.76446,3.65945,0.300378,4.25858
Julian Merryweather,CHC,RP,FA,33,,-8.146740788,-10.17800147,,3,0,3.74435,1.279,52,0,4,4,52,58,10.052,3.68626,0.291781,3.73363
Austin Adams,BOS,RP,FA,33,,1,1,,1,0,4.53856,1.37587,24,0,1,1,24,29,10.7294,4.85452,0.297141,4.56422
Elvin Rodriguez,MIL,RP,FA,26,,1,1,,1,0,4.24773,1.28219,25,0,1,1,25,23,8.3434,2.89937,0.28623,4.4209
Braxton Ashcraft,PIT,SP,FA,25,,-13.27415325,-16.44408305,,2,1,4.06614,1.26525,33,0,1,1,46,38,7.51042,2.22166,0.297763,3.96793
J.T. Ginn,ATH,P,FA,25,,-24.71469345,-30.425279,,4,5,4.43819,1.37309,35,0,1,1,91,67,6.63164,3.09332,0.294026,4.53242
Logan Allen,CLE,SP,FA,26,,1,1,,2,3,4.32607,1.37991,6,0,0,0,34,29,7.76713,3.43111,0.293331,4.52584
Alek Manoah,TOR,SP,FA,27,,1,1,,1,1,4.14214,1.26733,10,0,1,1,17,16,8.57989,3.283,0.282729,4.25522
Scott McGough,ARI,RP,FA,35,,1,1,,1,0,4.4775,1.44099,22,0,1,1,22,21,8.38778,4.0557,0.301832,4.45994
Kody Funderburk,MIN,RP,FA,28,,-13.83846246,-17.13371113,,2,0,3.8454,1.3237,48,0,1,1,48,48,9.04685,3.66431,0.29922,3.83664
Tanner Rainey,PIT,RP,FA,32,,-24.16627437,-29.75506985,,1,0,4.94357,1.47843,42,0,1,1,42,38,8.14099,4.5371,0.291716,4.9666
Keynan Middleton,(N/A),RP,FA,31,,1,1,,1,0,3.9726,1.32021,18,0,0,0,18,19,9.35752,3.74009,0.292798,4.11131
Penn Murfee,CHW,RP,FA,30,,-16.98816888,-20.98288798,,2,0,4.45558,1.35054,51,0,4,4,51,47,8.3557,3.48428,0.293268,4.41063
Alex Wood,(N/A),SP,FA,34,,-21.98915023,-27.09446129,,4,6,4.66589,1.38207,13,0,0,0,69,57,7.44706,3.20909,0.297645,4.6061
Noah Murdock,ATH,RP,FA,26,,-24.70474364,-30.41311958,,2,0,4.71416,1.52544,56,0,7,7,56,47,7.55429,5.01499,0.293253,4.92107
Abner Uribe,MIL,RP,FA,24,,-11.26296487,-13.98626041,,2,0,3.58771,1.33206,49,0,1,1,49,58,10.7204,5.12713,0.286307,3.80393
Chase Dollander,COL,SP,FA,23,,-34.15983319,-41.9679463,,4,7,5.06042,1.42076,18,0,0,0,95,85,8.10648,3.58325,0.299013,4.92584
Carlos Hernandez,KC,RP,FA,27,,-15.78711458,-19.51510979,,2,0,4.20957,1.34333,48,0,1,1,48,46,8.6977,3.84445,0.29186,4.072
Cody Poteet,CHC,SP,FA,30,,1,1,,1,0,3.85953,1.25441,30,0,1,1,30,28,8.33829,2.96184,0.290931,3.93825
J.T. Chargois,TEX,RP,FA,34,,1,1,,1,0,4.10368,1.31981,24,0,1,1,24,22,8.24055,3.62792,0.286822,4.37767
Luis Curvelo,TEX,RP,FA,24,,1,1,,1,0,4.70436,1.35307,22,0,1,1,22,20,8.01065,3.37824,0.287237,4.73044
Caden Dana,LAA,SP,FA,21,,-25.34401323,-31.19435484,,4,5,4.92309,1.38238,13,0,0,0,69,59,7.60761,3.39058,0.287658,4.99222
Joe Kelly,(N/A),RP,FA,36,,1,1,,2,0,3.72096,1.30224,34,0,0,0,34,40,10.5595,4.23168,0.298959,3.59883
Jake Bloss,TOR,SP,FA,23,,-19.65301698,-24.23953171,,2,2,4.73789,1.39655,19,0,1,1,37,30,7.31171,3.40609,0.288062,4.83681
Evan Sisk,KC,RP,FA,27,,-15.4029306,-19.04560822,,2,0,4.12256,1.42023,36,0,1,1,36,33,8.2519,4.31279,0.29867,4.19763
Landen Roupp,SF,SP,FA,26,,-9.925038872,-12.35121475,,4,2,3.77751,1.30559,55,0,4,4,75,74,8.81308,3.59657,0.293241,3.8179
Jake Diekman,ATL,RP,FA,38,,-17.27526978,-21.33374676,,2,0,4.31877,1.4495,40,0,1,1,40,47,10.5131,5.5649,0.291993,4.45375
Yilber Diaz,ARI,SP,FA,24,,-13.61023606,-16.85480139,,3,1,4.12306,1.36607,42,0,1,1,49,49,8.98517,3.96598,0.294236,4.2385
Kendall Graveman,ARI,RP,FA,34,,-8.750217739,-10.91549545,,4,0,3.8595,1.36126,53,0,7,7,53,52,8.78038,4.02203,0.294711,4.13518
Eduard Bazardo,SEA,RP,FA,29,,-6.891664711,-8.644204616,,3,0,3.6719,1.21854,50,0,1,1,50,50,8.9612,2.97344,0.286343,3.73335
Angel Perdomo,ATL,RP,FA,30,,-6.815385291,-8.550985459,,3,0,3.78651,1.27188,54,0,7,7,54,68,11.4127,4.3177,0.294465,3.84514
Vince Velasquez,CLE,SP,FA,32,,1,1,,1,0,4.01796,1.265,12,0,1,1,12,12,9.186,3.0123,0.290664,4.10375
Shintaro Fujinami,SEA,RP,FA,30,,1,1,,1,0,4.12682,1.38887,24,0,1,1,24,26,9.79325,4.86243,0.286349,4.23847
Mason Englert,TB,SP,FA,25,,-14.770771,-18.2730619,,2,0,4.34697,1.29291,46,0,1,1,46,41,7.94948,2.82577,0.29114,4.32978
Spencer Bivens,SF,RP,FA,30,,-16.26106884,-20.09431734,,2,0,4.31698,1.37315,40,0,1,1,40,30,6.76028,3.03049,0.296038,4.48618
Brandon Sproat,NYM,SP,FA,24,,1,1,,1,2,4.22964,1.33848,5,0,0,0,25,22,7.85016,3.36909,0.287882,4.3169
Ryan Borucki,PIT,RP,FA,30,,1,1,,1,0,4.20045,1.36957,28,0,1,1,28,28,8.92957,3.93846,0.298794,4.28304
Brady Basso,ATH,SP,FA,27,,-9.372504199,-11.67597605,,3,1,3.88517,1.22198,55,0,5,5,61,56,8.25621,2.43167,0.288872,3.9921
Chris Roycroft,STL,SP,FA,27,,-16.36691524,-20.22366956,,3,0,4.12981,1.42197,51,0,4,4,51,42,7.47168,4.05071,0.295151,4.34812
Bryan King,HOU,SP,FA,28,,-10.37980729,-12.90697578,,2,0,3.82517,1.33414,60,0,12,12,60,60,8.98446,3.83975,0.291948,4.12757
Emerson Hancock,SEA,SP,FA,25,,-20.30526164,-25.03662347,,2,2,4.65214,1.36311,18,0,1,1,46,33,6.42649,2.97177,0.283571,4.94021
Brock Stewart,MIN,RP,FA,33,,2.32044135,2.613678106,,3,0,3.14015,1.18128,56,1,9,10,56,72,11.5479,3.56171,0.294828,3.07207
Brenan Hanifee,DET,SP,FA,26,,-12.45840275,-15.44717492,,2,0,3.84115,1.26604,44,0,1,1,44,34,6.99264,2.38461,0.294304,3.8578
Hogan Harris,ATH,SP,FA,28,,-16.85468917,-20.81976579,,2,0,4.2958,1.38505,36,0,1,1,36,33,8.21036,4.0439,0.288778,4.49356
Tom Cosgrove,SD,RP,FA,28,,-16.5032956,-20.39033657,,2,0,4.27815,1.3269,46,0,1,1,46,43,8.41009,3.82529,0.281688,4.51288
Tommy Nance,TOR,RP,FA,33,,-12.79697898,-15.8609404,,3,0,4.15947,1.3315,54,0,7,7,54,48,8.01513,3.20883,0.295023,4.25663
Luarbert Arias,MIA,RP,FA,24,,-16.58337497,-20.48819954,,3,0,4.58797,1.36286,44,0,1,1,44,39,8.00943,3.4307,0.289712,4.70211
Jaden Hill,COL,SP,FA,25,,-21.61683436,-26.63946345,,2,0,5.00782,1.44553,42,0,1,1,42,37,7.87601,3.69072,0.305933,4.83815
Jake Woodford,COL,SP,FA,28,,1,1,,0,0,4.78089,1.40001,10,0,1,1,10,7,6.73497,2.71867,0.305743,4.60991
Tony Santillan,CIN,RP,FA,27,,-11.81593575,-14.66203219,,3,0,4.39049,1.34632,58,1,11,12,58,66,10.2395,4.19113,0.29342,4.32255
Tyler Gilbert,CHW,RP,FA,31,,-16.04142211,-19.82589261,,2,0,4.5233,1.32902,54,3,6,9,54,44,7.40303,2.7599,0.294762,4.5014
Peter Strzelecki,PIT,RP,FA,30,,1,1,,1,0,4.47644,1.38362,26,0,1,1,26,23,7.98921,3.59975,0.297078,4.42003
Matt Bowman,BAL,RP,FA,33,,1,1,,1,0,4.52578,1.41694,19,0,1,1,19,16,7.44684,3.65151,0.297589,4.56602
Tanner Gordon,COL,SP,FA,26,,-21.64898818,-26.67875782,,2,1,4.99882,1.38368,33,0,1,1,39,28,6.44199,2.21706,0.304503,4.75175
Brant Hurter,DET,SP,FA,26,,-9.865968522,-12.27902637,,3,0,3.78304,1.19942,60,0,5,5,60,49,7.40728,2.09078,0.290038,3.83757
Devin Sweet,PHI,RP,FA,28,,-14.11420148,-17.47068483,,3,0,4.60726,1.34597,36,0,1,1,36,36,8.94332,3.77657,0.287041,4.5958
Anderson Pilar,ATL,RP,FA,27,,-16.12332793,-19.92598764,,2,0,4.26999,1.34622,50,0,4,4,50,43,7.69938,3.06832,0.299079,4.36824
Kaleb Ort,HOU,RP,FA,33,,-11.22831309,-13.94391334,,3,0,4.24346,1.3289,62,0,13,13,62,64,9.22098,3.70607,0.288586,4.40886
Bryan Baker,BAL,RP,FA,30,,-12.60599136,-15.62753924,,2,0,3.96703,1.30179,46,0,1,1,46,47,9.12198,3.72147,0.290543,3.96059
Robert Stephenson,LAA,RP,FA,32,,1,1,,2,0,3.87277,1.17288,32,0,1,1,32,39,11.1062,2.9098,0.292196,3.6946
Sem Robberse,STL,SP,FA,23,,1,1,,1,0,4.1891,1.31521,21,0,1,1,21,17,7.26769,2.91664,0.289484,4.28775
Zack Thompson,STL,RP,FA,27,,-14.22694117,-17.60846117,,2,0,3.95022,1.34845,40,0,1,1,40,40,9.01463,3.96821,0.291746,4.12201
Albert Abreu,CIN,RP,FA,29,,1,1,,0,0,4.50237,1.4308,10,0,1,1,10,10,9.02205,4.22964,0.300708,4.57354
Ron Marinaccio,SD,RP,FA,29,,-14.71922064,-18.21006351,,2,0,4.21648,1.34044,40,0,1,1,40,40,9.08765,4.30899,0.282192,4.58248
Kyle Nelson,ARI,RP,FA,28,,1,1,,2,0,4.01069,1.32281,35,0,1,1,35,34,8.62598,3.41547,0.294444,4.15673
George Soriano,MIA,RP,FA,25,,-19.4131982,-23.94645522,,2,0,4.47951,1.39245,48,0,1,1,48,45,8.47595,3.9145,0.294236,4.58008
Eduardo Salazar,WSH,SP,FA,26,,-20.3469459,-25.08756476,,2,0,4.47336,1.42801,50,0,4,4,50,37,6.61301,3.62268,0.295735,4.62079
Lou Trivino,SF,RP,FA,33,,-12.9589877,-16.05892718,,4,0,4.3535,1.38225,56,0,10,10,56,53,8.47884,3.7704,0.29489,4.25275
Bradley Blalock,COL,SP,FA,24,,-28.52468201,-35.08137003,,2,1,5.26566,1.49248,29,0,1,1,49,36,6.5718,3.48351,0.301095,5.11375
Troy Taylor,SEA,RP,FA,23,,-10.96130519,-13.61760971,,3,0,3.98956,1.30118,54,0,4,4,54,54,8.99912,3.64266,0.285664,4.27198
Josh Staumont,CIN,RP,FA,31,,1,1,,1,0,4.39222,1.3984,28,0,1,1,28,28,9.01771,4.61202,0.286088,4.32433
Sean Reid-Foley,NYM,RP,FA,29,,-10.76462269,-13.37724898,,1,0,3.8353,1.36545,22,0,1,1,22,25,10.2582,4.77829,0.28923,3.79843
Chris Devenski,NYM,RP,FA,34,,1,1,,1,0,4.60756,1.32428,19,0,1,1,19,18,8.4654,3.16314,0.287591,4.58175
Will Warren,NYY,SP,FA,25,,-14.00126825,-17.33267197,,3,1,4.09174,1.26229,41,0,1,1,55,53,8.63419,2.90168,0.292073,3.95428
Dauri Moreta,PIT,RP,FA,28,,-12.89806054,-15.98446963,,2,0,4.12433,1.29956,37,0,1,1,37,39,9.41092,3.65681,0.290853,4.2014
Kevin Herget,NYM,RP,FA,33,,1,1,,2,0,4.1414,1.26367,34,0,1,1,34,29,7.71393,2.57134,0.287845,4.21184
Grant Anderson,MIL,P,FA,27,,1,1,,1,0,4.34935,1.32238,34,0,1,1,34,34,9.0485,3.48437,0.288695,4.44955
Connor Brogdon,LAA,RP,FA,30,,-15.98277424,-19.75422052,,2,0,4.55345,1.35087,38,0,1,1,38,38,8.9574,3.66687,0.291314,4.51192
Ethan Roberts,CHC,RP,FA,27,,1,1,,1,0,4.18485,1.33003,35,0,1,1,35,35,8.88533,3.61569,0.291307,4.27723
Bryan Shaw,CIN,RP,FA,37,,1,1,,1,0,5.28939,1.56462,17,0,1,1,17,14,7.26065,4.59202,0.301018,5.30457
Thomas Harrington,PIT,SP,FA,23,,1,1,,0,1,4.57865,1.32815,2,0,0,0,9,7,6.93638,2.53277,0.292701,4.60581
Matt Festa,TEX,RP,FA,31,,1,1,,1,0,4.32752,1.31929,16,0,1,1,16,15,8.53013,3.50252,0.28814,4.32257
Hans Crouse,LAA,SP,FA,26,,-11.85475376,-14.7094707,,3,0,4.23925,1.34722,56,0,7,7,56,66,10.5389,4.54008,0.287887,4.22094
Grant Holman,ATH,SP,FA,24,,-13.00323043,-16.1129951,,3,0,4.22786,1.36251,60,0,12,12,60,55,8.30128,3.70614,0.291394,4.33093
Justin Hagenman,NYM,P,FA,28,,1,1,,1,0,4.29865,1.27072,12,0,1,1,12,11,7.96103,2.73666,0.286347,4.33114
Jay Jackson,(N/A),RP,FA,37,,1,1,,1,0,4.40949,1.30037,20,0,0,0,20,20,8.86675,2.94603,0.295162,4.47601
Mason Thompson,WSH,RP,FA,27,,-15.12984502,-18.71187721,,3,0,4.19827,1.36562,42,0,1,1,42,35,7.55673,3.41815,0.296975,4.1813
Gerson Garabito,TEX,SP,FA,29,,1,1,,1,0,4.50081,1.32095,18,0,1,1,18,16,8.0745,3.17297,0.290101,4.48174
Connor Thomas,MIL,RP,FA,26,,-11.57581812,-14.36859048,,3,0,3.99194,1.29249,54,0,6,6,54,39,6.48888,2.35978,0.294366,4.11534
Michael Petersen,LAA,RP,FA,30,,-16.38748953,-20.24881289,,2,0,4.52923,1.3605,36,0,1,1,36,33,8.30961,3.66563,0.289053,4.6361
Sean Guenther,DET,RP,FA,29,,-11.50799267,-14.28570271,,3,0,3.89288,1.27037,43,0,1,1,43,34,7.19382,2.47517,0.293758,3.95545
Zach Maxwell,CIN,RP,FA,24,,1,1,,2,0,4.62122,1.45198,33,0,1,1,33,36,9.91781,5.08389,0.291863,4.56506
Hunter Bigge,TB,P,FA,26,,-14.4811082,-17.91907229,,3,0,4.19159,1.39144,55,0,8,8,55,60,9.77415,4.50281,0.292061,4.25749
Craig Yoho,MIL,RP,FA,25,,-8.478782913,-10.58378178,,2,0,3.73068,1.24243,47,0,1,1,47,53,10.1994,3.65689,0.286067,3.87931
Miguel Castro,HOU,RP,FA,30,,-13.49866127,-16.71844865,,3,0,4.28977,1.33641,43,0,1,1,43,40,8.35636,3.63648,0.291218,4.29031
Quinn Mathews,STL,SP,FA,24,,-12.98769063,-16.0940043,,5,8,3.97585,1.29375,28,0,1,1,99,93,8.47029,3.31357,0.288601,4.09673
Wade Miley,CIN,SP,FA,38,,-24.32005474,-29.94300097,,3,4,4.92929,1.4597,10,0,0,0,52,34,5.97154,3.18575,0.300279,4.93209
Jose Quijada,LAA,RP,FA,29,,-9.108014812,-11.35275023,,8,12,4.30568,1.39977,24,0,0,0,131,108,7.3663,3.52164,0.295678,4.43334
Chris Murphy,BOS,SP,FA,26,,1,1,,0,0,4.47867,1.41428,8,0,1,1,8,7,7.7621,3.72366,0.300347,4.416
Davis Daniel,ATL,SP,FA,27,,1,1,,1,0,4.093,1.25437,15,0,1,1,15,13,7.84482,2.3624,0.294716,4.04713
Jairo Iriarte,CHW,SP,FA,23,,-29.16161592,-35.85975091,,3,3,4.96548,1.47805,30,0,1,1,66,56,7.69398,4.31194,0.293365,5.06416
Alan Rangel,PHI,SP,FA,27,,1,1,,2,0,4.71793,1.33086,32,0,1,1,32,27,7.59116,3.01067,0.285801,4.67974
Brad Keller,CHC,SP,FA,29,,1,1,,1,0,4.4151,1.42264,19,0,1,1,19,15,7.22572,3.66234,0.296974,4.48321
Gus Varland,CHW,SP,FA,28,,-13.82185216,-17.1134121,,3,0,4.41845,1.39476,64,8,11,19,64,59,8.24802,3.61901,0.29824,4.42663
Daysbel Hernandez,ATL,P,FA,28,,-5.48361398,-6.923461292,,4,0,3.77797,1.33059,58,0,11,11,58,68,10.6243,4.34047,0.297468,3.89869
Quinn Priester,BOS,SP,FA,24,,1,1,,2,0,4.08713,1.31954,30,0,1,1,30,25,7.63884,2.81965,0.304383,3.91064
Nick Nastrini,CHW,SP,FA,25,,-37.61833173,-46.19449023,,3,4,5.33472,1.53994,23,0,1,1,75,65,7.78805,4.91247,0.287657,5.38206
Tommy Henry,ARI,SP,FA,27,,1,1,,1,0,4.10927,1.34584,24,0,1,1,24,21,7.82051,3.29416,0.294534,4.25232
Ethan Small,SF,RP,FA,28,,1,1,,1,0,4.02622,1.36529,13,0,1,1,13,12,8.39279,3.81573,0.291449,4.15749
Shane Smith,CHW,RP,FA,24,,-14.36891696,-17.7819662,,2,0,4.34832,1.32528,58,0,10,10,58,54,8.4524,3.2782,0.293676,4.35348
Clayton Beeter,NYY,SP,FA,26,,-12.08546999,-14.9914232,,1,0,4.03966,1.29051,28,0,1,1,28,31,9.94719,3.92947,0.281737,4.15652
Dylan Dodd,ATL,SP,FA,26,,1,1,,2,0,4.2683,1.31101,33,0,1,1,33,26,7.12632,2.39731,0.297073,4.26701
Jack O'Loughlin,COL,SP,FA,24,,1,1,,0,0,4.86104,1.47189,8,0,1,1,8,6,6.85794,3.47591,0.303886,4.8173
Brusdar Graterol,LAD,RP,FA,26,,1,1,,1,0,3.34555,1.18941,22,0,1,1,22,19,7.62625,2.43325,0.293001,3.4506
Diego Castillo,COL,RP,FA,31,,1,1,,1,0,5.07467,1.54683,34,0,1,1,34,28,7.35956,4.25425,0.312587,4.92775
Yerry De Los Santos,NYY,RP,FA,27,,1,1,,1,0,4.24154,1.34744,24,0,1,1,24,19,7.25513,3.2148,0.290646,4.39684
Cole Sulser,TB,RP,FA,34,,1,1,,2,0,4.31129,1.37899,28,0,1,1,28,26,8.42604,3.81842,0.291934,4.38016
Colin Selby,BAL,SP,FA,27,,-14.8057156,-18.31576681,,2,0,3.95915,1.36855,51,0,1,1,51,53,9.41581,4.19053,0.297475,4.03159
Joe Jacques,LAD,SP,FA,29,,1,1,,0,0,4.44364,1.40113,10,0,1,1,10,8,6.87438,3.40083,0.296961,4.6559
Mason Barnett,ATH,SP,FA,24,,1,1,,0,1,4.46959,1.35585,2,0,0,0,9,8,7.85424,3.53483,0.286569,4.59953
Brandon Young,BAL,SP,FA,26,,1,1,,1,0,4.00034,1.25896,22,0,1,1,22,21,8.43556,2.66869,0.293432,4.01943
Trevor Gott,SEA,RP,FA,32,,1,1,,0,0,4.0426,1.27296,10,0,1,1,10,9,8.39092,3.04081,0.290362,3.99867
Ty Madden,DET,SP,FA,25,,1,1,,1,0,4.07222,1.28556,32,0,1,1,32,30,8.3023,3.11447,0.287477,4.07666
Fraser Ellard,CHW,RP,FA,27,,-14.70610461,-18.19403474,,3,0,4.28427,1.42331,62,6,10,16,62,61,8.78892,4.47991,0.295496,4.42489
Jimmy Herget,COL,RP,FA,31,,-20.03287611,-24.70374798,,3,0,4.78916,1.38511,48,0,1,1,48,41,7.76252,2.83991,0.305727,4.60961
Alek Jacob,SD,SP,FA,26,,-14.69236943,-18.17724932,,2,0,4.17207,1.31216,48,0,1,1,48,44,8.24905,3.43636,0.284386,4.41183
Daniel Robert,TEX,RP,FA,30,,1,1,,2,0,4.4626,1.34514,33,0,1,1,33,33,8.86537,3.79609,0.28976,4.35528
Jackson Kowar,SEA,RP,FA,28,,1,1,,2,0,4.32968,1.39437,35,0,1,1,35,34,8.86337,4.06488,0.293837,4.3614
Ronny Henriquez,MIA,SP,FA,24,,-15.08367588,-18.65545507,,2,0,4.17232,1.34978,53,0,6,6,53,45,7.60413,3.14938,0.297794,4.19701
Drey Jameson,ARI,SP,FA,27,,-10.43018416,-12.96854008,,3,0,3.79673,1.28402,50,0,4,4,50,46,8.28501,2.93417,0.299693,3.87475
Cody Bolton,SEA,SP,FA,26,,-15.5438165,-19.21778133,,2,0,4.07676,1.35487,41,0,1,1,41,39,8.50158,3.85524,0.287976,4.27633
Easton Lucas,TOR,SP,FA,28,,1,1,,1,0,4.30716,1.37898,35,0,1,1,35,31,7.92573,3.72108,0.287999,4.4695
Luis Guerrero,BOS,SP,FA,24,,-18.90468215,-23.32501056,,2,0,4.47116,1.41658,42,0,1,1,42,42,9.07125,4.48037,0.295425,4.50257
Alex Young,CIN,RP,FA,31,,1,1,,1,0,4.62633,1.41421,22,0,1,1,22,19,7.94118,3.41129,0.302571,4.58649
Chase Shugart,PIT,RP,FA,28,,1,1,,1,0,4.52398,1.41122,19,0,1,1,19,15,7.00805,3.34699,0.29885,4.53128
J.B. Wendelken,SD,RP,FA,31,,1,1,,1,0,4.14842,1.35435,19,0,1,1,19,17,8.12387,3.71316,0.290674,4.39234
Brooks Raley,(N/A),RP,FA,36,,1,1,,1,0,3.93987,1.31073,26,0,0,0,26,26,9.05341,3.69321,0.292644,4.08857
Nate Lavender,TB,RP,FA,25,,1,1,,1,0,3.96718,1.32731,22,0,1,1,22,24,10.0098,4.3238,0.287888,4.02718
Steven Cruz,KC,RP,FA,25,,-17.8219423,-22.00182148,,2,0,4.34594,1.42631,44,0,1,1,44,42,8.50672,4.37503,0.296969,4.38661
Adam Cimber,(N/A),RP,FA,34,,1,1,,1,0,4.72632,1.36882,28,0,0,0,28,20,6.31721,3.01575,0.295757,4.74741
Logan Evans,SEA,SP,FA,23,,1,1,,1,1,4.35589,1.35091,10,0,1,1,16,13,7.07082,3.24874,0.287287,4.54956
Max Kranick,NYM,RP,FA,27,,-15.85035089,-19.59238928,,2,0,4.31608,1.3203,44,0,1,1,44,37,7.51034,3.06813,0.2861,4.38527
Austin Warren,NYM,RP,FA,29,,1,1,,0,0,4.35764,1.3531,10,0,1,1,10,9,7.67559,3.56862,0.287389,4.47328
Walter Pennington,TEX,RP,FA,26,,-14.36634492,-17.77882298,,3,0,4.11932,1.36739,42,0,1,1,42,38,8.248,3.75154,0.296002,4.12784
Eric Orze,TB,RP,FA,27,,-13.78081588,-17.06326269,,3,0,4.13922,1.35418,44,0,1,1,44,45,9.21061,4.01287,0.292001,4.23625
Matt Barnes,(N/A),RP,FA,34,,1,1,,1,0,4.63872,1.4153,28,0,0,0,28,25,7.97383,3.8693,0.295584,4.46856
Hagen Danner,SEA,RP,FA,26,,1,1,,1,0,3.78041,1.25253,28,0,1,1,28,28,9.0481,3.1262,0.286022,3.97532
Prelander Berroa,CHW,RP,FA,24,,-19.67171003,-24.26237601,,2,0,4.41832,1.4683,48,3,1,4,48,51,9.60758,5.09827,0.291414,4.58678
Drue Hackenberg,ATL,SP,FA,22,,1,1,,0,1,4.54519,1.45878,2,0,0,0,8,7,7.64526,4.12013,0.299948,4.56431
Daniel Palencia,CHC,RP,FA,25,,-11.50278365,-14.2793369,,2,0,3.89334,1.32325,38,0,1,1,38,43,10.1123,4.36012,0.289482,3.97838
Robby Snelling,MIA,SP,FA,21,,1,1,,1,2,4.68386,1.45741,5,0,0,0,25,18,6.6308,3.53278,0.298085,4.72716
Luis Frias,CLE,RP,FA,26,,-15.49649742,-19.15995388,,2,0,4.25045,1.39316,34,0,1,1,34,34,9.01626,4.1265,0.29758,4.13151
Nick Robertson,TOR,SP,FA,26,,-14.27426025,-17.66628862,,2,0,4.04087,1.32256,42,0,1,1,42,40,8.59951,3.38589,0.291961,4.09607
Ryan Zeferjahn,LAA,P,FA,27,,-16.85213928,-20.81664964,,3,0,4.6239,1.4078,61,1,12,13,61,61,8.95684,4.40267,0.288551,4.68544
Anthony Molina,COL,RP,FA,23,,1,1,,1,0,4.88828,1.42173,33,0,1,1,33,23,6.26691,2.76753,0.304728,4.53044
Scott Blewett,MIN,RP,FA,28,,1,1,,1,0,4.49724,1.39382,24,0,1,1,24,19,7.03092,3.18228,0.297055,4.52907
Michael Arias,NYY,RP,FA,23,,1,1,,0,0,5.00506,1.55217,10,0,1,1,10,9,8.38721,5.36944,0.286817,5.20693
Luis Peralta,COL,SP,FA,24,,-22.65854562,-27.91251253,,3,0,4.86208,1.51332,61,2,12,14,61,60,8.91535,4.85414,0.302174,4.91004
Chayce McDermott,BAL,SP,FA,26,,-15.46257223,-19.11849475,,2,1,4.11714,1.35237,31,0,1,1,45,48,9.63637,4.25411,0.288496,4.22251
Max Lazar,PHI,RP,FA,25,,-13.66429479,-16.92086521,,3,0,4.27847,1.30029,50,0,4,4,50,41,7.36141,2.74339,0.290385,4.23575
Dietrich Enns,DET,SP,FA,33,,1,1,,1,0,3.8364,1.27362,15,0,1,1,15,15,8.86608,3.2751,0.285757,4.05127
JT Brubaker,NYY,SP,FA,31,,-15.27389087,-18.88791202,,3,1,4.41948,1.29285,44,0,1,1,50,48,8.60036,2.84881,0.292189,4.43002
Jonathan Loaisiga,NYY,RP,FA,30,,-4.823952992,-6.117306219,,4,0,3.44523,1.20771,40,0,1,1,40,34,7.67874,2.51278,0.290756,3.51747
Lucas Gilbreath,COL,RP,FA,29,,-23.21446076,-28.59188242,,2,0,4.7292,1.48531,50,0,4,4,50,46,8.29608,4.62022,0.301248,4.59467
Luis Contreras,HOU,SP,FA,28,,-15.81819707,-19.55309492,,2,0,4.32457,1.34013,44,0,1,1,44,43,8.74863,3.79168,0.287945,4.40571
Jacob Lopez,ATH,SP,FA,26,,-13.30877849,-16.48639769,,2,0,4.06841,1.32849,41,0,1,1,41,40,8.72425,3.76876,0.287471,4.31111
Erik Sabrowski,CLE,P,FA,27,,-5.479289124,-6.918175995,,4,0,3.72582,1.35991,50,0,4,4,50,58,10.3756,4.61131,0.292025,3.96235
Andrew Morris,MIN,SP,FA,23,,1,1,,0,0,4.14676,1.29225,8,0,1,1,8,6,7.10702,2.42854,0.295519,4.12809
Colten Brewer,NYY,RP,FA,32,,1,1,,1,0,4.50495,1.3587,22,0,1,1,22,20,8.35605,3.65903,0.287619,4.39668
Graham Ashcraft,CIN,SP,FA,27,,-15.30464115,-18.92549116,,3,0,4.41096,1.32194,53,0,4,4,53,44,7.46318,2.65403,0.301715,4.16362
Will Klein,SEA,RP,FA,25,,1,1,,1,0,4.26624,1.45381,22,0,1,1,22,22,9.11317,4.97921,0.288453,4.4403
Amos Willingham,ATL,RP,FA,26,,-17.94934074,-22.1575119,,3,0,4.48833,1.40415,44,0,1,1,44,38,7.69307,3.3871,0.297996,4.52902
Brent Headrick,NYY,SP,FA,27,,1,1,,2,0,4.15174,1.27594,34,0,1,1,34,34,9.00938,2.94939,0.290585,4.25372
Yosver Zulueta,CIN,SP,FA,27,,-19.27547225,-23.77814381,,2,0,4.49483,1.4309,46,0,1,1,46,46,8.96882,4.37753,0.301684,4.45621
Sawyer Gipson-Long,DET,SP,FA,27,,-10.41217619,-12.946533,,2,1,3.9784,1.22633,30,0,1,1,37,34,8.23764,2.47662,0.289837,3.93862
Bailey Horn,STL,RP,FA,27,,1,1,,1,0,4.40401,1.45957,22,0,1,1,22,20,8.00913,4.47771,0.290528,4.67262
Noah Cameron,KC,SP,FA,25,,1,1,,1,0,3.98713,1.25946,21,0,1,1,21,19,8.13201,2.57707,0.294046,3.96051
Tyler Matzek,NYY,RP,FA,34,,-16.08378288,-19.87766064,,2,0,4.16518,1.40448,46,0,4,4,46,44,8.565,4.31679,0.290401,4.4244
Kolby Allard,CLE,SP,FA,27,,1,1,,1,0,4.5068,1.32985,19,0,1,1,19,16,7.71495,2.74009,0.293899,4.48907
Carlos Vargas,SEA,SP,FA,25,,-13.71798437,-16.98647788,,3,0,4.00331,1.37889,56,0,7,7,56,47,7.57962,3.65522,0.293668,4.28216
Cade Povich,BAL,SP,FA,24,,-16.40323645,-20.26805679,,6,7,4.24203,1.33532,27,0,1,1,88,81,8.28017,3.40489,0.290661,4.32556
Nick Hernandez,HOU,P,FA,30,,-12.71713825,-15.76336906,,3,0,4.35888,1.29247,52,0,4,4,52,52,9.07499,3.53114,0.280563,4.45791
Casey Legumina,SEA,SP,FA,27,,1,1,,2,0,4.60668,1.36887,34,0,1,1,34,29,7.73094,3.22243,0.293561,4.55738
Marc Church,TEX,SP,FA,23,,-15.99784592,-19.77263924,,3,0,4.41802,1.3501,60,0,5,5,60,60,8.98951,3.71528,0.291058,4.34336
Blake Walston,ARI,SP,FA,23,,1,1,,2,0,4.17225,1.38624,32,0,1,1,32,27,7.55265,3.58067,0.295648,4.33544
Connor Gillispie,MIA,RP,FA,27,,1,1,,2,0,4.59643,1.38489,41,0,1,1,41,34,7.47277,3.39728,0.29069,4.74466
Daniel Bard,(N/A),RP,FA,39,,1,1,,2,0,4.75836,1.50717,34,0,0,0,34,32,8.5453,5.17825,0.293989,4.97078
Joey Lucchesi,SF,SP,FA,31,,1,1,,0,0,4.22888,1.41189,8,0,1,1,8,6,6.38814,3.26347,0.298474,4.35597
Yoendrys Gomez,NYY,SP,FA,25,,-17.03866287,-21.04459541,,2,0,4.48921,1.34105,44,0,1,1,44,42,8.69133,3.76527,0.282433,4.57596
Edgardo Henriquez,LAD,RP,FA,22,,-16.57323461,-20.47580727,,1,0,4.41533,1.36936,33,0,1,1,33,35,9.5492,4.38095,0.286415,4.50645
Lake Bachar,MIA,SP,FA,29,,-16.6427229,-20.56072715,,3,0,4.50981,1.3914,58,1,10,11,58,53,8.18773,3.55684,0.294839,4.55772
Thaddeus Ward,BAL,SP,FA,28,,1,1,,1,0,4.81385,1.52763,16,0,1,1,16,13,7.24036,4.69357,0.295913,5.03338
Randy Dobnak,MIN,SP,FA,30,,1,1,,1,0,4.22663,1.39741,10,0,1,1,10,8,7.26643,3.27848,0.303708,4.23907
Huascar Ynoa,MIN,SP,FA,26,,-12.58059217,-15.59649953,,2,0,4.11534,1.30719,36,0,1,1,36,36,8.95069,3.33345,0.296424,3.96399
Brett de Geus,MIA,RP,FA,27,,-23.11736614,-28.47322553,,2,0,4.78103,1.48644,39,0,1,1,39,27,6.23107,3.56772,0.305457,4.56486
Brandon Eisert,CHW,P,FA,27,,1,1,,1,0,4.05352,1.31968,28,0,1,1,28,26,8.27765,3.26558,0.29348,4.12758
Jack Neely,CHC,SP,FA,24,,1,1,,0,0,4.1038,1.2805,10,0,1,1,10,10,9.42491,3.53848,0.285,4.07934
Owen White,CHW,SP,FA,25,,1,1,,0,0,5.15999,1.46014,12,0,1,1,12,9,6.6678,3.50827,0.295771,5.0224
Carson Ragsdale,SF,SP,FA,26,,1,1,,1,0,4.05995,1.31314,28,0,1,1,28,28,9.06201,3.3653,0.29476,4.05034
Mason Montgomery,TB,SP,FA,24,,-8.680037986,-10.82973054,,3,0,4.04288,1.29649,60,1,12,13,60,58,8.75173,3.32355,0.289331,4.16556
Zach Penrod,BOS,SP,FA,27,,1,1,,1,0,4.27034,1.40309,18,0,1,1,18,19,9.33464,4.29802,0.299133,4.29199
Justin Sterner,ATH,RP,FA,28,,-15.36123137,-18.99464864,,2,0,4.34382,1.33553,44,0,1,1,44,41,8.47661,3.54695,0.28553,4.5563
Andrew Walters,CLE,RP,FA,24,,-10.27197039,-12.77519103,,3,0,3.98228,1.31075,56,0,8,8,56,62,9.89225,4.18143,0.288004,4.10224
Mike Vasil,TB,SP,FA,24,,-15.63836107,-19.33332187,,3,0,4.29469,1.31948,48,0,1,1,48,38,7.1271,2.77697,0.292503,4.37822
Tyler Zuber,NYM,RP,FA,29,,1,1,,2,0,4.83022,1.43265,33,0,1,1,33,31,8.48185,4.31818,0.286797,4.82184
Kyle Bradish,BAL,SP,FA,28,,1,1,,1,1,3.29004,1.15743,12,0,1,1,19,20,9.50286,2.66349,0.29204,3.36132
Carson Seymour,SF,SP,FA,26,,1,1,,1,0,4.00162,1.33572,24,0,1,1,24,19,7.28092,2.91937,0.29893,4.04379
Elvis Alvarado,ATH,RP,FA,26,,1,1,,2,0,4.52888,1.44052,28,0,1,1,28,26,8.37772,4.46583,0.287873,4.7311
Jackson Rutledge,WSH,SP,FA,25,,1,1,,1,1,4.68855,1.41174,26,0,1,1,32,26,7.32275,3.73657,0.289855,4.75576
Riley O'Brien,STL,SP,FA,30,,-13.66959396,-16.92734119,,3,0,4.09493,1.3994,53,0,7,7,53,53,9.00739,4.47441,0.294522,4.28591
Hurston Waldrep,ATL,SP,FA,23,,1,1,,2,1,4.45813,1.44115,15,0,1,1,29,26,8.17437,4.0322,0.297971,4.47781
Caleb Kilian,CHC,SP,FA,27,,1,1,,1,1,4.38117,1.3672,24,0,1,1,31,23,6.93026,3.13742,0.294904,4.35073
Zach Brzykcy,WSH,RP,FA,25,,-19.14197758,-23.61500333,,2,0,4.41513,1.39184,48,0,1,1,48,48,8.90912,4.23722,0.289357,4.52696
Orlando Ribalta,WSH,RP,FA,27,,1,1,,1,0,4.81716,1.47986,28,0,1,1,28,25,8.1287,4.63437,0.288921,4.83698
Jordan Wicks,CHC,SP,FA,25,,-13.551983,-16.78361179,,3,2,4.14466,1.30342,21,0,1,1,46,41,8.00223,3.03835,0.289495,4.2199
Jacob Waguespack,TB,RP,FA,31,,-14.28933193,-17.68470735,,3,1,4.14614,1.34449,43,0,1,1,50,48,8.74604,3.48514,0.297888,4.17247
Bennett Sousa,HOU,RP,FA,29,,-12.47417448,-15.46644916,,3,0,3.98186,1.32576,48,0,1,1,48,48,8.99188,3.68559,0.289256,4.17717
Ben Casparius,LAD,SP,FA,26,,1,1,,2,0,4.6783,1.39178,38,0,1,1,38,37,8.66865,4.04635,0.285542,4.74328
Jonathan Bowlan,KC,SP,FA,28,,-17.93850034,-22.14426411,,2,0,4.46544,1.36551,40,0,1,1,40,31,7.04491,2.90996,0.297292,4.45606
Mason Black,SF,SP,FA,25,,-15.1432389,-18.72824554,,3,1,4.26796,1.3247,37,0,1,1,50,44,7.9859,3.09946,0.292683,4.28871
Forrest Whitley,HOU,SP,FA,27,,-9.109091126,-11.35406557,,3,0,3.93865,1.32439,59,0,11,11,59,62,9.44558,3.94627,0.291538,3.98494
Trevor McDonald,SF,P,FA,24,,-14.44591139,-17.87605916,,2,0,4.12517,1.34089,38,0,1,1,38,30,6.98931,2.96711,0.296337,4.21493
Tejay Antone,CIN,RP,FA,31,,1,1,,0,0,4.80547,1.41434,8,0,1,1,8,7,8.40207,3.85802,0.298765,4.72626
Gordon Graceffo,STL,RP,FA,24,,-17.99605335,-22.2145982,,2,1,4.36883,1.33861,40,0,1,1,47,33,6.44758,2.81739,0.289094,4.50857
Gavin Hollowell,CHC,RP,FA,27,,1,1,,0,0,4.28351,1.33519,6,0,1,1,6,6,9.01984,3.85585,0.289257,4.32658
Ryan Loutos,STL,RP,FA,26,,-17.69552161,-21.84732593,,2,0,4.19985,1.39419,48,0,1,1,48,39,7.3632,3.57858,0.295559,4.2708
Eiberson Castellano,MIN,SP,FA,23,,-16.04209862,-19.82671936,,2,0,4.34256,1.3413,42,0,1,1,42,40,8.58252,3.34183,0.29726,4.35015
Sean Reynolds,SD,RP,FA,26,,-17.52990664,-21.64493205,,2,0,4.30938,1.42999,53,1,6,7,53,52,8.88145,4.68014,0.288046,4.51562
Carson Whisenhunt,SF,SP,FA,24,,-12.67700169,-15.71431918,,2,1,3.95871,1.31519,24,0,1,1,37,36,8.7524,3.4201,0.292653,4.00706
Cristian Mena,ARI,RP,FA,22,,1,1,,1,1,4.1422,1.36151,14,0,1,1,21,18,8.07535,3.50964,0.295958,4.26082
John McMillon,PHI,RP,FA,27,,1,1,,2,0,4.40034,1.44289,21,0,1,1,21,24,10.1125,5.23001,0.287605,4.48318
Michael Mercado,PHI,SP,FA,25,,-21.11254958,-26.02318973,,2,0,4.97263,1.42535,40,0,1,1,40,35,7.93913,3.93367,0.286969,5.02051
Anthony Veneziano,MIA,P,FA,27,,-15.3463304,-18.97643854,,3,0,4.30832,1.39002,56,0,9,9,56,46,7.41158,3.29147,0.299207,4.45107
Victor Mederos,LAA,SP,FA,23,,1,1,,1,0,4.95246,1.48278,26,0,1,1,26,20,6.96587,3.99215,0.294879,5.04256
Seth Johnson,PHI,SP,FA,26,,1,1,,1,0,5.14228,1.51011,24,0,1,1,24,19,7.23647,4.19905,0.291701,5.13677
Drew Smith,NYM,RP,FA,31,,1,1,,1,0,4.26132,1.31842,14,0,1,1,14,14,9.31412,3.77325,0.282296,4.56153
Josiah Gray,WSH,SP,FA,27,,1,1,,1,1,4.76615,1.35373,10,0,1,1,17,15,8.23036,3.56583,0.281407,4.93177
Chase Petty,CIN,SP,FA,21,,1,1,,1,1,4.9492,1.43218,18,0,1,1,32,24,6.87326,3.37195,0.2954,4.88368
Lyon Richardson,CIN,SP,FA,25,,1,1,,0,0,4.81947,1.45808,12,0,1,1,12,11,8.48469,4.29408,0.298023,4.7924
Jake Eder,CHW,SP,FA,26,,1,1,,1,0,4.71136,1.46375,17,0,1,1,17,15,7.87519,4.22285,0.29472,4.8501
Evan Justice,COL,SP,FA,26,,-31.6298751,-38.87614827,,2,0,5.35377,1.67715,46,0,1,1,46,44,8.6355,6.07646,0.306293,5.36283
Connor Phillips,CIN,SP,FA,23,,1,1,,1,0,4.72821,1.43685,21,0,1,1,21,22,9.29248,4.39179,0.297608,4.60532
Logan Henderson,MIL,SP,FA,23,,1,1,,1,0,4.09002,1.19804,10,0,1,1,10,10,9.3759,2.65055,0.281106,4.15164
Richard Fitts,BOS,RP,FA,25,,-18.5464923,-22.88727577,,3,1,4.49301,1.33047,39,0,1,1,53,40,6.78492,2.4773,0.297265,4.40748
Tyler Phillips,PHI,SP,FA,27,,-19.12188099,-23.59044379,,2,0,4.50839,1.37271,43,0,1,1,43,32,6.67918,2.88217,0.29589,4.51511
Mick Abel,PHI,SP,FA,23,,1,1,,1,0,4.76008,1.46334,22,0,1,1,22,20,8.01453,4.48429,0.289312,4.85164
Dane Acker,TEX,RP,FA,25,,1,1,,0,1,5.11418,1.45875,2,0,0,0,8,7,7.28414,3.94821,0.287543,5.16322
Mason Adams,CHW,SP,FA,25,,1,1,,1,2,4.76415,1.37587,5,0,0,0,27,19,6.30003,2.63629,0.2978,4.7792
Travis Adams,MIN,SP,FA,25,,1,1,,1,1,4.50164,1.37006,17,0,1,1,24,18,6.77155,2.85948,0.296971,4.45288
Zach Agnos,COL,RP,FA,24,,1,1,,2,0,4.81253,1.38684,26,0,1,1,26,22,7.78093,3.1382,0.299158,4.74874
Franco Aleman,CLE,RP,FA,24,,1,1,,2,0,3.93751,1.28487,31,0,1,1,31,32,9.21648,3.30796,0.294271,4.00705
Logan Allen,(N/A),RP,FA,27,,1,1,,2,3,4.32607,1.37991,6,0,0,0,34,29,7.76713,3.43111,0.293331,4.52584
Dan Altavilla,CHW,RP,FA,32,,1,1,,1,0,4.7341,1.473,24,0,1,1,24,23,8.50767,4.11751,0.300437,4.82466
Jose Alvarado,TEX,SP,FA,19,,0.604579121,0.516766106,,4,0,3.31416,1.25836,60,3,10,13,60,69,10.4142,4.01794,0.293422,3.35961
Kyle Amendt,ARI,RP,FA,24,,1,1,,2,0,3.82117,1.37405,21,0,1,1,21,24,10.2149,4.60261,0.293854,3.98231
Nick Anderson,STL,RP,FA,34,,-14.81553659,-18.3277688,,3,0,4.23343,1.34547,44,0,1,1,44,39,7.93116,3.32527,0.292318,4.34461
Luinder Avila,KC,SP,FA,23,,1,1,,1,0,4.77259,1.47862,12,0,1,1,12,9,6.54966,3.95658,0.297303,4.74434
Sam Bachman,LAA,SP,FA,25,,-21.9000603,-26.98558673,,2,0,4.61193,1.45241,44,0,1,1,44,36,7.26395,3.94262,0.296675,4.71171
Jordan Balazovic,DET,RP,FA,26,,1,1,,1,0,4.0658,1.35158,10,0,1,1,10,9,8.15518,3.65463,0.292525,4.06395
Angel Bastardo,TOR,SP,FA,22,,1,1,,1,0,4.28161,1.36206,17,0,1,1,17,15,7.99305,3.73312,0.286672,4.48807
