Name,W,QS,ERA,G,SV,HLD,SVH,IP,SO,K/9,BB/9,FIP
Tarik Skubal,14,22,2.83321,32,0,0,0,198,229,10.4049,1.92804,
Paul Skenes,11,20,3.00668,31,0,0,0,174,214,11.0619,2.57281,
Zack Wheeler,14,20,3.30339,32,0,0,0,202,214,9.52623,2.35845,
Chris Sale,14,20,3.03003,31,0,0,0,182,224,11.0595,2.3029,
Garrett Crochet,13,19,2.9928,31,0,0,0,157,200,11.4806,2.79451,
Jacob deGrom,9,16,2.98788,26,0,0,0,132,178,12.1183,1.83806,
Logan Webb,13,20,3.32444,32,0,0,0,201,171,7.6818,1.97592,
Corbin Burnes,13,19,3.33218,31,0,0,0,188,188,8.99744,2.53143,
Dylan Cease,13,19,3.45993,32,0,0,0,185,218,10.6441,3.36815,
Cole Ragans,12,18,3.50897,31,0,0,0,179,201,10.1139,3.36777,
Sonny Gray,13,18,3.41782,31,0,0,0,181,191,9.49641,2.48156,
Pablo López,13,18,3.69979,32,0,0,0,192,201,9.42677,2.22959,
Yoshinobu Yamamoto,12,16,3.45259,28,0,0,0,163,169,9.3599,2.17841,
Sandy Alcantara,11,17,3.65015,29,0,0,0,190,166,7.88521,2.16294,
Aaron Nola,12,17,3.83837,31,0,0,0,188,185,8.85919,2.05686,
Logan Gilbert,12,19,3.36065,32,0,0,0,196,201,9.23676,1.99726,
George Kirby,12,18,3.42113,31,0,0,0,179,169,8.47407,1.33301,
Tyler Glasnow,10,14,3.31855,24,0,0,0,140,173,11.1103,2.54686,
Blake Snell,11,17,3.44997,29,0,0,0,160,209,11.7906,3.96014,
Max Fried,12,17,3.42456,29,0,0,0,174,162,8.33718,2.58123,
Michael King,13,18,3.46246,31,0,0,0,178,193,9.75235,3.18977,
Framber Valdez,13,18,3.34557,29,0,0,0,181,171,8.47125,2.91394,
Cristopher Sánchez,11,16,3.68027,29,0,0,0,171,147,7.73273,2.44085,
Reynaldo López,11,18,3.56544,31,0,0,0,173,184,9.59568,3.02208,
Kevin Gausman,13,18,3.7872,32,0,0,0,192,189,8.85412,2.51476,
Gerrit Cole,11,17,3.82317,31,0,0,0,183,191,9.39602,2.49118,
Hunter Greene,9,16,3.8982,29,0,0,0,169,195,10.3837,3.18612,
Shane McClanahan,11,15,3.34475,34,0,1,1,159,172,9.73801,2.45083,
Joe Ryan,10,15,3.76864,28,0,0,0,158,172,9.79533,2.06634,
Roki Sasaki,11,14,3.47967,24,0,0,0,135,169,11.3185,2.65697,
Spencer Strider,9,13,3.24536,21,0,0,0,119,159,12.0372,2.82404,
Justin Steele,10,17,3.4591,29,0,0,0,166,159,8.60379,2.46876,
Tanner Houck,11,15,3.89899,40,0,1,1,178,160,8.07527,2.73088,
Ranger Suárez,11,15,3.61999,40,0,1,1,166,149,8.08055,2.81617,
Shota Imanaga,11,17,3.57509,29,0,0,0,172,174,9.09363,1.98598,
Luis Castillo,12,18,3.56023,31,0,0,0,181,184,9.15104,2.5604,
Hunter Brown,12,16,3.70994,29,0,0,0,166,171,9.28281,3.17212,
Freddy Peralta,11,17,3.76448,31,0,0,0,171,195,10.2546,3.30188,
Yusei Kikuchi,10,16,3.92241,31,0,0,0,169,189,10.0662,2.8724,
Spencer Schwellenbach,12,16,3.71006,29,0,0,0,165,159,8.67197,2.07616,
Seth Lugo,11,17,3.98072,31,0,0,0,188,161,7.69794,2.49985,
Brandon Woodruff,9,15,3.61308,26,0,0,0,153,170,9.95324,2.52945,
Zach Eflin,11,16,3.83384,29,0,0,0,174,145,7.48575,1.54103,
MacKenzie Gore,10,17,3.85658,31,0,0,0,167,178,9.60836,3.38785,
Nick Martinez,10,11,3.99469,49,0,1,1,168,143,7.6981,2.30618,
Nathan Eovaldi,10,15,3.99059,29,0,0,0,172,163,8.54047,2.38883,
Brayan Bello,11,15,4.09139,29,0,0,0,163,150,8.26808,3.21534,
Carlos Rodón,12,16,4.00793,31,0,0,0,171,191,10.0401,2.8405,
Zac Gallen,12,16,3.68876,29,0,0,0,170,167,8.87279,2.8113,
Tanner Bibee,10,16,3.68112,29,0,0,0,167,171,9.20215,2.52447,
Grayson Rodriguez,10,16,3.73069,28,0,0,0,157,168,9.59397,2.80261,
Clay Holmes,13,12,3.60731,49,0,1,1,164,148,8.0931,3.17043,
Jared Jones,9,14,3.89985,36,0,1,1,159,162,9.18346,2.90942,
Mitch Keller,10,16,4.13665,31,0,0,0,180,163,8.13003,2.72205,
Kodai Senga,10,14,3.65127,34,0,1,1,160,173,9.72194,3.83057,
Jack Flaherty,11,16,3.7959,29,0,0,0,164,178,9.77149,2.86522,
Bailey Ober,10,15,3.97888,29,0,0,0,167,171,9.23663,2.17678,
Brady Singer,9,14,4.53533,29,0,0,0,167,159,8.61671,2.65985,
Nick Lodolo,8,12,4.24187,24,0,0,0,132,144,9.82653,2.94824,
Germán Márquez,8,13,4.67655,28,0,0,0,156,129,7.44256,3.0456,
Nick Pivetta,10,14,4.04053,28,0,0,0,154,171,10.0281,2.88678,
Bryce Miller,10,17,3.76855,31,0,0,0,172,162,8.49135,2.37088,
Drew Rasmussen,9,10,3.32966,43,0,1,1,125,121,8.70035,2.23024,
Yu Darvish,11,15,4.10284,29,0,0,0,164,156,8.52479,2.4609,
José Soriano,9,14,3.97504,26,0,0,0,146,142,8.73672,3.86034,
Clarke Schmidt,9,11,3.96808,41,0,1,1,146,145,8.95834,2.97195,
Nestor Cortes,9,10,3.75011,44,0,1,1,144,144,9.04385,2.34269,
Brandon Pfaadt,9,11,3.91253,33,0,1,1,138,136,8.88352,2.10907,
Jesús Luzardo,10,12,4.14657,41,0,1,1,158,163,9.28897,3.09798,
Chris Bassitt,11,16,4.09032,31,0,0,0,177,161,8.19078,3.06556,
Shohei Ohtani,9,12,3.6314,21,0,0,0,123,137,10.0938,3.19533,
Michael Wacha,9,14,4.18041,28,0,0,0,155,132,7.64342,2.64804,
Mason Miller,4,0,2.69784,67,30,2,32,67,98,13.1836,3.12342,
Taj Bradley,10,15,4.06757,29,0,0,0,159,164,9.2759,2.95557,
Reese Olson,8,14,3.90371,26,0,0,0,134,124,8.29586,3.00561,
Jhoan Duran,7,0,2.5771,65,22,5,27,65,81,11.2114,2.80763,
Max Scherzer,8,11,3.76262,27,0,1,1,122,127,9.36344,2.20067,
Eduardo Rodriguez,10,12,3.84807,32,0,1,1,143,132,8.30608,2.82654,
José Berríos,12,17,4.18313,32,0,0,0,194,167,7.75468,2.47626,
Bryan Woo,8,14,3.71208,26,0,0,0,134,125,8.40062,1.97042,
Kumar Rocker,6,11,3.82899,36,0,1,1,122,125,9.26384,2.65698,
Ryan Feltner,7,14,4.78142,31,0,0,0,170,147,7.77239,3.17698,
Jon Gray,8,10,4.35298,40,0,1,1,148,136,8.22947,2.74231,
Erick Fedde,9,15,4.21055,29,0,0,0,164,144,7.90909,2.81807,
Walker Buehler,9,12,4.26283,40,0,1,1,150,129,7.76386,2.76702,
Ryan Pepiot,10,15,4.03516,29,0,0,0,155,163,9.47972,3.31433,
Sean Manaea,9,14,4.173,28,0,0,0,159,160,9.04505,3.05611,
Jeffrey Springs,8,13,3.71524,34,0,1,1,133,131,8.86997,2.51738,
David Peterson,9,13,3.89694,32,0,1,1,147,136,8.36418,3.56251,
Matthew Boyd,8,12,3.79316,31,0,1,1,122,124,9.13175,2.85047,
Edwin Díaz,5,0,2.94196,65,36,2,38,65,93,12.8696,3.22208,
Félix Bautista,5,0,2.66014,60,26,4,30,60,85,12.7927,3.23062,
Emmanuel Clase,5,0,2.62612,66,34,2,36,66,66,9.04999,1.95132,
Andre Pallante,9,12,3.92336,41,0,1,1,153,113,6.64477,3.61746,
Reid Detmers,7,8,4.10169,36,0,1,1,116,128,9.91271,3.13936,
Robbie Ray,9,15,3.90717,28,0,0,0,151,161,9.64346,2.88175,
Gavin Williams,8,13,3.98842,26,0,0,0,131,132,9.06988,3.42434,
Miles Mikolas,9,15,4.45862,31,0,0,0,176,123,6.29175,1.74883,
Tyler Mahle,8,13,4.28777,26,0,0,0,141,131,8.38424,2.86116,
Luis Severino,9,15,4.30625,31,0,0,0,177,152,7.72776,2.94098,
Merrill Kelly,9,14,4.03267,26,0,0,0,149,131,7.89457,2.78278,
Ryan Helsley,6,0,2.91613,66,35,2,37,66,82,11.1473,3.29888,
Lucas Giolito,8,10,4.42816,33,0,1,1,137,137,9.01506,3.15694,
Bowden Francis,11,12,4.1332,36,0,1,1,157,145,8.29143,2.46266,
Mitchell Parker,8,12,4.28713,36,0,1,1,148,131,7.95812,3.35278,
Alex Cobb,5,10,3.82118,18,0,0,0,95,78,7.41928,2.74373,
Josh Hader,6,0,3.10286,68,33,2,35,68,96,12.7273,3.46521,
Ronel Blanco,10,14,4.15411,28,0,0,0,159,158,8.92771,3.74572,
Shane Bieber,6,8,3.6179,25,0,1,1,96,93,8.68033,2.29353,
Andrés Muñoz,6,0,2.72693,64,26,4,30,64,85,11.9369,3.45395,
Jameson Taillon,10,14,4.31105,29,0,0,0,165,132,7.18037,2.16923,
Andrew Abbott,8,11,4.56678,24,0,0,0,133,127,8.60045,3.28134,
Tanner Scott,6,0,3.03171,66,25,8,33,66,82,11.1406,4.01356,
Jeff Hoffman,4,0,2.97653,65,26,4,30,65,80,11.0356,3.01004,
Luis Garcia,9,9,4.00506,33,0,1,1,121,119,8.88572,2.84378,
Jake Irvin,9,14,4.43507,29,0,0,0,163,135,7.47149,2.8601,
Cade Smith,4,0,3.01844,68,2,14,16,68,86,11.3629,3.07271,
Max Meyer,7,11,4.29614,34,0,1,1,133,117,7.89286,3.09899,
Devin Williams,5,0,2.94775,63,31,3,34,63,84,11.9478,4.02862,
Kutter Crawford,8,7,4.35245,53,0,1,1,134,129,8.66515,2.51331,
Tobias Myers,8,10,4.19632,42,0,1,1,142,129,8.21493,2.7755,
Ryan Weathers,7,12,4.29696,32,0,1,1,142,124,7.9101,3.31796,
Kris Bubic,7,8,4.0665,42,0,1,1,115,109,8.56916,3.20059,
Aaron Civale,8,11,4.31437,39,0,1,1,146,136,8.40987,2.68879,
Chris Paddack,7,7,4.22044,55,0,1,1,124,115,8.31313,2.26959,
David Festa,6,7,3.99565,42,0,1,1,106,111,9.41759,3.30575,
Griffin Jax,5,0,3.21056,70,8,11,19,70,83,10.6384,2.5339,
Spencer Arrighetti,9,13,4.32247,26,0,0,0,138,145,9.42249,3.86639,
Edward Cabrera,7,10,4.16853,35,0,1,1,125,133,9.61473,4.25922,
Justin Verlander,8,12,4.18403,24,0,0,0,138,111,7.20782,2.45249,
Davis Martin,6,11,4.50847,24,0,0,0,123,108,7.86315,3.33578,
Matt Strahm,5,0,3.26625,67,3,12,15,67,79,10.599,2.32544,
Luis Gil,7,9,4.17668,32,0,1,1,114,128,10.0852,4.32398,
Kyle Freeland,7,12,5.04391,28,0,0,0,152,109,6.49314,2.47503,
Dean Kremer,8,12,4.21197,24,0,0,0,130,115,7.94758,3.01916,
Charlie Morton,9,14,4.2903,28,0,0,0,154,153,8.91131,3.56358,
Kyle Gibson,7,11,4.36011,23,0,0,0,130,110,7.58112,3.3119,
Tyler Anderson,9,13,4.62271,29,0,0,0,169,136,7.26848,3.26559,
Shane Baz,8,11,4.28818,39,0,1,1,142,131,8.31998,3.29837,
Steven Matz,6,8,4.00892,42,0,1,1,116,102,7.91952,2.7311,
Martín Pérez,6,11,4.55554,24,0,0,0,136,100,6.64928,3.28325,
Grant Holmes,6,7,3.99362,45,0,1,1,114,110,8.651,2.9396,
Zack Littell,8,10,4.2684,35,0,1,1,136,116,7.68271,2.06232,
Bryan Abreu,4,0,3.15222,72,2,15,17,72,93,11.5761,3.67233,
Raisel Iglesias,5,0,3.14111,68,32,1,33,68,76,10.082,2.24938,
Kyle Harrison,7,12,4.10453,24,0,0,0,126,128,9.15113,3.34562,
Casey Mize,6,11,4.23514,23,0,0,0,118,94,7.17663,2.53642,
Antonio Senzatela,6,8,5.06593,42,0,1,1,135,85,5.65706,2.60992,
Ryan Walker,5,0,3.03958,68,28,5,33,68,81,10.6964,2.81368,
Jose Quintana,8,12,4.30568,24,0,0,0,131,108,7.3663,3.52164,
Chris Martin,4,0,3.37252,58,20,6,26,58,58,9.01643,1.64429,
Justin Martinez,5,0,3.10974,67,17,9,26,67,84,11.2931,4.73139,
Clayton Kershaw,5,7,3.80886,13,0,0,0,68,63,8.36371,2.41063,
Aroldis Chapman,5,0,3.23509,63,12,9,21,63,93,13.3189,5.10149,
Jonathan Cannon,7,11,4.75123,32,0,1,1,155,115,6.63299,3.05126,
Andrew Heaney,7,10,4.51024,35,0,1,1,130,124,8.58218,2.81667,
Gregory Santos,3,0,2.94792,62,5,13,18,62,67,9.74429,2.92704,
Simeon Woods Richardson,6,12,4.54403,26,0,0,0,130,111,7.69279,3.42852,
Lance Lynn,6,10,4.40882,21,0,0,0,118,109,8.31385,3.07623,
Marcus Stroman,8,9,4.39137,42,0,1,1,136,102,6.74715,3.10651,
Orion Kerkering,4,0,3.16954,63,5,12,17,63,72,10.348,2.82612,
Eury Pérez,4,8,3.86038,15,0,0,0,73,80,9.75956,2.87186,
Aaron Bummer,5,0,3.0264,61,1,14,15,61,71,10.4223,3.60012,
Rhett Lowder,6,7,4.64963,42,0,1,1,117,93,7.15619,2.81887,
Robert Garcia,5,0,3.46436,64,8,10,18,64,74,10.4553,3.22983,
Jordan Montgomery,7,7,4.0693,42,0,1,1,117,93,7.16345,2.74044,
Trevor Megill,3,0,3.43453,64,28,2,30,64,78,10.9673,3.18885,
Quinn Mathews,5,8,3.97585,28,0,1,1,99,93,8.47029,3.31357,
Jordan Hicks,8,11,4.06093,40,0,1,1,136,127,8.36578,4.01884,
DJ Herz,6,8,4.19536,36,0,1,1,109,119,9.78663,4.5429,
Alec Marsh,7,7,4.47772,36,0,1,1,111,106,8.59885,3.30575,
Lance McCullers Jr.,5,5,3.68977,39,0,1,1,92,90,8.83822,3.56985,
Frankie Montas,6,9,4.35447,19,0,0,0,102,97,8.5838,3.43346,
Sean Burke,6,9,4.66982,31,0,1,1,118,111,8.51742,4.12918,
A.J. Puk,5,0,3.2634,64,17,7,24,64,78,10.9272,3.14362,
Lucas Erceg,4,0,3.45557,67,11,10,21,67,75,10.1396,3.73948,
Luis L. Ortiz,8,10,4.288,38,0,1,1,149,127,7.66525,3.27628,
Zebby Matthews,5,5,4.02931,39,0,1,1,87,80,8.25044,1.8677,
David Bednar,4,0,3.70785,64,28,4,32,64,68,9.61732,3.27651,
Ryan Pressly,3,0,3.37857,61,25,5,30,61,63,9.32453,2.69163,
Austin Gomber,7,10,5.16996,26,0,0,0,143,102,6.42318,2.50475,
Kyle Wright,6,5,4.24177,35,0,1,1,94,78,7.47265,3.02588,
Keegan Akin,3,0,3.4232,70,2,16,18,70,79,10.2067,2.47609,
Pete Fairbanks,4,0,3.46473,60,22,7,29,60,67,10.0373,3.38715,
Jeremiah Estrada,4,0,3.25938,63,3,13,16,63,85,12.1162,3.89994,
Bailey Falter,6,8,4.48684,43,0,1,1,124,91,6.64518,2.62266,
Blake Treinen,5,0,3.33735,59,6,14,20,59,64,9.69823,2.79242,
Mitch Spence,6,8,4.35932,31,0,1,1,120,94,7.05789,2.72773,
Garrett Whitlock,4,0,3.6239,67,2,16,18,67,67,9.06572,2.10601,
Michael Lorenzen,7,8,4.55671,56,0,1,1,148,114,6.91506,3.67664,
JP Sears,10,14,4.54942,31,0,0,0,176,145,7.38418,2.60367,
Ben Joyce,3,0,3.47136,62,7,10,17,62,75,10.8404,4.05027,
Javier Assad,7,9,4.28392,45,0,1,1,137,113,7.46702,3.49248,
Ben Lively,9,12,4.52277,26,0,0,0,141,111,7.05754,2.91757,
Ian Anderson,5,7,4.25919,24,0,1,1,92,79,7.76446,3.65942,
Cade Cavalli,5,6,4.2288,28,0,1,1,82,78,8.51756,3.65719,
Fernando Cruz,4,0,3.25185,61,0,13,13,61,83,12.2263,3.95882,
Jason Adam,5,0,3.34289,67,3,12,15,67,77,10.3919,3.12783,
Michael Soroka,7,6,4.44239,52,0,1,1,121,113,8.41088,3.53453,
Colin Rea,6,8,4.53009,31,0,1,1,122,97,7.12461,2.45625,
José Alvarado,4,0,3.31413,60,3,10,13,60,69,10.4143,4.01792,
Paul Blackburn,7,6,4.38895,46,0,1,1,115,94,7.37389,2.87015,
Yariel Rodríguez,6,5,3.98689,59,0,1,1,100,105,9.44092,3.79196,
Hunter Harvey,3,0,3.53348,60,2,14,16,60,62,9.32819,2.81821,
Cade Povich,6,7,4.24202,27,0,1,1,88,81,8.28021,3.40487,
Cody Bradford,5,4,4.20317,47,0,1,1,88,79,8.04619,1.96524,
A.J. Minter,5,0,3.36916,54,2,11,13,54,60,10.0447,2.9807,
Drew Thorpe,5,7,4.75673,16,0,0,0,86,68,7.06959,3.24208,
Ian Hamilton,3,0,3.46017,60,1,15,16,60,66,9.9461,3.62046,
Kevin Ginkel,5,0,3.30591,61,3,14,17,61,65,9.58561,2.84652,
Tomoyuki Sugano,7,10,4.68602,23,0,0,0,129,96,6.65022,1.97207,
Kenley Jansen,3,0,3.82842,60,26,4,30,60,68,10.1927,3.41475,
Carlos Estévez,5,0,3.86509,64,21,6,27,64,63,8.80185,3.14041,
Spencer Turnbull,3,5,4.30288,11,0,0,0,63,57,8.19351,3.29369,
Liam Hendriks,4,0,3.88404,61,23,6,29,61,70,10.3231,2.85715,
Pierce Johnson,5,0,3.60084,64,2,12,14,64,78,10.95,3.76619,
Robert Suarez,5,0,3.65655,65,28,4,32,65,65,9.03145,3.05884,
Osvaldo Bido,7,6,4.39873,42,0,1,1,112,103,8.24079,3.66552,
Hayden Wesneski,6,5,4.34315,49,0,1,1,106,98,8.36531,2.9815,
Camilo Doval,5,0,3.3092,62,10,12,22,62,75,10.9514,4.14132,
Anthony Bender,3,0,3.67595,60,5,12,17,60,63,9.4353,3.28145,
Cole Sands,4,0,3.66064,64,1,15,16,64,70,9.81355,2.80438,
Jason Foley,4,0,3.54239,63,13,7,20,63,51,7.34548,2.61843,
David Robertson,4,0,3.49063,57,0,0,0,57,70,11.0243,3.68972,
Cal Quantrill,7,11,4.81356,26,0,0,0,143,104,6.53395,3.36034,
Matt Waldron,4,5,4.51622,21,0,1,1,80,66,7.41188,2.58246,
Tyler Holton,4,0,3.40482,72,6,13,19,72,64,7.945,2.30982,
Will Vest,3,0,3.38969,68,2,12,14,68,66,8.75907,2.80313,
Dustin May,4,2,3.57203,53,0,7,7,74,78,9.48631,2.94597,
Chase Dollander,4,7,5.06042,18,0,0,0,95,85,8.10648,3.58325,
Kyle Hendricks,6,10,5.1259,24,0,0,0,127,89,6.33322,2.65518,
Luke Weaver,3,0,3.91239,68,6,13,19,68,73,9.61735,2.68008,
Dylan Lee,4,0,3.3188,62,0,13,13,62,71,10.3636,2.58998,
Ryne Nelson,6,4,4.09168,55,0,1,1,100,82,7.41408,2.36268,
Tony Gonsolin,6,6,4.4859,39,0,1,1,99,86,7.7953,3.02726,
Kirby Yates,5,0,3.58916,60,9,11,20,60,73,10.9162,4.34049,
Hayden Birdsong,6,8,4.2301,40,0,1,1,108,113,9.45065,4.08197,
Bubba Chandler,4,7,4.50682,15,0,0,0,75,65,7.78761,3.65133,
Joey Cantillo,5,5,4.00994,37,0,1,1,82,85,9.25673,4.08992,
Jack Leiter,6,7,4.77584,40,0,1,1,113,114,9.06061,3.97943,
Jordan Romano,5,0,3.83202,59,23,4,27,59,64,9.80502,3.33123,
Trevor Williams,6,6,4.53079,53,0,1,1,113,90,7.216,2.84206,
Reed Garrett,6,0,3.57601,66,0,15,15,66,77,10.5639,4.05356,
Johan Oviedo,4,4,4.31157,32,0,1,1,76,68,8.03365,3.64131,
Alex Vesia,4,0,3.53325,58,0,14,14,58,74,11.4191,3.90451,
Brock Stewart,3,0,3.14018,56,1,9,10,56,72,11.5479,3.56174,
Yimi García,4,0,3.60036,61,3,14,17,61,67,9.86638,2.82697,
Brock Burke,3,0,3.84888,66,1,16,17,66,66,9.00646,3.13995,
Jesus Tinoco,3,0,3.81975,64,6,10,16,64,64,9.0327,3.4431,
Tylor Megill,5,2,3.9897,53,0,1,1,81,83,9.26131,3.28808,
Andrew Painter,3,4,4.53002,19,0,1,1,64,62,8.76142,3.36532,
Alexis Díaz,4,0,4.15331,65,28,3,31,65,69,9.60141,4.28022,
Patrick Corbin,4,7,4.95277,16,0,0,0,88,68,6.95024,2.94594,
Dennis Santana,3,0,3.96706,66,2,12,14,66,63,8.60829,3.61713,
Colin Holderman,4,0,3.89101,62,3,13,16,62,63,9.07418,3.72918,
Bryan Hudson,3,0,3.51998,60,1,11,12,60,65,9.74438,3.26859,
Jack Kochanowicz,5,6,4.78994,29,0,1,1,97,54,5.03447,2.45755,
Caleb Ferguson,3,0,3.44289,60,1,11,12,60,63,9.47847,3.61395,
Adrian Morejon,3,0,3.54673,61,1,12,13,61,65,9.52779,3.17292,
Alex Wood,4,6,4.66589,13,0,0,0,69,57,7.44702,3.20909,
AJ Smith-Shawver,4,3,4.1716,43,0,1,1,74,77,9.36034,3.62007,
Tanner Banks,3,0,3.72499,68,0,12,12,68,67,8.9052,2.85462,
Matthew Liberatore,5,2,3.96707,65,2,12,14,85,78,8.30447,3.25575,
Justin Slaten,4,0,3.91813,64,0,13,13,64,67,9.42407,3.32039,
Calvin Faucher,3,0,3.91425,63,22,6,28,63,66,9.41341,4.05668,
Tim Herrin,4,0,3.39764,62,0,14,14,62,66,9.5829,3.69476,
Yennier Cano,4,0,3.33715,61,1,12,13,61,60,8.81832,3.0724,
Jared Koenig,4,0,3.75735,62,2,11,13,62,60,8.73414,3.19235,
Edwin Uceta,3,0,3.91333,65,9,11,20,65,70,9.70622,3.46557,
J.T. Ginn,4,5,4.43818,35,0,1,1,91,67,6.63168,3.09333,
Randy Vásquez,4,4,4.43825,27,0,1,1,67,51,6.90177,2.99804,
Ryan Brasier,3,0,3.62419,58,2,13,15,58,55,8.48246,2.62372,
Seranthony Domínguez,4,0,3.70567,62,3,12,15,62,68,9.80988,3.54778,
John Schreiber,4,0,3.88239,61,1,12,13,61,56,8.30349,3.57307,
Bryse Wilson,4,4,4.88576,39,0,1,1,100,72,6.49013,2.84023,
Landen Roupp,4,2,3.7775,55,0,4,4,75,74,8.81311,3.59661,
Bryce Elder,3,3,4.19114,16,0,1,1,46,39,7.53651,3.00546,
Erik Miller,4,0,3.47974,61,1,12,13,61,76,11.189,4.7761,
Derek Law,4,0,3.87292,72,5,13,18,72,62,7.7276,3.20597,
Ben Brown,3,1,3.59409,31,0,1,1,45,50,10.0604,3.378,
Nick Mears,3,0,3.7323,59,0,11,11,59,73,11.1106,4.20213,
Ryan Fernandez,4,0,3.76201,65,1,16,17,65,64,8.86105,3.51053,
Anthony DeSclafani,3,5,4.632,10,0,0,0,54,42,7.01279,2.49727,
Joel Payamps,5,0,3.67342,61,2,13,15,61,60,8.85317,2.97993,
Gregory Soto,4,0,3.49462,59,0,10,10,59,67,10.2843,3.86317,
Andrew Nardi,3,0,3.6153,58,1,10,11,58,72,11.1613,3.59099,
José Leclerc,4,0,3.90274,64,3,13,16,64,74,10.4517,4.27115,
Noah Schultz,1,3,4.33051,6,0,0,0,31,28,8.07124,3.08117,
Griffin Canning,5,4,4.59078,46,0,1,1,98,88,8.04739,3.12621,
Jakob Junis,4,2,4.28605,59,0,7,7,83,76,8.31214,2.12382,
JoJo Romero,4,0,3.52592,61,1,13,14,61,60,8.88948,3.0307,
José Buttó,3,0,3.69643,63,1,16,17,63,67,9.51859,3.57749,
Jose A. Ferrer,3,0,3.88872,62,3,11,14,62,51,7.40869,3.01278,
Aaron Ashby,4,2,4.04021,41,0,1,1,63,62,8.82652,4.61585,
Andrew Kittredge,5,0,3.7593,66,2,13,15,66,61,8.25813,2.40774,
Trevor Rogers,3,2,4.24767,27,0,1,1,54,47,7.72598,3.28784,
Tyler Rogers,4,0,3.7499,70,1,14,15,70,50,6.36792,1.83988,
Ryan Thompson,5,0,3.69037,63,0,13,13,63,51,7.24185,2.64729,
Wade Miley,3,4,4.92927,10,0,0,0,52,34,5.9716,3.18574,
Joe Mantiply,4,0,3.59418,59,0,11,11,59,51,7.77604,2.66833,
Joe Kelly,2,0,3.72097,34,0,0,0,34,40,10.5594,4.23168,
Taylor Rogers,3,0,4.33251,62,3,13,16,62,71,10.2939,3.66442,
Garrett Cleavinger,5,0,3.8616,63,3,15,18,63,74,10.5963,4.09652,
Caden Dana,4,5,4.92308,13,0,0,0,69,59,7.60761,3.39056,
Kyle Finnegan,4,0,3.96784,64,22,6,28,64,61,8.60006,3.34693,
Shawn Armstrong,3,0,4.1972,61,1,12,13,61,59,8.67606,2.87761,
Jackson Jobe,5,8,4.63623,31,0,1,1,112,87,6.96447,3.3569,
Jordan Wicks,3,2,4.14478,21,0,1,1,46,41,8.00229,3.03837,
Hoby Milner,3,0,3.91769,58,0,11,11,58,53,8.18652,2.41133,
Will Warren,2,1,4.11618,31,0,1,1,45,43,8.58786,2.91951,
Shinnosuke Ogasawara,0,4,4.91346,46,0,0,0,80,74,8.28321,3.69789,
Caleb Thielbar,3,0,3.71106,56,0,10,10,56,61,9.80951,3.20661,
Mark Leiter Jr.,3,0,3.90964,58,0,12,12,58,67,10.4698,3.44346,
Declan Cronin,3,0,3.94437,67,1,13,14,67,58,7.75914,3.45219,
Dane Dunning,4,1,4.30801,63,0,5,5,78,71,8.19647,2.99552,
José Quijada,3,0,4.01448,62,0,12,12,62,72,10.4173,4.67954,
José Suarez,3,1,4.19055,62,0,10,10,69,67,8.73489,3.24185,
Braxton Ashcraft,2,1,4.06614,33,0,1,1,46,38,7.51042,2.22167,
Yuki Matsui,3,0,3.60408,56,0,9,9,56,65,10.4115,3.99055,
DL Hall,2,1,3.95208,40,0,1,1,52,56,9.65785,4.008,
Porter Hodge,3,0,3.86524,63,11,10,21,63,68,9.74696,4.24791,
Jorge Alcala,3,0,4.01867,60,1,12,13,60,63,9.50996,3.48268,
Jacob Webb,3,0,4.25984,62,2,14,16,62,63,9.18092,3.94582,
Sawyer Gipson-Long,3,1,4.01858,31,0,1,1,45,41,8.15651,2.49272,
Greg Weissert,3,0,4.02737,60,0,12,12,60,58,8.72322,3.42079,
Adam Mazur,2,3,4.72981,6,0,0,0,33,25,6.83456,2.80769,
Logan Allen,2,3,4.32843,6,0,0,0,34,29,7.76885,3.43185,
Brandon Sproat,1,2,4.22844,5,0,0,0,25,22,7.84824,3.36833,
Justin Wilson,3,0,4.14981,58,0,10,10,58,60,9.2616,3.12162,
Kyle Hart,5,6,4.66544,34,0,1,1,102,73,6.40053,3.15826,
Dedniel Núñez,3,0,3.48631,49,0,4,4,49,55,10.1723,3.30131,
Gabe Speier,3,0,3.57169,58,0,10,10,58,61,9.48053,2.99771,
Kyle Bradish,1,1,3.29004,12,0,1,1,19,20,9.50286,2.66349,
Michel Otañez,4,0,3.83219,61,0,13,13,61,75,11.0474,4.99272,
Louis Varland,4,1,3.96764,56,0,7,7,63,61,8.70847,2.51117,
Daysbel Hernández,4,0,3.77798,58,0,11,11,58,68,10.6243,4.34047,
Kenta Maeda,3,1,4.39547,63,0,5,5,77,71,8.2948,2.52281,
Joe Boyle,3,2,4.28637,41,0,1,1,59,69,10.4978,5.76328,
Craig Kimbrel,3,0,3.9312,40,0,0,0,40,49,10.9139,4.29768,
Victor Vodnik,3,0,4.43689,66,3,11,14,66,63,8.59205,4.3308,
Manuel Rodríguez,4,0,3.81117,61,2,13,15,61,58,8.60935,3.39283,
Forrest Whitley,3,0,3.93863,59,0,11,11,59,62,9.44566,3.94627,
Brady Basso,3,1,3.88516,55,0,5,5,61,56,8.25626,2.43168,
Angel Zerpa,3,0,3.86681,59,0,12,12,59,51,7.74261,3.03727,
John King,3,0,3.65616,59,0,12,12,59,40,6.06374,2.46464,
Mason Adams,1,2,4.76415,5,0,0,0,27,19,6.30003,2.63629,
Danny Coulombe,3,0,3.48479,51,0,4,4,51,52,9.16863,2.74908,
Stephen Kolek,3,1,4.24218,31,0,1,1,47,38,7.28854,3.31602,
Elvis Peguero,4,0,3.85239,56,0,9,9,56,53,8.46349,3.69917,
Chad Green,5,0,3.93837,63,5,12,17,63,60,8.61604,2.7146,
Scott Alexander,3,0,4.11861,56,0,9,9,56,42,6.82595,2.95871,
Bobby Miller,3,1,4.03153,40,0,1,1,47,45,8.75922,3.06208,
Albert Suárez,4,2,4.34476,59,0,5,5,81,70,7.8735,2.7713,
Keider Montero,2,2,4.36162,22,0,1,1,42,36,7.63182,3.10999,
Tayler Scott,4,0,3.93299,65,1,16,17,65,65,9.02956,3.90496,
Carson Whisenhunt,2,1,3.95871,24,0,1,1,37,36,8.7524,3.42011,
Paul Sewald,3,0,3.84622,59,1,12,13,59,66,10.0468,2.96798,
Emilio Pagán,4,0,4.51807,64,3,12,15,64,65,9.17037,2.92029,
Tony Santillan,3,0,4.39047,58,1,11,12,58,66,10.2395,4.1911,
Beau Brieske,3,0,4.01998,66,10,10,20,66,62,8.51668,3.27202,
Jorge López,3,0,4.14315,60,7,12,19,60,53,7.88384,3.25876,
Sam Moll,3,0,4.16511,55,0,10,10,55,55,9.03584,3.81554,
Jalen Beeks,2,0,3.96011,37,0,0,0,37,33,8.05851,3.49129,
Matt Brash,3,0,3.01452,48,0,1,1,48,62,11.614,3.8949,
Ryan Burr,3,0,3.55523,50,0,4,4,50,56,10.0083,3.10023,
Chayce McDermott,2,1,4.11711,31,0,1,1,45,48,9.63642,4.25411,
Carmen Mlodzinski,4,0,4.06686,61,1,12,13,61,54,8.00007,3.53367,
Patrick Sandoval,1,1,3.82197,8,0,1,1,15,14,8.72013,3.55899,
Trent Thornton,3,0,3.73328,67,0,14,14,67,66,8.83941,2.69384,
Evan Phillips,3,0,3.31417,44,0,1,1,44,49,10.0877,2.83146,
Seth Halvorsen,4,0,4.67179,63,9,8,17,63,58,8.26342,3.817,
Richard Fitts,3,1,4.49302,39,0,1,1,53,40,6.78492,2.47731,
Kevin Kelly,3,0,3.63639,53,0,5,5,53,47,8.03268,2.21507,
Michael McGreevy,2,1,3.80887,34,0,1,1,41,30,6.62556,2.13854,
Slade Cecconi,3,1,4.14797,44,0,1,1,51,46,8.18334,2.03266,
Michael Grove,3,0,3.96853,45,0,4,4,45,48,9.50049,2.84826,
Robby Snelling,1,2,4.68386,5,0,0,0,25,18,6.6308,3.53278,
Julian Merryweather,3,0,3.74435,52,0,4,4,52,58,10.052,3.68628,
Tink Hence,1,1,4.26213,3,0,0,0,16,13,7.5136,3.18964,
Anthony Banda,3,0,4.07454,57,0,13,13,57,56,8.83654,3.49948,
Jonathan Loáisiga,4,0,3.44522,40,0,1,1,40,34,7.6788,2.51281,
Landon Knack,3,1,4.24232,42,0,1,1,48,47,8.80478,2.83413,
Joe Ross,3,1,4.37316,56,0,6,6,63,55,7.90631,3.29052,
Tyson Miller,3,0,3.9738,62,1,12,13,62,57,8.24706,2.91941,
Tommy Kahnle,2,0,3.77684,58,2,10,12,58,59,9.20228,3.92719,
Fraser Ellard,3,0,4.28427,62,6,10,16,62,61,8.78894,4.47991,
Tristan Beck,3,1,3.98626,48,0,1,1,55,48,7.7608,2.58582,
Jairo Iriarte,3,3,4.96547,30,0,1,1,66,56,7.694,4.31193,
Ryne Stanek,4,0,3.84101,58,0,12,12,58,66,10.1869,4.11733,
Hurston Waldrep,2,1,4.45813,15,0,1,1,29,26,8.17437,4.0322,
Tyler Kinley,3,0,4.72232,64,18,6,24,64,67,9.41603,3.84983,
John Brebbia,3,0,4.14182,57,0,9,9,57,61,9.70261,2.95326,
Brennan Bernardino,3,0,3.95345,52,0,4,4,52,52,8.97371,3.51163,
Luke Jackson,3,0,3.95825,55,0,10,10,55,58,9.56168,4.02158,
Graham Ashcraft,3,0,4.41093,53,0,4,4,53,44,7.46326,2.65405,
Cooper Criswell,2,1,4.43405,23,0,1,1,30,22,6.83027,2.4537,
Nick Nastrini,3,4,5.33473,23,0,1,1,75,65,7.78801,4.91247,
Daniel Lynch IV,3,1,4.30203,52,0,4,4,59,48,7.2657,2.70062,
Carlos Rodriguez,2,1,4.57156,15,0,1,1,30,27,8.07164,3.49088,
Sean Hjelle,3,0,3.8701,66,0,13,13,66,55,7.50498,2.50262,
Jhony Brito,3,1,4.16891,40,0,1,1,47,36,6.87204,2.72684,
Chase Silseth,3,1,4.17068,48,0,1,1,54,52,8.73761,3.47616,
Scott Barlow,3,0,3.87334,58,0,7,7,58,65,10.1129,3.98,
Erik Sabrowski,5,0,3.72688,57,0,11,11,57,66,10.3756,4.61131,
Chase Petty,1,1,4.94921,18,0,1,1,32,24,6.8733,3.37201,
Bryan King,2,0,3.82517,60,0,12,12,60,60,8.98446,3.83975,
Valente Bellozo,2,2,4.86013,27,0,1,1,57,41,6.51932,2.95595,
Michael Tonkin,3,0,4.18248,63,0,12,12,63,62,8.89156,3.28568,
Joey Wentz,3,0,4.25861,57,1,9,10,57,56,8.89542,3.72415,
Alek Manoah,1,1,4.14214,10,0,1,1,17,16,8.57981,3.28303,
Jacob Waguespack,3,1,4.14614,43,0,1,1,50,48,8.74604,3.48514,
Justin Anderson,3,0,4.38433,63,7,11,18,63,65,9.24361,4.23032,
Erik Swanson,3,0,3.99597,60,0,13,13,60,59,8.84733,3.11732,
Abner Uribe,2,0,3.58771,49,0,1,1,49,58,10.7204,5.12713,
Mason Black,3,1,4.26795,37,0,1,1,50,44,7.98591,3.09947,
Max Lazar,3,0,4.27845,50,0,4,4,50,41,7.36145,2.74339,
Josh Sborz,2,0,3.7868,38,3,1,4,38,42,9.83597,3.52383,
Brooks Raley,1,0,3.93988,26,0,0,0,26,26,9.05339,3.69323,
Jake Bloss,2,2,4.73789,19,0,1,1,37,30,7.31171,3.40606,
Ian Seymour,2,1,4.36912,20,0,1,1,34,31,8.06321,3.10304,
Joely Rodríguez,2,0,4.11984,30,0,0,0,30,26,7.77452,3.45555,
Joe Rock,2,1,4.12617,21,0,1,1,28,23,7.45599,2.62828,
Josh Winckowski,3,0,3.99566,55,0,7,7,55,46,7.601,2.79414,
Cam Booser,3,0,4.32183,60,0,11,11,60,61,9.14266,3.74058,
Danny Young,3,0,3.95755,56,0,10,10,56,61,9.83245,4.23224,
José Ruiz,3,0,4.27423,62,0,10,10,62,61,8.87746,3.5673,
Phil Maton,3,0,4.23751,56,0,0,0,56,54,8.66622,3.4119,
Shane Smith,2,0,4.34832,58,0,10,10,58,54,8.4524,3.2782,
Ryan Gusto,2,1,4.50729,27,0,1,1,42,34,7.22826,3.14087,
Mike Burrows,2,1,4.40033,35,0,1,1,41,35,7.76498,3.33459,
Caleb Kilian,1,1,4.38117,24,0,1,1,31,23,6.93028,3.13736,
Ross Stripling,2,1,4.70082,28,0,1,1,35,24,6.29628,2.16222,
Sam Aldegheri,1,1,4.94389,3,0,0,0,17,14,7.73022,4.08259,
Matt Manning,2,1,4.14385,28,0,1,1,35,29,7.45577,2.83929,
Robert Stephenson,2,0,3.87278,32,0,1,1,32,39,11.1062,2.90984,
Carson Spiers,2,1,4.88552,38,0,1,1,46,40,7.88493,2.95882,
Joe Jiménez,1,0,3.48285,27,0,1,1,27,32,10.6717,2.9599,
JT Brubaker,3,1,4.41949,44,0,1,1,50,48,8.60029,2.84883,
Justin Topa,3,0,3.86438,50,0,1,1,50,43,7.76215,3.04598,
Sean Reid-Foley,3,0,3.83518,51,0,7,7,51,58,10.2582,4.77828,
Brusdar Graterol,1,0,3.34543,22,0,1,1,22,19,7.62627,2.43329,
Kody Funderburk,2,0,3.84542,48,0,1,1,48,48,9.04675,3.66433,
Craig Yoho,2,0,3.73068,47,0,1,1,47,53,10.1994,3.65689,
Colton Gordon,1,1,4.20384,17,0,1,1,24,21,7.86278,2.96125,
Cristian Mena,1,1,4.1422,14,0,1,1,21,18,8.07537,3.50964,
Tayler Saucedo,3,0,3.78314,61,0,12,12,61,58,8.60545,3.82377,
J.P. France,2,1,4.318,23,0,1,1,30,27,8.11312,3.44873,
Nic Enright,3,0,3.78064,46,0,1,1,46,48,9.31078,2.71486,
Cionel Pérez,2,0,3.72005,56,0,7,7,56,50,8.10122,4.07486,
Alex Lange,3,0,3.71021,39,0,1,1,39,45,10.2852,4.82655,
Carson Palmquist,1,1,5.14417,3,0,0,0,16,15,8.12075,4.07366,
Travis Adams,1,1,4.50163,17,0,1,1,24,18,6.77161,2.8595,
Yilber Diaz,3,1,4.12305,42,0,1,1,49,49,8.98521,3.96597,
Angel Perdomo,3,0,3.78473,54,0,7,7,54,68,11.4127,4.31768,
Bradley Blalock,2,1,5.26566,29,0,1,1,49,36,6.5718,3.48351,
Taijuan Walker,3,1,4.81061,51,0,1,1,66,48,6.58765,3.08577,
Luke Little,2,0,3.41419,40,0,1,1,40,48,10.8163,4.8699,
Dylan Floro,3,0,3.78959,48,0,1,1,48,37,6.84925,2.76679,
Brendon Little,3,0,3.85956,56,0,10,10,56,48,7.764,4.01065,
Thomas Harrington,0,1,4.57865,2,0,0,0,9,7,6.93638,2.53277,
Andrew Walters,3,0,3.98337,52,0,5,5,52,57,9.89225,4.18143,
Eduard Bazardo,3,0,3.6719,50,0,1,1,50,50,8.96121,2.97345,
Brant Hurter,2,0,3.78484,43,0,1,1,43,35,7.40724,2.09082,
Joey Estes,5,6,4.94662,33,0,1,1,105,79,6.72046,2.36392,
Brenan Hanifee,2,0,3.84085,44,0,1,1,44,34,6.9927,2.38461,
Bryan Hoeing,3,0,4.18295,68,0,13,13,68,54,7.16653,2.65606,
Adam Ottavino,2,0,4.1899,44,0,1,1,44,45,9.26122,3.84342,
Jake Bird,2,0,4.60577,61,1,10,11,61,52,7.63814,3.75597,
Luis García,2,0,3.88128,28,0,1,1,28,25,8.04721,2.87281,
Bryan Baker,2,0,3.96701,46,0,1,1,46,47,9.122,3.72147,
Jhonathan Díaz,0,1,4.27309,2,0,0,0,9,7,7.03849,3.54748,
Dillon Tate,1,0,4.19343,33,0,0,0,33,25,6.73514,2.88993,
Jake Cousins,3,0,3.92501,54,0,7,7,54,64,10.7366,4.27453,
Hans Crouse,3,0,4.23924,56,0,7,7,56,66,10.539,4.54006,
Nate Pearson,2,0,3.97478,54,0,7,7,54,59,9.87175,3.55642,
Ronny Henriquez,2,0,4.17232,50,0,4,4,50,42,7.60415,3.1494,
Keynan Middleton,1,0,3.97259,18,0,0,0,18,19,9.35759,3.74009,
Drey Jameson,3,0,3.79671,48,0,1,1,48,44,8.28507,2.93416,
Drue Hackenberg,0,1,4.54519,2,0,0,0,8,7,7.64526,4.12013,
Mason Barnett,0,1,4.46959,2,0,0,0,9,8,7.85429,3.53478,
Carlos Carrasco,1,1,4.64368,17,0,1,1,23,20,7.69958,2.89534,
Richard Lovelady,3,0,3.75658,32,0,1,1,32,29,8.03461,2.63063,
Jonathan Pintaro,0,1,4.60831,2,0,0,0,8,7,7.11675,3.41737,
Clayton Beeter,2,0,4.03967,38,0,1,1,38,42,9.94721,3.92948,
Carlos Hernández,2,0,4.20954,48,0,1,1,48,46,8.69779,3.84448,
Tim Mayza,2,0,4.07118,55,0,4,4,55,41,6.78342,3.15347,
Michael Fulmer,3,0,4.33769,50,0,1,1,50,49,8.85869,3.87312,
Drew Smyly,2,0,4.20694,38,0,0,0,38,36,8.59672,3.0232,
Gus Varland,3,0,4.41842,64,8,11,19,64,59,8.24809,3.61899,
Quinn Priester,2,0,4.08714,30,0,1,1,30,25,7.63882,2.81965,
Tekoah Roby,0,1,4.58052,2,0,0,0,8,6,6.78474,2.96346,
Gunnar Hoglund,4,2,4.70214,39,0,1,1,68,49,6.56251,2.65467,
Andrew Chafin,3,0,3.91911,55,0,6,6,55,60,9.87693,4.21692,
Huascar Ynoa,2,0,4.11537,36,0,1,1,36,36,8.95062,3.33351,
Brandon Eisert,1,0,4.05352,28,0,1,1,28,26,8.27765,3.26562,
Connor Thomas,3,0,3.99193,54,0,6,6,54,39,6.48896,2.35985,
Scott Effross,3,0,4.00192,34,0,1,1,34,28,7.52406,2.68642,
Keaton Winn,2,0,3.94153,42,0,1,1,42,39,8.31874,2.60931,
Trevor Stephan,2,0,3.85075,36,0,1,1,36,38,9.47043,3.27283,
Chase Lee,1,0,3.68743,24,0,1,1,24,23,8.6806,3.03739,
Tanner Gordon,2,1,4.99882,33,0,1,1,39,28,6.44202,2.21707,
Adam Macko,0,1,4.625,2,0,0,0,8,7,7.59792,3.81966,
Emiliano Teodo,0,1,4.87374,2,0,0,0,8,7,8.33697,4.79953,
Huascar Brazobán,2,0,4.01894,44,0,1,1,44,45,9.20084,4.26985,
James McArthur,2,0,4.04379,31,0,1,1,31,28,8.07924,2.91185,
Brent Suter,3,0,4.42376,63,0,11,11,63,49,7.02466,2.78114,
Sean Guenther,3,0,3.89261,46,0,1,1,46,37,7.19383,2.47519,
Josh Walker,2,0,3.9118,39,0,1,1,39,39,9.04989,3.71573,
Wikelman Gonzalez,1,1,5.19941,3,0,0,0,16,14,7.9432,4.93918,
Logan Evans,1,1,4.35589,10,0,1,1,16,13,7.07082,3.24874,
Michael Kopech,3,0,4.13608,53,3,10,13,53,62,10.5627,4.25913,
Zack Thompson,2,0,3.95022,40,0,1,1,40,40,9.01463,3.96822,
Penn Murfee,2,0,4.45559,51,0,4,4,51,47,8.35565,3.48432,
Shawn Dubin,1,0,3.99286,33,0,1,1,33,34,9.31009,4.22279,
Josh Staumont,1,0,4.39222,28,0,1,1,28,28,9.01769,4.61203,
Mason Thompson,3,0,4.19826,42,0,1,1,42,35,7.5568,3.41817,
Daniel Palencia,2,0,3.89333,38,0,1,1,38,43,10.1123,4.36012,
Ty Madden,1,0,4.07199,32,0,1,1,32,30,8.3023,3.1145,
Noah Cameron,1,0,3.98713,21,0,1,1,21,19,8.13201,2.57709,
Tim Hill,3,0,4.23723,63,0,12,12,63,36,5.13818,2.74682,
James Karinchak,2,0,4.28121,37,0,1,1,37,45,10.8889,4.86488,
Walter Pennington,3,0,4.11932,42,0,1,1,42,38,8.2481,3.75154,
Colin Selby,2,0,3.95915,51,0,1,1,51,53,9.41584,4.19053,
Eli Morgan,2,0,4.05184,50,0,1,1,50,47,8.4713,2.63123,
Josiah Gray,1,1,4.76615,10,0,1,1,17,15,8.23031,3.56581,
Emerson Hancock,2,2,4.65214,18,0,1,1,46,33,6.42648,2.97178,
Nick Sandlin,4,0,3.98318,59,0,12,12,59,63,9.58687,3.90227,
Lucas Gilbreath,2,0,4.7292,50,0,4,4,50,46,8.29603,4.62021,
Cody Poteet,1,0,3.85951,30,0,1,1,30,28,8.33832,2.96184,
Franco Aleman,2,0,3.93863,34,0,1,1,34,35,9.21651,3.30798,
Triston McKenzie,6,7,4.8108,38,0,1,1,120,112,8.42524,4.42958,
Nick Robertson,2,0,4.04086,42,0,1,1,42,40,8.59952,3.38589,
Kendall Graveman,4,0,3.85948,56,0,10,10,56,55,8.78042,4.02205,
Wandy Peralta,3,0,3.88421,52,0,4,4,52,44,7.69414,3.77112,
Hunter Gaddis,4,0,4.02813,65,0,17,17,65,59,8.21341,2.69593,
Drew Pomeranz,0,0,3.81502,14,0,1,1,14,15,9.42861,3.70723,
Garrett McDaniels,3,0,4.14361,52,0,4,4,52,44,7.63944,3.87024,
Hunter Stratton,1,0,4.10953,15,0,1,1,15,14,8.53862,3.48356,
Bennett Sousa,3,0,3.98183,48,0,1,1,48,48,8.99199,3.68557,
Evan Sisk,2,0,4.12256,36,0,1,1,36,33,8.25192,4.31279,
Gordon Graceffo,2,1,4.36884,40,0,1,1,47,33,6.44758,2.81742,
Tyler Stuart,1,0,4.07191,21,0,1,1,21,18,7.61042,2.73548,
Brandon Young,1,0,4.00033,22,0,1,1,22,21,8.4356,2.66871,
Dauri Moreta,2,0,4.12431,37,0,1,1,37,39,9.41092,3.65683,
Kevin Herget,2,0,4.14129,34,0,1,1,34,29,7.71396,2.57142,
Hagen Danner,1,0,3.78041,28,0,1,1,28,28,9.0481,3.12623,
Andrew Saalfrank,2,0,3.76958,28,0,1,1,28,27,8.54505,4.52574,
Kyle Amendt,2,0,3.82117,21,0,1,1,21,24,10.2149,4.60261,
Kyle Nelson,2,0,4.01042,35,0,1,1,35,34,8.626,3.41551,
Patrick Monteverde,2,1,4.5246,35,0,1,1,42,31,6.73138,3.03099,
Zack Kelly,2,0,4.25508,26,0,1,1,26,27,9.43749,4.36013,
Dane Acker,0,1,5.11418,2,0,0,0,8,7,7.28414,3.94815,
Nate Lavender,1,0,3.96719,22,0,1,1,22,24,10.0098,4.3238,
Davis Daniel,1,0,4.09299,15,0,1,1,15,13,7.84491,2.3624,
Zach Penrod,1,0,4.27034,18,0,1,1,18,19,9.33464,4.29802,
Jack Dreyer,1,0,4.15784,17,0,1,1,17,17,8.93854,3.56953,
Yosver Zulueta,2,0,4.49483,46,0,1,1,46,46,8.96882,4.37753,
Tyler Alexander,3,1,4.5211,52,0,4,4,59,49,7.4133,1.94823,
Nick Frasso,1,0,4.05399,15,0,1,1,15,14,8.487,2.88504,
Riley O'Brien,3,0,4.09491,53,0,7,7,53,53,9.00748,4.47441,
Daniel Robert,2,0,4.46259,28,0,1,1,28,28,8.86537,3.79605,
Jackson Rutledge,1,1,4.68851,26,0,1,1,32,26,7.32286,3.73661,
Jimmy Herget,3,0,4.78916,48,0,1,1,48,41,7.76252,2.83995,
Matt Festa,1,0,4.3275,18,0,1,1,18,17,8.5301,3.50248,
Brent Headrick,1,0,4.15174,24,0,1,1,24,24,9.00937,2.94946,
Enyel De Los Santos,1,0,3.98724,21,0,1,1,21,22,9.2232,3.29938,
Dietrich Enns,1,0,3.83592,15,0,1,1,15,15,8.86608,3.2751,
Hunter Bigge,3,0,4.19157,55,0,8,8,55,60,9.7742,4.50273,
Jack Neely,0,0,4.1038,10,0,1,1,10,10,9.42495,3.53848,
Miguel Castro,3,0,4.28974,43,0,1,1,43,40,8.35644,3.63648,
Jesse Chavez,1,0,4.22736,33,0,1,1,33,30,8.14336,3.05135,
Jordan Balazovic,1,0,4.0655,12,0,1,1,12,11,8.1552,3.65466,
Logan Henderson,1,0,4.09,10,0,1,1,10,10,9.3759,2.6505,
Blas Castano,2,1,4.30178,28,0,1,1,34,26,6.74416,2.91842,
Josh Simpson,2,0,4.14069,39,0,1,1,39,42,9.6223,4.54417,
Michael Kelly,1,0,4.15677,24,0,1,1,24,22,8.33748,3.49345,
Luis González,2,0,3.99955,36,0,1,1,36,34,8.48668,2.8713,
Cristian Javier,1,0,4.03859,17,0,1,1,17,18,9.38866,3.38435,
Andrew Morris,0,0,4.14695,8,0,1,1,8,6,7.10708,2.42854,
Trevor Gott,0,0,4.04254,10,0,1,1,10,9,8.39097,3.04081,
Colten Brewer,1,0,4.50494,22,0,1,1,22,20,8.35611,3.65903,
Gabriel Hughes,1,0,4.71223,12,0,1,1,12,11,8.13488,3.4674,
Tyler Wells,0,0,4.16404,8,0,1,1,8,7,8.37491,2.43764,
Vince Velasquez,1,0,4.02252,12,0,1,1,12,12,9.18983,3.01357,
Luis Frías,2,0,4.25161,39,0,1,1,39,39,9.01625,4.12649,
JT Chargois,1,0,4.10366,26,0,1,1,26,24,8.24055,3.62793,
Alex Young,1,0,4.62635,22,0,1,1,22,19,7.94114,3.41131,
Yohan Ramírez,1,0,4.33672,17,0,1,1,17,16,8.26349,3.89747,
Anthony Molina,1,0,4.88825,33,0,1,1,33,23,6.26695,2.76757,
Hayden Harris,1,0,4.11834,17,0,1,1,17,18,9.76973,4.2049,
Zach Maxwell,2,0,4.62121,33,0,1,1,33,36,9.91787,5.08387,
Carson Seymour,1,0,4.00159,24,0,1,1,24,19,7.28094,2.91939,
Chad Patrick,1,0,4.24076,24,0,1,1,24,22,8.06963,2.65752,
Andrew Misiaszek,2,0,3.99219,31,0,1,1,31,32,9.30298,4.05036,
Yerry De Los Santos,1,0,4.24152,26,0,1,1,26,21,7.25513,3.2148,
Justin Lawrence,4,0,4.39375,66,0,8,8,66,60,8.183,4.27734,
Carson Ragsdale,1,0,4.05994,28,0,1,1,28,28,9.06201,3.3653,
Tyler Mattison,1,0,4.01335,22,0,1,1,22,22,8.86582,3.83879,
Tyler Phillips,2,0,4.50839,43,0,1,1,43,32,6.67918,2.88217,
Alex Speas,1,0,4.32021,16,0,1,1,16,18,9.90915,5.90636,
Tommy Nance,3,0,4.1595,54,0,7,7,54,48,8.01505,3.20881,
Trevor Richards,1,0,4.24096,26,0,1,1,26,28,9.76831,4.07205,
Ryan Borucki,1,0,4.20042,28,0,1,1,28,28,8.92971,3.93846,
Edgardo Henriquez,2,0,4.4152,36,0,1,1,36,38,9.54924,4.38096,
Albert Abreu,0,0,4.50228,10,0,1,1,10,10,9.02232,4.22955,
A.J. Blubaugh,1,0,4.17512,10,0,1,1,10,9,8.20979,3.25316,
Justin Wrobleski,2,0,4.37911,35,0,1,1,35,31,8.03768,3.11861,
Wilmer Flores,0,0,4.14566,8,0,1,1,8,7,7.5567,3.30378,
Peter Strzelecki,1,0,4.47644,26,0,1,1,26,23,7.98921,3.59975,
Chris Murphy,0,0,4.47867,8,0,1,1,8,7,7.7621,3.72372,
Matt Canterino,1,0,4.30984,12,0,1,1,12,13,9.40823,4.02037,
Connor Phillips,1,0,4.72823,21,0,1,1,21,22,9.29238,4.39181,
Mason Fluharty,1,0,4.14186,22,0,1,1,22,21,8.45292,3.42443,
Alex Cornwell,0,0,4.13522,8,0,1,1,8,6,6.39327,2.70771,
Mason Montgomery,3,0,4.04288,60,1,12,13,60,58,8.75173,3.32356,
Jonathan Bowlan,2,0,4.46542,40,0,1,1,40,31,7.04498,2.90996,
Anthony Misiewicz,1,0,4.32019,21,0,1,1,21,19,8.3112,3.24999,
Taylor Clarke,0,0,4.51678,8,0,1,1,8,6,7.3108,2.75132,
José Cisnero,1,0,4.33798,24,0,0,0,24,25,9.23461,4.0089,
J.B. Wendelken,1,0,4.15519,22,0,1,1,22,20,8.12741,3.71487,
Jake Woodford,0,0,4.78087,10,0,1,1,10,7,6.73506,2.71867,
Gavin Hollowell,0,0,4.28125,6,0,1,1,6,6,9.01984,3.85585,
Jacob Lopez,2,0,4.06841,36,0,1,1,36,35,8.72424,3.76877,
Justin Hagenman,1,0,4.29852,12,0,1,1,12,11,7.96103,2.73666,
Sem Robberse,1,0,4.18911,21,0,1,1,21,17,7.26769,2.91666,
Zach Pop,2,0,4.27501,44,0,1,1,44,35,7.09575,3.25768,
Trent Harris,0,0,4.03113,10,0,1,1,10,9,8.1468,3.36609,
Ethan Small,1,0,4.02621,13,0,1,1,13,12,8.39282,3.8157,
Marc Church,3,0,4.41803,46,0,1,1,46,46,8.98949,3.7153,
Tejay Antone,0,0,4.80547,8,0,1,1,8,7,8.40207,3.85802,
John McMillon,2,0,4.40032,21,0,1,1,21,24,10.1126,5.22997,
Alek Jacob,2,0,4.1755,48,0,1,1,48,44,8.25076,3.43712,
Ethan Roberts,1,0,4.18485,35,0,1,1,35,35,8.88533,3.61569,
Grant Anderson,1,0,4.34938,28,0,1,1,28,28,9.04846,3.48439,
Austin Adams,1,0,4.53856,24,0,1,1,24,29,10.7293,4.85448,
Tyler Ferguson,3,0,4.13537,62,1,15,16,62,64,9.27996,4.25971,
Jack O'Loughlin,0,0,4.86085,8,0,1,1,8,6,6.85794,3.47591,
Blake Weiman,0,0,4.33028,8,0,1,1,8,6,7.30429,2.77004,
Chase Shugart,1,0,4.52395,19,0,1,1,19,15,7.00814,3.34699,
Cory Lewis,1,0,4.41223,10,0,1,1,10,9,8.26974,3.71682,
Tommy Henry,1,0,4.10928,24,0,1,1,24,21,7.82051,3.29418,
Jose Cuas,0,0,4.56371,10,0,1,1,10,10,8.6148,4.17896,
Gerson Garabito,1,0,4.50083,21,0,1,1,21,19,8.07452,3.17298,
Steven Okert,1,0,4.17841,26,0,1,1,26,28,9.55938,3.77429,
Elvin Rodriguez,1,0,4.24765,25,0,1,1,25,23,8.34358,2.8994,
Eiberson Castellano,2,0,4.34255,42,0,1,1,42,40,8.58259,3.34183,
Francis Pena,2,0,4.27333,33,0,1,1,33,27,7.42066,3.32181,
Luis Contreras,2,0,4.32457,44,0,1,1,44,43,8.74865,3.79168,
Grant Wolfram,1,0,4.36227,18,0,1,1,18,17,8.59982,4.19457,
Marco Raya,1,0,4.45894,14,0,1,1,14,12,7.91253,3.6507,
Tyler Gilbert,2,0,4.52329,54,3,6,9,54,44,7.40309,2.75993,
Cody Bolton,2,0,4.07676,41,0,1,1,41,39,8.50155,3.85524,
Chris Flexen,1,0,4.5569,16,0,1,1,16,13,7.29933,2.98304,
Tommy Doyle,1,0,4.94935,21,0,1,1,21,17,7.47801,3.8146,
Austin Warren,0,0,4.35749,10,0,1,1,10,9,7.67568,3.56862,
Joey Lucchesi,0,0,4.22888,8,0,1,1,8,6,6.38814,3.26347,
Austin Davis,1,0,4.50789,12,0,1,1,12,12,9.06119,5.00764,
Seth Martinez,1,0,4.07491,17,0,1,1,17,14,7.59022,3.39249,
Cole Sulser,2,0,4.31129,28,0,1,1,28,26,8.42604,3.81842,
Lyon Richardson,0,0,4.81947,12,0,1,1,12,11,8.48466,4.29408,
Shintaro Fujinami,1,0,4.127,24,0,1,1,24,26,9.79333,4.8624,
Joe Jacques,0,0,4.44348,10,0,1,1,10,8,6.87451,3.40083,
Connor Seabold,0,0,4.42015,10,0,1,1,10,9,7.91217,2.3238,
Cole Waites,1,0,4.1023,15,0,1,1,15,15,8.9115,4.13994,
John Rooney,1,0,4.43201,22,0,1,1,22,19,7.81531,3.94805,
Janson Junk,1,0,4.55564,18,0,1,1,18,13,6.35192,2.489,
Xzavion Curry,0,0,4.73863,8,0,1,1,8,6,6.81214,2.64789,
Drew Smith,1,0,4.2612,14,0,1,1,14,14,9.31415,3.77325,
Kyle Nicolas,2,0,4.29932,44,0,1,1,44,44,8.96184,4.39438,
Angel Bastardo,1,0,4.28162,17,0,1,1,17,15,7.99305,3.73312,
Jose E. Hernandez,1,0,4.32559,13,0,1,1,13,12,8.64831,4.00362,
Joe Barlow,0,0,4.72678,10,0,1,1,10,8,7.2985,3.40742,
Prelander Berroa,2,0,4.41835,48,3,1,4,48,51,9.60748,5.09827,
Max Rajcic,1,0,4.45882,10,0,1,1,10,7,6.71544,2.74354,
Dylan Dodd,2,0,4.26829,33,0,1,1,33,26,7.12636,2.39734,
Randy Rodríguez,3,0,4.05228,53,0,7,7,53,54,9.11785,4.24838,
Matt Barnes,1,0,4.63871,28,0,0,0,28,25,7.97376,3.86924,
Giovanny Gallegos,2,0,4.56756,33,0,1,1,33,32,8.8019,3.18669,
Ryan Loutos,2,0,4.19984,48,0,1,1,48,39,7.36325,3.57858,
Génesis Cabrera,1,0,4.29797,22,0,1,1,22,20,8.34655,4.04625,
Kelvin Cáceres,0,0,4.70818,10,0,1,1,10,10,9.44202,5.44192,
Easton Lucas,1,0,4.30713,35,0,1,1,35,31,7.92582,3.72109,
Steven Cruz,2,0,4.3459,44,0,1,1,44,42,8.50679,4.37502,
Eric Orze,3,0,4.13921,44,0,1,1,44,45,9.21063,4.01287,
Jacob Latz,3,0,4.41256,53,0,7,7,53,54,9.10182,4.45468,
Kyle Tyler,1,0,4.5656,28,0,1,1,28,22,7.18827,3.48736,
Troy Taylor,3,0,3.98955,54,0,4,4,54,54,8.99912,3.64266,
Jonathan Hernández,1,0,4.37673,26,0,1,1,26,24,8.35419,4.52699,
Jack Dashwood,2,0,4.45558,42,0,1,1,42,38,8.10974,3.01972,
Connor Brogdon,2,0,4.55341,38,0,1,1,38,38,8.95753,3.66689,
Mason Englert,2,0,4.34696,46,0,1,1,46,41,7.9495,2.82581,
Logan VanWey,1,0,4.27809,22,0,1,1,22,22,8.99448,4.45219,
Tyler Matzek,2,0,4.16519,46,0,4,4,46,44,8.565,4.31679,
Chris Devenski,1,0,4.60743,19,0,1,1,19,18,8.46545,3.16319,
Zach Agnos,2,0,4.81253,26,0,1,1,26,22,7.78095,3.1382,
Devin Sweet,3,0,4.60725,36,0,1,1,36,36,8.94339,3.77657,
Luis Guerrero,2,0,4.47116,42,0,1,1,42,42,9.07129,4.48037,
Luinder Avila,1,0,4.77258,12,0,1,1,12,9,6.54978,3.95662,
Diego Castillo,1,0,5.07472,34,0,1,1,34,28,7.35943,4.25422,
Shelby Miller,4,0,4.33318,53,0,7,7,53,50,8.4423,3.38862,
Héctor Neris,5,0,4.02116,56,0,10,10,56,59,9.5204,3.73803,
Kolby Allard,1,0,4.50804,17,0,1,1,17,15,7.71487,2.74013,
Jared Shuster,2,0,4.63409,40,0,1,1,40,31,6.88361,3.49618,
Nick Hernandez,3,0,4.35913,52,0,4,4,52,52,9.07499,3.53114,
Jefry Yan,1,0,4.82655,17,0,1,1,17,16,8.51268,5.13561,
Matt Krook,1,0,4.2299,21,0,1,1,21,21,8.79582,5.06423,
Roansy Contreras,2,0,4.38599,33,0,1,1,33,31,8.35635,3.32419,
Kade Strowd,1,0,4.38992,26,0,1,1,26,24,8.30683,4.10949,
Nick Anderson,3,0,4.23342,44,0,1,1,44,39,7.93118,3.32531,
Omar Cruz,1,0,4.27598,24,0,1,1,24,23,8.45329,3.94114,
Josh Ekness,1,0,4.57621,15,0,1,1,15,13,8.0367,4.2651,
Eric Cerantola,1,0,4.68519,14,0,1,1,14,13,8.57701,5.07274,
Brandyn Garcia,1,0,4.06452,21,0,1,1,21,19,7.93458,3.43075,
Scott Blewett,1,0,4.49722,24,0,1,1,24,19,7.03097,3.18227,
Colin Poche,3,0,4.25243,56,0,9,9,56,50,8.07433,3.38795,
Brad Keller,1,0,4.41518,19,0,1,1,19,15,7.22563,3.66244,
Tyler Owens,1,0,4.4356,21,0,1,1,21,17,7.2024,3.26044,
Jacob Wallace,1,0,4.87461,10,0,1,1,10,9,8.15017,5.26393,
Jonathan Heasley,1,0,4.94255,15,0,1,1,15,12,7.07446,3.06744,
Max Kranick,2,0,4.31595,41,0,1,1,41,34,7.51034,3.06813,
Angel Chivilli,3,0,4.76498,53,0,6,6,53,48,8.16996,3.36435,
Buck Farmer,2,0,4.49446,46,0,1,1,46,45,8.81391,3.84245,
Ryan Webb,1,0,4.23201,24,0,1,1,24,21,7.8572,3.54952,
Tom Cosgrove,2,0,4.28154,46,0,1,1,46,43,8.41187,3.82612,
Justin King,1,0,4.48701,24,0,1,1,24,25,9.25245,4.87428,
Michael Darrell-Hicks,1,0,4.68209,22,0,1,1,22,18,7.44412,2.91461,
Jacob Barnes,1,0,4.60255,24,0,1,1,24,20,7.51706,3.17295,
Luis Patiño,1,0,4.57075,15,0,1,1,15,13,7.62751,3.61101,
Chase Solesky,1,0,4.80635,12,0,1,1,12,7,5.5268,2.95184,
Jake Eder,1,0,4.71136,17,0,1,1,17,15,7.87519,4.22285,
Owen White,0,0,5.15999,12,0,1,1,12,9,6.6678,3.50827,
Keegan Thompson,4,0,4.05667,66,0,13,13,66,68,9.20608,4.0194,
Scott McGough,1,0,4.47755,22,0,1,1,22,21,8.38766,4.0557,
Victor González,1,0,4.4645,24,0,1,1,24,18,6.89006,4.06041,
Jordan Leasure,3,0,4.61593,62,0,10,10,62,60,8.69399,4.27612,
Sam Long,3,0,4.30053,56,0,10,10,56,49,7.94238,3.61057,
Ron Marinaccio,2,0,4.21987,40,0,1,1,40,40,9.08947,4.30989,
Alan Rangel,2,0,4.71792,32,0,1,1,32,27,7.59118,3.01067,
Blake Walston,2,0,4.17222,32,0,1,1,32,27,7.55275,3.5807,
Matt Bowman,1,0,4.52576,19,0,1,1,19,16,7.44689,3.65151,
Ryan Yarbrough,1,0,4.3453,26,0,1,1,26,19,6.67784,2.41169,
Andry Lara,1,0,4.60721,22,0,1,1,22,17,6.75967,3.15986,
Ben Casparius,1,0,4.67815,19,0,1,1,19,18,8.66872,4.04636,
Anthony Hoopii-Tuionetoa,1,0,4.8482,21,0,1,1,21,18,7.66769,3.8505,
Dakota Hudson,1,0,4.80277,21,0,1,1,21,14,6.01552,3.59658,
Chris Stratton,3,0,4.53832,54,0,7,7,54,44,7.38256,3.93291,
Rafael Montero,2,0,4.37263,54,0,7,7,54,50,8.25551,3.8886,
Jake Brigham,0,0,4.9558,15,0,0,0,15,14,8.52408,4.09091,
José Ureña,1,0,4.62313,17,0,1,1,17,13,6.672,3.25299,
Matt Moore,2,0,4.60292,28,0,1,1,28,26,8.38162,4.11802,
Yoendrys Gómez,2,0,4.48921,44,0,1,1,44,42,8.69133,3.76527,
Neftalí Feliz,0,0,4.9558,15,0,0,0,15,14,8.52408,4.09091,
Michael Arias,0,0,5.00506,10,0,1,1,10,9,8.38721,5.36944,
Braydon Fisher,1,0,4.49627,21,0,1,1,21,21,8.89796,4.84764,
Rolddy Munoz,1,0,4.40504,22,0,1,1,22,20,8.28686,4.1055,
Bradgley Rodriguez,1,0,4.44468,26,0,1,1,26,24,8.43073,4.48927,
Bailey Horn,1,0,4.404,22,0,1,1,22,20,8.00913,4.47769,
Michael Petersen,2,0,4.52921,36,0,1,1,36,33,8.30965,3.66563,
Will Klein,1,0,4.26622,22,0,1,1,22,22,9.11321,4.97915,
Trevor McDonald,2,0,4.12517,38,0,1,1,38,30,6.98933,2.96713,
Mick Abel,1,0,4.76008,22,0,1,1,22,20,8.01451,4.48431,
Dan Altavilla,1,0,4.73409,24,0,1,1,24,23,8.50769,4.11751,
Luis Curvelo,1,0,4.70433,24,0,1,1,24,21,8.01075,3.37824,
Alex Faedo,3,0,4.21937,57,0,11,11,57,55,8.75205,3.32719,
Mike Clevinger,2,0,4.61814,44,6,0,6,44,39,7.88521,2.88605,
Doug Nikhazy,1,0,4.31411,22,0,1,1,22,21,8.52178,4.53182,
Andre Granillo,1,0,4.64868,15,0,1,1,15,14,8.29477,4.6995,
Jackson Kowar,2,0,4.32967,35,0,1,1,35,34,8.86347,4.0649,
Domingo Gonzalez,2,0,4.33295,43,0,1,1,43,43,8.99943,3.94149,
Mike Vasil,3,0,4.2947,48,0,1,1,48,38,7.12706,2.77697,
Tanner Dodson,1,0,4.86842,10,0,1,1,10,7,6.42683,5.1972,
Zach Brzykcy,2,0,4.41514,48,0,1,1,48,48,8.90908,4.23722,
Connor Gillispie,1,0,4.5964,28,0,1,1,28,23,7.47288,3.39729,
John Curtiss,1,0,4.88698,18,0,1,1,18,14,6.86544,3.08744,
Carlos Vargas,3,0,4.00331,56,0,7,7,56,47,7.57962,3.65522,
Rodolfo Martinez,0,0,4.9558,24,0,0,0,24,23,8.52408,4.09091,
Juan Nuñez,0,0,4.99862,10,0,1,1,10,8,7.36713,5.11533,
Orlando Ribalta,1,0,4.81715,28,0,1,1,28,25,8.12875,4.63436,
Anthony Veneziano,3,0,4.30832,53,0,6,6,53,44,7.41158,3.29145,
Collin Snider,4,0,4.12718,65,3,12,15,65,60,8.25438,3.81886,
Evan Reifert,2,0,4.49383,52,0,6,6,52,55,9.5027,4.74182,
Guillo Zuñiga,1,0,4.97288,17,0,1,1,17,14,7.40878,4.05008,
Juan Mejia,1,0,5.19867,22,0,1,1,22,19,7.80245,4.68286,
T.J. McFarland,3,0,4.16067,58,0,10,10,58,41,6.42288,3.13523,
Brett de Geus,2,0,4.78101,41,0,1,1,41,28,6.23117,3.5677,
Matt Svanson,2,0,4.41718,35,0,1,1,35,25,6.4767,3.31806,
Griff McGarry,1,0,4.79884,26,0,1,1,26,27,9.33726,6.01816,
Sam Bachman,2,0,4.61191,44,0,1,1,44,36,7.26403,3.94262,
Jake Diekman,2,0,4.31878,40,0,1,1,40,47,10.5131,5.56486,
Hogan Harris,2,0,4.2958,41,0,1,1,41,37,8.21039,4.04392,
Matt Pushard,1,0,4.62451,26,0,1,1,26,21,7.42611,3.65444,
Chris Roycroft,3,0,4.12978,51,0,4,4,51,42,7.47178,4.05069,
Sean Reynolds,2,0,4.31274,53,1,6,7,53,52,8.88344,4.68108,
Justin Sterner,2,0,4.34379,44,0,1,1,44,41,8.47667,3.54693,
Jacob Misiorowski,1,0,4.45749,34,0,1,1,34,37,9.7602,4.77863,
Antonio Jimenez,1,0,4.39433,26,0,1,1,26,20,6.98799,3.54626,
Bryan Shaw,1,0,5.28939,17,0,1,1,17,14,7.26065,4.59202,
Jay Jackson,1,0,4.40949,20,0,0,0,20,20,8.86677,2.94603,
Thaddeus Ward,1,0,4.81386,16,0,1,1,16,13,7.24036,4.6936,
Jaden Hill,2,0,5.00782,42,0,1,1,42,37,7.87601,3.69072,
George Soriano,2,0,4.47949,48,0,1,1,48,45,8.47602,3.91447,
Anderson Pilar,2,0,4.26999,50,0,4,4,50,43,7.69938,3.06834,
Andrew Moore,1,0,5.0961,32,0,1,1,32,34,9.51319,5.59097,
Seth Johnson,1,0,5.14229,24,0,1,1,24,19,7.23645,4.19905,
Ryan Cusick,1,0,4.99246,15,0,1,1,15,12,7.36381,4.8276,
Roddery Muñoz,1,0,4.61713,26,0,1,1,26,23,7.89195,3.80028,
Elvis Alvarado,2,0,4.52887,28,0,1,1,28,26,8.37781,4.46588,
Kyle Leahy,3,0,4.27143,56,0,10,10,56,44,7.00487,3.26813,
Tyler Zuber,2,0,4.83008,33,0,1,1,33,31,8.48185,4.31818,
Victor Mederos,1,0,4.95247,26,0,1,1,26,20,6.96585,3.99217,
Kaleb Ort,3,0,4.24344,62,0,13,13,62,64,9.22106,3.70607,
Cole Henry,1,0,4.82065,40,0,1,1,40,35,7.84782,4.14884,
Amos Willingham,3,0,4.4883,44,0,1,1,44,38,7.69314,3.38712,
Casey Legumina,2,0,4.60667,34,0,1,1,34,29,7.73098,3.22243,
Spencer Bivens,2,0,4.31698,40,0,1,1,40,30,6.7603,3.03049,
Luarbert Arias,3,0,4.58797,44,0,1,1,44,39,8.00945,3.43072,
Lake Bachar,3,0,4.5098,56,0,9,9,56,51,8.18779,3.55686,
Eduardo Salazar,2,0,4.47335,50,0,4,4,50,37,6.61311,3.62268,
Steven Wilson,1,0,5.05592,32,0,1,1,32,31,8.79623,4.66872,
Dylan Coleman,1,0,4.57018,30,0,1,1,30,31,9.29049,5.78892,
Tanner Rainey,1,0,4.94358,42,0,1,1,42,38,8.14094,4.5371,
Michael Mercado,2,0,4.97265,40,0,1,1,40,35,7.93908,3.93372,
Grant Holman,3,0,4.22785,60,0,12,12,60,55,8.3013,3.70617,
Lucas Sims,3,0,4.48534,58,1,11,12,58,60,9.30001,4.81271,
Lou Trivino,4,0,4.35351,56,0,10,10,56,53,8.4788,3.7704,
Ryan Zeferjahn,3,0,4.62389,61,1,12,13,61,61,8.9569,4.40267,
Will Smith,1,0,4.65662,30,0,0,0,30,26,7.78682,3.3736,
Evan Justice,2,0,5.35376,46,0,1,1,46,44,8.6355,6.07644,
Bryce Jarvis,2,0,4.4286,50,0,4,4,50,40,7.11326,4.05234,
Noah Murdock,2,0,4.71414,56,0,7,7,56,47,7.55439,5.01501,
Luis Mey,2,0,5.69569,42,0,1,1,42,37,7.89038,6.14574,
Adam Cimber,1,0,4.72634,28,0,0,0,28,20,6.31723,3.01583,
Hunter Strickland,1,0,4.69708,35,0,0,0,35,29,7.51544,3.80691,
Daniel Bard,2,0,4.75833,34,0,0,0,34,32,8.54533,5.17825,
Luis Peralta,3,0,4.86207,61,2,12,14,61,60,8.91536,4.8541,
