Name,W,QS,ERA,WHIP,G,SV,HLD,SVH,IP,SO,K/9,BB/9,BABIP,FIP
A.J. Blubaugh,1,0,4.17512,1.32012,10,0,1,1,10,9,8.20979,3.25316,0.289694,4.2964
A.J. Minter,5,0,3.36925,1.16133,54,2,11,13,54,60,10.0447,2.9807,0.285148,3.48759
A.J. Puk,5,0,3.26342,1.17216,64,17,7,24,64,78,10.9272,3.1436,0.294592,3.31499
Aaron Ashby,4,2,4.03819,1.4329,42,0,1,1,64,63,8.83054,4.61417,0.298327,4.15427
Aaron Bummer,5,0,3.0264,1.25598,61,1,14,15,61,71,10.4223,3.60014,0.308664,2.91227
Aaron Civale,8,11,4.31435,1.27026,39,0,1,1,146,136,8.40993,2.68873,0.288004,4.41481
Aaron Nola,12,17,3.83836,1.1652,31,0,0,0,188,185,8.85922,2.05682,0.292043,3.70448
Abner Uribe,2,0,3.58771,1.33206,49,0,1,1,49,58,10.7204,5.12713,0.286307,3.80393
Adam Cimber,1,0,4.72632,1.36882,28,0,0,0,28,20,6.31721,3.01575,0.295757,4.74741
Adam Macko,0,1,4.625,1.41123,2,0,0,0,8,7,7.59792,3.81966,0.288955,4.79098
Adam Mazur,2,3,4.7298,1.38111,6,0,0,0,33,25,6.83456,2.80765,0.295958,4.65711
Adam Ottavino,2,0,4.18991,1.32745,44,0,1,1,44,45,9.26117,3.8434,0.298923,4.06588
Adrian Morejon,3,0,3.54386,1.23542,61,1,12,13,61,65,9.5258,3.17214,0.289379,3.64534
AJ Smith-Shawver,4,3,4.17161,1.30952,43,0,1,1,74,77,9.36033,3.62007,0.29087,4.18592
Alan Rangel,2,0,4.71793,1.33086,32,0,1,1,32,27,7.59116,3.01067,0.285801,4.67974
Albert Abreu,0,0,4.50237,1.4308,10,0,1,1,10,10,9.02205,4.22964,0.300708,4.57354
Albert Suárez,4,2,4.34476,1.33192,59,0,5,5,81,70,7.8735,2.7713,0.296796,4.42399
Alec Marsh,7,7,4.47772,1.33274,36,0,1,1,111,106,8.59883,3.30575,0.29552,4.3287
Alek Jacob,2,0,4.17207,1.31216,48,0,1,1,48,44,8.24905,3.43636,0.284386,4.41183
Alek Manoah,1,1,4.14214,1.26733,10,0,1,1,17,16,8.57989,3.283,0.282729,4.25522
Alex Cobb,5,10,3.82144,1.31608,18,0,0,0,95,78,7.4194,2.74374,0.304416,3.6951
Alex Cornwell,0,0,4.13542,1.35272,8,0,1,1,8,6,6.39316,2.70766,0.297262,4.28963
Alex Faedo,3,0,4.21936,1.29537,57,0,11,11,57,55,8.75209,3.32719,0.287178,4.24506
Alex Lange,3,0,3.71044,1.35005,39,0,1,1,39,45,10.2852,4.82654,0.291753,3.71142
Alex Speas,1,0,4.32021,1.50326,16,0,1,1,16,18,9.90915,5.90636,0.295285,4.38652
Alex Vesia,4,0,3.53336,1.19513,58,0,14,14,58,74,11.4191,3.90453,0.277471,3.69532
Alex Wood,4,6,4.66589,1.38207,13,0,0,0,69,57,7.44706,3.20909,0.297645,4.6061
Alex Young,1,0,4.62633,1.41421,22,0,1,1,22,19,7.94118,3.41129,0.302571,4.58649
Alexis Díaz,4,0,4.15329,1.29312,65,28,3,31,65,69,9.6015,4.28024,0.280498,4.21162
Amos Willingham,3,0,4.48833,1.40415,44,0,1,1,44,38,7.69307,3.3871,0.297996,4.52902
Anderson Pilar,2,0,4.26999,1.34622,50,0,4,4,50,43,7.69938,3.06832,0.299079,4.36824
Andre Granillo,1,0,4.64874,1.46891,15,0,1,1,15,14,8.29471,4.69953,0.286256,4.82138
Andre Pallante,9,12,3.92338,1.40656,41,0,1,1,153,113,6.64469,3.61746,0.300482,4.05092
Andrés Muñoz,6,0,2.72692,1.10194,64,26,4,30,64,85,11.9369,3.45391,0.287036,2.82433
Andrew Abbott,8,11,4.56676,1.34014,24,0,0,0,133,127,8.60055,3.28134,0.290783,4.61752
Andrew Chafin,3,0,3.92017,1.33755,55,0,6,6,55,60,9.8791,4.21766,0.290035,3.95179
Andrew Heaney,7,10,4.51024,1.28712,35,0,1,1,130,124,8.5822,2.81671,0.293856,4.40443
Andrew Kittredge,5,0,3.75931,1.226,66,2,13,15,66,61,8.25806,2.40768,0.294671,3.93694
Andrew Misiaszek,2,0,3.99017,1.35979,26,0,1,1,26,27,9.30103,4.04955,0.294065,4.19353
Andrew Moore,1,0,5.09611,1.55203,32,0,1,1,32,34,9.51315,5.59099,0.297393,5.02672
Andrew Morris,0,0,4.14676,1.29225,8,0,1,1,8,6,7.10702,2.42854,0.295519,4.12809
Andrew Nardi,3,0,3.61531,1.23086,50,0,4,4,50,62,11.1612,3.591,0.294384,3.65646
Andrew Painter,3,4,4.53002,1.31948,19,0,1,1,64,62,8.76142,3.36528,0.286402,4.55511
Andrew Saalfrank,2,0,3.7696,1.42827,28,0,1,1,28,27,8.545,4.52575,0.300786,3.97539
Andrew Walters,3,0,3.98228,1.31075,56,0,8,8,56,62,9.89225,4.18143,0.288004,4.10224
Andry Lara,1,0,4.60726,1.38192,22,0,1,1,22,17,6.75955,3.15986,0.289593,4.70298
Angel Bastardo,1,0,4.28161,1.36206,17,0,1,1,17,15,7.99305,3.73312,0.286672,4.48807
Angel Chivilli,3,0,4.765,1.38822,53,0,6,6,53,48,8.16987,3.36433,0.301667,4.67904
Angel Perdomo,3,0,3.78651,1.27188,54,0,7,7,54,68,11.4127,4.3177,0.294465,3.84514
Angel Zerpa,3,0,3.86681,1.31669,59,0,12,12,59,51,7.74259,3.03725,0.29916,3.94978
Anthony Banda,3,0,4.07468,1.33525,57,0,13,13,57,56,8.83643,3.4995,0.294524,4.18083
Anthony Bender,3,0,3.67597,1.26335,60,5,12,17,60,63,9.43524,3.28145,0.30222,3.52946
Anthony DeSclafani,3,5,4.632,1.34778,10,0,0,0,54,42,7.01277,2.49724,0.297555,4.61691
Anthony Hoopii-Tuionetoa,1,0,4.8482,1.44671,21,0,1,1,21,18,7.66767,3.8505,0.293291,4.86621
Anthony Misiewicz,1,0,4.3202,1.37073,21,0,1,1,21,19,8.31114,3.24996,0.300632,4.27611
Anthony Molina,1,0,4.88828,1.42173,33,0,1,1,33,23,6.26691,2.76753,0.304728,4.53044
Anthony Veneziano,3,0,4.30832,1.39002,56,0,9,9,56,46,7.41158,3.29147,0.299207,4.45107
Antonio Jimenez,1,0,4.39435,1.41387,26,0,1,1,26,20,6.98794,3.54626,0.293894,4.5047
Antonio Senzatela,6,8,5.06598,1.46903,42,0,1,1,135,85,5.6569,2.60992,0.311312,4.68965
Aroldis Chapman,5,0,3.23513,1.28291,63,12,9,21,63,93,13.3188,5.10156,0.30072,3.2402
Austin Adams,1,0,4.53856,1.37587,24,0,1,1,24,29,10.7294,4.85452,0.297141,4.56422
Austin Gomber,7,10,5.16996,1.40834,26,0,0,0,143,102,6.42316,2.50475,0.302968,4.93198
Austin Warren,0,0,4.35764,1.3531,10,0,1,1,10,9,7.67559,3.56862,0.287389,4.47328
Bailey Falter,6,8,4.48684,1.33084,43,0,1,1,124,91,6.64516,2.62266,0.292337,4.52467
Bailey Horn,1,0,4.40401,1.45957,22,0,1,1,22,20,8.00913,4.47771,0.290528,4.67262
Bailey Ober,10,15,3.97889,1.15671,29,0,0,0,167,171,9.23659,2.17678,0.284921,3.97603
Beau Brieske,3,0,4.02021,1.27481,66,10,10,20,66,62,8.51666,3.27195,0.284033,4.0747
Ben Brown,3,1,3.59411,1.20666,31,0,1,1,45,50,10.0603,3.378,0.284908,3.58409
Ben Casparius,2,0,4.6783,1.39178,38,0,1,1,38,37,8.66865,4.04635,0.285542,4.74328
Ben Joyce,3,0,3.47137,1.24134,62,7,10,17,62,75,10.8404,4.05031,0.290714,3.58446
Ben Lively,8,11,4.51762,1.36905,24,0,0,0,131,103,7.05548,2.91781,0.295018,4.63063
Bennett Sousa,3,0,3.98186,1.32576,48,0,1,1,48,48,8.99188,3.68559,0.289256,4.17717
Blake Snell,11,17,3.45011,1.21249,29,0,0,0,160,209,11.7905,3.96016,0.288323,3.41632
Blake Treinen,5,0,3.33747,1.15588,59,6,14,20,59,64,9.69822,2.79242,0.291076,3.37235
Blake Walston,2,0,4.17225,1.38624,32,0,1,1,32,27,7.55265,3.58067,0.295648,4.33544
Blake Weiman,0,0,4.33028,1.31998,8,0,1,1,8,6,7.30423,2.77004,0.290158,4.52449
Blas Castano,2,1,4.30178,1.33545,28,0,1,1,34,26,6.74413,2.91841,0.289135,4.53588
Bobby Miller,3,1,4.0292,1.25105,42,0,1,1,49,47,8.76387,3.06013,0.289787,3.94174
Bowden Francis,11,12,4.13323,1.19482,36,0,1,1,157,145,8.29137,2.46268,0.277812,4.34894
Brad Keller,1,0,4.4151,1.42264,19,0,1,1,19,15,7.22572,3.66234,0.296974,4.48321
Bradgley Rodriguez,1,0,4.44118,1.40999,26,0,1,1,26,24,8.42895,4.48825,0.28369,4.64259
Bradley Blalock,2,1,5.26566,1.49248,29,0,1,1,49,36,6.5718,3.48351,0.301095,5.11375
Brady Basso,3,1,3.88517,1.22198,55,0,5,5,61,56,8.25621,2.43167,0.288872,3.9921
Brady Singer,9,14,4.53534,1.31091,29,0,0,0,167,159,8.61667,2.65985,0.30451,4.25206
Brandon Eisert,1,0,4.05352,1.31968,28,0,1,1,28,26,8.27765,3.26558,0.29348,4.12758
Brandon Pfaadt,9,11,3.91254,1.18827,33,0,1,1,138,136,8.8835,2.10905,0.296465,3.72741
Brandon Sproat,1,2,4.22964,1.33848,5,0,0,0,25,22,7.85016,3.36909,0.287882,4.3169
Brandon Woodruff,9,15,3.61308,1.15243,26,0,0,0,153,170,9.95324,2.52945,0.287813,3.70282
Brandon Young,1,0,4.00034,1.25896,22,0,1,1,22,21,8.43556,2.66869,0.293432,4.01943
Brandyn Garcia,1,0,4.06453,1.31637,21,0,1,1,21,19,7.93456,3.43075,0.288237,4.37716
Brant Hurter,3,0,3.78304,1.19942,60,0,5,5,60,49,7.40728,2.09078,0.290038,3.83757
Braxton Ashcraft,2,1,4.06614,1.26525,33,0,1,1,46,38,7.51042,2.22166,0.297763,3.96793
Brayan Bello,11,15,4.09138,1.34699,29,0,0,0,163,150,8.26808,3.21532,0.307652,3.85209
Braydon Fisher,1,0,4.49629,1.45844,21,0,1,1,21,21,8.89791,4.84768,0.288592,4.64405
Brenan Hanifee,2,0,3.84115,1.26604,44,0,1,1,44,34,6.99264,2.38461,0.294304,3.8578
Brendon Little,3,0,3.85959,1.39115,56,0,10,10,56,48,7.76388,4.01066,0.294594,4.09457
Brennan Bernardino,3,0,3.95346,1.32645,52,0,4,4,52,52,8.97369,3.51163,0.303519,3.97792
Brent Headrick,2,0,4.15174,1.27594,34,0,1,1,34,34,9.00938,2.94939,0.290585,4.25372
Brent Suter,3,0,4.42377,1.36733,63,0,11,11,63,49,7.02463,2.78114,0.300836,4.50109
Brett de Geus,2,0,4.78103,1.48644,39,0,1,1,39,27,6.23107,3.56772,0.305457,4.56486
Brock Burke,3,0,3.84889,1.27311,66,1,16,17,66,66,9.00644,3.13995,0.292664,3.93675
Brock Stewart,3,0,3.14015,1.18128,56,1,9,10,56,72,11.5479,3.56171,0.294828,3.07207
Brooks Raley,1,0,3.93987,1.31073,26,0,0,0,26,26,9.05341,3.69321,0.292644,4.08857
Brusdar Graterol,1,0,3.34555,1.18941,22,0,1,1,22,19,7.62625,2.43325,0.293001,3.4506
Bryan Abreu,4,0,3.1522,1.16762,72,2,15,17,72,93,11.5762,3.67233,0.286964,3.27765
Bryan Baker,2,0,3.96703,1.30179,46,0,1,1,46,47,9.12198,3.72147,0.290543,3.96059
Bryan Hoeing,3,0,4.17959,1.29106,56,0,9,9,56,45,7.16481,2.65543,0.290405,4.20854
Bryan Hudson,3,0,3.51999,1.19913,60,1,11,12,60,65,9.74437,3.26861,0.283567,3.6798
Bryan King,2,0,3.82517,1.33414,60,0,12,12,60,60,8.98446,3.83975,0.291948,4.12757
Bryan Shaw,1,0,5.28939,1.56462,17,0,1,1,17,14,7.26065,4.59202,0.301018,5.30457
Bryan Woo,8,14,3.71207,1.12689,26,0,0,0,134,125,8.40066,1.97046,0.282061,3.82583
Bryce Elder,3,3,4.19115,1.34757,16,0,1,1,46,39,7.53646,3.00546,0.302263,4.07869
Bryce Jarvis,2,0,4.4286,1.4486,48,0,1,1,48,38,7.11328,4.05234,0.295427,4.57602
Bryce Miller,10,17,3.76857,1.16802,31,0,0,0,172,162,8.49129,2.37085,0.280685,3.94474
Bryse Wilson,4,4,4.88575,1.37801,39,0,1,1,100,72,6.49011,2.84016,0.290411,4.9751
Bubba Chandler,4,7,4.50684,1.39376,15,0,0,0,75,65,7.78752,3.65135,0.294282,4.54436
Buck Farmer,2,0,4.49446,1.36774,46,0,1,1,46,45,8.81387,3.84245,0.292556,4.41322
Cade Cavalli,5,6,4.22882,1.33653,28,0,1,1,82,78,8.51752,3.65719,0.290855,4.24319
Cade Povich,6,7,4.24203,1.33532,27,0,1,1,88,81,8.28017,3.40489,0.290661,4.32556
Cade Smith,4,0,3.01689,1.10654,68,2,14,16,68,86,11.3605,3.07211,0.287831,2.96316
Caden Dana,4,5,4.92309,1.38238,13,0,0,0,69,59,7.60761,3.39058,0.287658,4.99222
Cal Quantrill,7,11,4.81357,1.43412,26,0,0,0,143,104,6.53387,3.36028,0.295935,4.85928
Caleb Ferguson,3,0,3.4429,1.2957,60,1,11,12,60,63,9.47843,3.61395,0.302426,3.44472
Caleb Kilian,1,1,4.38117,1.3672,24,0,1,1,31,23,6.93026,3.13742,0.294904,4.35073
Caleb Thielbar,3,0,3.71103,1.23782,56,0,10,10,56,61,9.80962,3.20657,0.289484,3.71902
Calvin Faucher,3,0,3.91425,1.38532,63,22,6,28,63,66,9.41335,4.05668,0.303659,3.86182
Cam Booser,3,0,4.32186,1.36291,60,0,11,11,60,61,9.14255,3.74058,0.294842,4.3616
Camilo Doval,5,0,3.30919,1.25412,62,10,12,22,62,75,10.9514,4.14128,0.295736,3.28528
Carlos Carrasco,1,1,4.64368,1.39695,17,0,1,1,23,20,7.69958,2.89534,0.303409,4.64515
Carlos Estévez,5,0,3.8651,1.24002,64,21,6,27,64,63,8.80177,3.14041,0.287611,3.80782
Carlos Hernández,2,0,4.20957,1.34333,48,0,1,1,48,46,8.6977,3.84445,0.29186,4.072
Carlos Rodón,12,16,4.0079,1.18604,31,0,0,0,171,191,10.0402,2.84048,0.282688,3.96156
Carlos Rodriguez,2,1,4.57156,1.33834,15,0,1,1,30,27,8.07164,3.49088,0.28202,4.69983
Carlos Vargas,3,0,4.00331,1.37889,56,0,7,7,56,47,7.57962,3.65522,0.293668,4.28216
Carmen Mlodzinski,4,0,4.06686,1.3511,61,1,12,13,61,54,8.00003,3.53364,0.295701,4.09864
Carson Palmquist,1,1,5.14417,1.47258,3,0,0,0,16,15,8.12075,4.07366,0.296395,5.13567
Carson Ragsdale,1,0,4.05995,1.31314,28,0,1,1,28,28,9.06201,3.3653,0.29476,4.05034
Carson Seymour,1,0,4.00162,1.33572,24,0,1,1,24,19,7.28092,2.91937,0.29893,4.04379
Carson Spiers,2,1,4.88551,1.36801,38,0,1,1,46,40,7.88496,2.95882,0.297418,4.77839
Carson Whisenhunt,2,1,3.95871,1.31519,24,0,1,1,37,36,8.7524,3.4201,0.292653,4.00706
Casey Legumina,2,0,4.60668,1.36887,34,0,1,1,34,29,7.73094,3.22243,0.293561,4.55738
Casey Mize,6,11,4.23543,1.28681,23,0,0,0,118,94,7.17661,2.53638,0.291424,4.2472
Chad Green,5,0,3.93837,1.21276,63,5,12,17,63,60,8.61604,2.71456,0.282479,4.11914
Chad Patrick,1,0,4.24077,1.25446,24,0,1,1,24,22,8.06957,2.65752,0.284004,4.32196
Charlie Morton,9,14,4.2903,1.33704,28,0,0,0,154,153,8.91131,3.5636,0.295434,4.39403
Chase Dollander,4,7,5.06042,1.42076,18,0,0,0,95,85,8.10648,3.58325,0.299013,4.92584
Chase Lee,1,0,3.68768,1.25185,24,0,1,1,24,23,8.68056,3.03739,0.291377,3.75688
Chase Petty,1,1,4.9492,1.43218,18,0,1,1,32,24,6.87326,3.37195,0.2954,4.88368
Chase Shugart,1,0,4.52398,1.41122,19,0,1,1,19,15,7.00805,3.34699,0.29885,4.53128
Chase Silseth,3,1,4.17069,1.3247,48,0,1,1,54,52,8.7377,3.47616,0.293898,4.27271
Chase Solesky,1,0,4.80636,1.4325,12,0,1,1,12,7,5.52676,2.95184,0.293479,4.91572
Chayce McDermott,2,1,4.11714,1.35237,31,0,1,1,45,48,9.63637,4.25411,0.288496,4.22251
Chris Bassitt,11,16,4.09031,1.29832,31,0,0,0,177,161,8.19078,3.06554,0.293002,4.21139
Chris Devenski,1,0,4.60756,1.32428,19,0,1,1,19,18,8.4654,3.16314,0.287591,4.58175
Chris Flexen,1,0,4.5569,1.38322,16,0,1,1,16,13,7.29927,2.98301,0.298757,4.46654
Chris Martin,4,0,3.37254,1.11841,58,20,6,26,58,58,9.01629,1.64424,0.300102,3.17344
Chris Murphy,0,0,4.47867,1.41428,8,0,1,1,8,7,7.7621,3.72366,0.300347,4.416
Chris Paddack,7,7,4.22043,1.27089,55,0,1,1,124,115,8.31316,2.26953,0.302102,3.9498
Chris Roycroft,3,0,4.12981,1.42197,51,0,4,4,51,42,7.47168,4.05071,0.295151,4.34812
Chris Sale,14,20,3.03004,1.08972,31,0,0,0,182,224,11.0595,2.3029,0.300879,2.92159
Chris Stratton,3,0,4.53829,1.43431,54,0,7,7,54,44,7.38262,3.93288,0.296281,4.467
Cionel Pérez,2,0,3.72007,1.37493,56,0,7,7,56,50,8.10118,4.07486,0.297422,3.86909
Clarke Schmidt,9,11,3.9681,1.24505,41,0,1,1,146,145,8.95828,2.97197,0.288651,3.99454
Clay Holmes,13,12,3.60743,1.3396,49,0,1,1,164,148,8.09309,3.17046,0.307912,3.55403
Clayton Beeter,1,0,4.03966,1.29051,28,0,1,1,28,31,9.94719,3.92947,0.281737,4.15652
Clayton Kershaw,5,7,3.80896,1.2198,13,0,0,0,68,63,8.36383,2.41061,0.292645,3.86717
Cody Bolton,2,0,4.07676,1.35487,41,0,1,1,41,39,8.50158,3.85524,0.287976,4.27633
Cody Bradford,5,4,4.20318,1.18951,47,0,1,1,88,79,8.04614,1.96523,0.285499,4.09423
Cody Poteet,1,0,3.85953,1.25441,30,0,1,1,30,28,8.33829,2.96184,0.290931,3.93825
Cole Henry,1,0,4.82064,1.42053,40,0,1,1,40,35,7.84784,4.14884,0.288567,4.80071
Cole Ragans,12,18,3.509,1.23036,31,0,0,0,179,201,10.1138,3.36777,0.294539,3.49783
Cole Sands,4,0,3.66065,1.19551,64,1,15,16,64,70,9.81347,2.80438,0.29386,3.63447
Cole Sulser,2,0,4.31129,1.37899,28,0,1,1,28,26,8.42604,3.81842,0.291934,4.38016
Cole Waites,1,0,4.1023,1.38162,15,0,1,1,15,15,8.9115,4.13994,0.293116,4.20296
Colin Holderman,4,0,3.89103,1.30533,62,3,13,16,62,63,9.07412,3.72917,0.294911,3.84689
Colin Poche,3,0,4.25243,1.29498,56,0,9,9,56,50,8.07434,3.38793,0.280192,4.47153
Colin Rea,6,8,4.53009,1.30203,31,0,1,1,122,97,7.12461,2.45625,0.292594,4.50238
Colin Selby,2,0,3.95915,1.36855,51,0,1,1,51,53,9.41581,4.19053,0.297475,4.03159
Collin Snider,4,0,4.1272,1.37019,65,3,12,15,65,60,8.25432,3.8189,0.290974,4.26201
Colten Brewer,1,0,4.50495,1.3587,22,0,1,1,22,20,8.35605,3.65903,0.287619,4.39668
Colton Gordon,1,1,4.20384,1.30034,17,0,1,1,24,21,7.86278,2.96127,0.287142,4.4164
Connor Brogdon,2,0,4.55345,1.35087,38,0,1,1,38,38,8.9574,3.66687,0.291314,4.51192
Connor Gillispie,2,0,4.59643,1.38489,41,0,1,1,41,34,7.47277,3.39728,0.29069,4.74466
Connor Phillips,1,0,4.72821,1.43685,21,0,1,1,21,22,9.29248,4.39179,0.297608,4.60532
Connor Thomas,3,0,3.99194,1.29249,54,0,6,6,54,39,6.48888,2.35978,0.294366,4.11534
Cooper Criswell,2,1,4.43405,1.33575,23,0,1,1,30,22,6.83024,2.4537,0.305644,4.21939
Corbin Burnes,13,19,3.33215,1.16663,31,0,0,0,188,188,8.99755,2.53145,0.292486,3.38537
Cory Lewis,1,0,4.41222,1.38488,14,0,1,1,14,13,8.26974,3.71683,0.292818,4.49538
Craig Kimbrel,3,0,3.9312,1.28811,40,0,0,0,40,49,10.9139,4.2977,0.289891,3.95812
Craig Yoho,2,0,3.73068,1.24243,47,0,1,1,47,53,10.1994,3.65689,0.286067,3.87931
Cristian Javier,1,0,4.03851,1.24082,17,0,1,1,17,18,9.38884,3.38432,0.277198,4.29576
Cristian Mena,1,1,4.1422,1.36151,14,0,1,1,21,18,8.07535,3.50964,0.295958,4.26082
Cristopher Sánchez,11,16,3.68028,1.24054,29,0,0,0,171,147,7.73269,2.44087,0.297057,3.72494
Dakota Hudson,1,0,4.80277,1.4753,21,0,1,1,21,14,6.01548,3.59654,0.299945,4.75921
Dan Altavilla,1,0,4.7341,1.473,24,0,1,1,24,23,8.50767,4.11751,0.300437,4.82466
Dane Acker,0,1,5.11418,1.45875,2,0,0,0,8,7,7.28414,3.94821,0.287543,5.16322
Dane Dunning,4,1,4.31627,1.31356,56,0,7,7,71,64,8.18331,3.00255,0.295555,4.19882
Daniel Bard,2,0,4.75836,1.50717,34,0,0,0,34,32,8.5453,5.17825,0.293989,4.97078
Daniel Lynch IV,3,1,4.30202,1.32789,52,0,4,4,59,48,7.26576,2.7006,0.298259,4.24098
Daniel Palencia,2,0,3.89334,1.32325,38,0,1,1,38,43,10.1123,4.36012,0.289482,3.97838
Daniel Robert,2,0,4.4626,1.34514,33,0,1,1,33,33,8.86537,3.79609,0.28976,4.35528
Danny Coulombe,3,0,3.48479,1.20589,51,0,4,4,51,52,9.16861,2.74911,0.295226,3.58529
Danny Young,3,0,3.95767,1.32565,56,0,10,10,56,61,9.83243,4.23224,0.293814,4.00014
Dauri Moreta,2,0,4.12433,1.29956,37,0,1,1,37,39,9.41092,3.65681,0.290853,4.2014
David Bednar,4,0,3.70782,1.2387,64,28,4,32,64,68,9.61742,3.27647,0.293309,3.63834
David Festa,6,7,3.99568,1.28337,42,0,1,1,106,111,9.41748,3.30575,0.29534,3.86761
David Peterson,9,13,3.89705,1.34578,32,0,1,1,147,136,8.36425,3.56253,0.296919,4.01175
David Robertson,4,0,3.49063,1.21752,57,0,0,0,57,70,11.0243,3.68972,0.293145,3.40605
Davis Daniel,1,0,4.093,1.25437,15,0,1,1,15,13,7.84482,2.3624,0.294716,4.04713
Davis Martin,6,11,4.50849,1.37166,24,0,0,0,123,108,7.86309,3.33578,0.295839,4.52933
Daysbel Hernández,4,0,3.77797,1.33059,58,0,11,11,58,68,10.6243,4.34047,0.297468,3.89869
Dean Kremer,8,12,4.21197,1.31099,24,0,0,0,130,115,7.94752,3.01913,0.290647,4.33987
Declan Cronin,3,0,3.94441,1.37662,67,1,13,14,67,58,7.75899,3.45219,0.305987,3.91542
Dedniel Núñez,3,0,3.48721,1.21095,49,0,4,4,49,55,10.1742,3.30199,0.288279,3.46259
Dennis Santana,3,0,3.9671,1.31714,66,2,12,14,66,63,8.60815,3.61718,0.295751,3.86627
Derek Law,4,0,3.87295,1.32916,72,5,13,18,72,62,7.72753,3.20599,0.295213,4.03859
Devin Sweet,3,0,4.60726,1.34597,36,0,1,1,36,36,8.94332,3.77657,0.287041,4.5958
Devin Williams,5,0,2.94773,1.15003,63,31,3,34,63,84,11.9479,4.02866,0.283429,3.09299
Diego Castillo,1,0,5.07467,1.54683,34,0,1,1,34,28,7.35956,4.25425,0.312587,4.92775
Dietrich Enns,1,0,3.8364,1.27362,15,0,1,1,15,15,8.86608,3.2751,0.285757,4.05127
Dillon Tate,1,0,4.19345,1.31146,33,0,0,0,33,25,6.73505,2.88993,0.293634,4.24068
DJ Herz,6,8,4.19537,1.35907,36,0,1,1,109,119,9.7866,4.54297,0.282946,4.34423
DL Hall,2,1,3.97263,1.3373,31,0,1,1,43,46,9.61375,4.02063,0.291484,4.07598
Domingo Gonzalez,2,0,4.333,1.36482,43,0,1,1,43,43,8.99926,3.9415,0.294885,4.4061
Doug Nikhazy,2,0,4.31205,1.43551,46,0,1,1,46,44,8.5198,4.53104,0.287455,4.60561
Drew Pomeranz,0,0,3.81504,1.29456,14,0,1,1,14,15,9.42855,3.70726,0.292453,3.73171
Drew Rasmussen,9,10,3.32965,1.15324,43,0,1,1,125,121,8.70032,2.23019,0.293904,3.33455
Drew Smith,1,0,4.26132,1.31842,14,0,1,1,14,14,9.31412,3.77325,0.282296,4.56153
Drew Smyly,2,0,4.20695,1.29837,38,0,0,0,38,36,8.59668,3.0231,0.290708,4.34162
Drew Thorpe,5,7,4.75671,1.38218,16,0,0,0,86,68,7.06965,3.24206,0.289411,4.78752
Drey Jameson,3,0,3.79673,1.28402,50,0,4,4,50,46,8.28501,2.93417,0.299693,3.87475
Drue Hackenberg,0,1,4.54519,1.45878,2,0,0,0,8,7,7.64526,4.12013,0.299948,4.56431
Dustin May,4,2,3.57347,1.17811,52,0,4,4,73,77,9.48338,2.94618,0.291481,3.64689
Dylan Cease,13,19,3.45786,1.18477,32,0,0,0,185,218,10.6442,3.36818,0.284622,3.49313
Dylan Coleman,1,0,4.57018,1.51202,30,0,1,1,30,31,9.29051,5.78891,0.2889,4.87488
Dylan Dodd,2,0,4.2683,1.31101,33,0,1,1,33,26,7.12632,2.39731,0.297073,4.26701
Dylan Floro,3,0,3.7896,1.32315,48,0,1,1,48,37,6.84921,2.76681,0.300007,3.76937
Dylan Lee,4,0,3.31879,1.15639,62,0,13,13,62,71,10.3636,2.58994,0.294059,3.37168
Easton Lucas,1,0,4.30716,1.37898,35,0,1,1,35,31,7.92573,3.72108,0.287999,4.4695
Edgardo Henriquez,1,0,4.41533,1.36936,33,0,1,1,33,35,9.5492,4.38095,0.286415,4.50645
Eduard Bazardo,3,0,3.6719,1.21854,50,0,1,1,50,50,8.9612,2.97344,0.286343,3.73335
Eduardo Rodriguez,10,12,3.84806,1.29121,32,0,1,1,143,132,8.30612,2.82654,0.30005,3.88056
Eduardo Salazar,2,0,4.47336,1.42801,50,0,4,4,50,37,6.61301,3.62268,0.295735,4.62079
Edward Cabrera,7,10,4.16856,1.3523,35,0,1,1,125,133,9.61469,4.25929,0.29321,4.21761
Edwin Díaz,5,0,2.94205,1.05179,65,36,2,38,65,93,12.8696,3.22206,0.284171,2.75721
Edwin Uceta,3,0,3.91333,1.24312,65,9,11,20,65,70,9.70622,3.4656,0.284697,3.91405
Eiberson Castellano,2,0,4.34256,1.3413,42,0,1,1,42,40,8.58252,3.34183,0.29726,4.35015
Eli Morgan,2,0,4.05183,1.22346,50,0,1,1,50,47,8.47131,2.63121,0.284621,4.1372
Elvin Rodriguez,1,0,4.24773,1.28219,25,0,1,1,25,23,8.3434,2.89937,0.28623,4.4209
Elvis Alvarado,2,0,4.52888,1.44052,28,0,1,1,28,26,8.37772,4.46583,0.287873,4.7311
Elvis Peguero,4,0,3.85241,1.3354,56,0,9,9,56,53,8.4634,3.69913,0.294765,3.86961
Emerson Hancock,2,2,4.65214,1.36311,18,0,1,1,46,33,6.42649,2.97177,0.283571,4.94021
Emiliano Teodo,2,1,4.62497,1.43939,30,0,1,1,36,36,8.89413,4.70485,0.288111,4.64758
Emilio Pagán,4,0,4.51807,1.25805,64,3,12,15,64,65,9.17037,2.92029,0.287478,4.5248
Emmanuel Clase,5,0,2.62509,1.05592,66,34,2,36,66,66,9.04996,1.95127,0.290905,2.77875
Enyel De Los Santos,1,0,3.98723,1.27365,21,0,1,1,21,22,9.22322,3.29936,0.291969,4.19209
Eric Cerantola,1,0,4.68523,1.50204,14,0,1,1,14,13,8.57695,5.07274,0.294339,4.73511
Eric Orze,3,0,4.13922,1.35418,44,0,1,1,44,45,9.21061,4.01287,0.292001,4.23625
Erick Fedde,9,15,4.21055,1.31075,29,0,0,0,164,144,7.90907,2.81809,0.294133,4.27385
Erik Miller,4,0,3.47975,1.3096,61,1,12,13,61,76,11.189,4.77612,0.290077,3.51522
Erik Sabrowski,4,0,3.72582,1.35991,50,0,4,4,50,58,10.3756,4.61131,0.292025,3.96235
Erik Swanson,3,0,3.99597,1.2786,60,0,13,13,60,59,8.84733,3.11731,0.288324,4.15229
Ethan Roberts,1,0,4.18485,1.33003,35,0,1,1,35,35,8.88533,3.61569,0.291307,4.27723
Ethan Small,1,0,4.02622,1.36529,13,0,1,1,13,12,8.39279,3.81573,0.291449,4.15749
Eury Pérez,4,8,3.86036,1.20716,15,0,0,0,73,80,9.75959,2.87186,0.289222,3.89067
Evan Justice,2,0,5.35377,1.67715,46,0,1,1,46,44,8.6355,6.07646,0.306293,5.36283
Evan Phillips,3,0,3.31426,1.12907,50,0,7,7,50,56,10.0877,2.83142,0.285415,3.31804
Evan Reifert,2,0,4.49383,1.40704,52,0,6,6,52,55,9.50268,4.74182,0.288467,4.58513
Evan Sisk,2,0,4.12256,1.42023,36,0,1,1,36,33,8.2519,4.31279,0.29867,4.19763
Félix Bautista,5,0,2.6601,1.03781,60,26,4,30,60,85,12.7928,3.23062,0.283787,2.71364
Fernando Cruz,4,0,3.25185,1.20781,61,0,13,13,61,83,12.2263,3.95882,0.290101,3.2392
Forrest Whitley,3,0,3.93865,1.32439,59,0,11,11,59,62,9.44558,3.94627,0.291538,3.98494
Framber Valdez,13,18,3.34557,1.22226,29,0,0,0,181,171,8.47125,2.91395,0.294737,3.56068
Francis Pena,2,0,4.27082,1.35092,33,0,1,1,33,27,7.42064,3.32181,0.289836,4.40364
Franco Aleman,2,0,3.93751,1.28487,31,0,1,1,31,32,9.21648,3.30796,0.294271,4.00705
Frankie Montas,6,9,4.35461,1.33339,19,0,0,0,102,97,8.58378,3.43344,0.290551,4.33068
Fraser Ellard,3,0,4.28427,1.42331,62,6,10,16,62,61,8.78892,4.47991,0.295496,4.42489
Freddy Peralta,11,17,3.76446,1.18755,31,0,0,0,171,195,10.2547,3.30188,0.278101,3.86426
Gabe Speier,3,0,3.57172,1.21307,58,0,10,10,58,61,9.48046,2.99769,0.291122,3.68962
Gabriel Hughes,1,0,4.7122,1.42948,12,0,1,1,12,11,8.1348,3.46732,0.311897,4.4925
Garrett Cleavinger,5,0,3.8616,1.29032,63,3,15,18,63,74,10.5963,4.09652,0.292458,3.88635
Garrett Crochet,13,19,2.99284,1.11834,31,0,0,0,157,200,11.4805,2.79451,0.30252,2.81334
Garrett McDaniels,3,0,4.14361,1.42845,52,0,4,4,52,44,7.63944,3.87024,0.302483,4.39263
Garrett Whitlock,4,0,3.62388,1.17196,67,2,16,18,67,67,9.06572,2.10592,0.299518,3.4972
Gavin Hollowell,0,0,4.28351,1.33519,6,0,1,1,6,6,9.01984,3.85585,0.289257,4.32658
Gavin Williams,8,13,3.98862,1.27855,26,0,0,0,132,133,9.07083,3.42355,0.288265,4.0522
Génesis Cabrera,2,0,4.2981,1.36987,41,0,1,1,41,38,8.34655,4.04625,0.2846,4.50566
George Kirby,12,18,3.42113,1.0874,31,0,0,0,179,169,8.47406,1.33301,0.28993,3.39207
George Soriano,2,0,4.47951,1.39245,48,0,1,1,48,45,8.47595,3.9145,0.294236,4.58008
Germán Márquez,8,13,4.67656,1.38658,28,0,0,0,156,129,7.44252,3.0456,0.306187,4.37571
Gerrit Cole,11,17,3.82315,1.16908,31,0,0,0,183,191,9.39608,2.49114,0.282763,3.90638
Gerson Garabito,1,0,4.50081,1.32095,18,0,1,1,18,16,8.0745,3.17297,0.290101,4.48174
Giovanny Gallegos,2,0,4.56768,1.30919,28,0,1,1,28,27,8.80193,3.18663,0.28749,4.47451
Gordon Graceffo,2,1,4.36883,1.33861,40,0,1,1,47,33,6.44758,2.81739,0.289094,4.50857
Graham Ashcraft,3,0,4.41096,1.32194,53,0,4,4,53,44,7.46318,2.65403,0.301715,4.16362
Grant Anderson,1,0,4.34935,1.32238,34,0,1,1,34,34,9.0485,3.48437,0.288695,4.44955
Grant Holman,3,0,4.22786,1.36251,60,0,12,12,60,55,8.30128,3.70614,0.291394,4.33093
Grant Holmes,6,7,3.99365,1.2931,45,0,1,1,114,110,8.65092,2.93961,0.299974,3.88276
Grant Wolfram,1,0,4.36228,1.41032,18,0,1,1,18,17,8.59976,4.19462,0.290618,4.47553
Grayson Rodriguez,10,16,3.73069,1.20905,28,0,0,0,157,168,9.59397,2.80263,0.293245,3.70174
Greg Weissert,3,0,4.02737,1.33646,60,0,12,12,60,58,8.72323,3.42081,0.303064,3.93987
Gregory Santos,3,0,2.94792,1.19523,62,5,13,18,62,67,9.74423,2.92702,0.298076,2.98485
Gregory Soto,4,0,3.49463,1.26819,59,0,10,10,59,67,10.2843,3.86317,0.297331,3.45783
Griff McGarry,1,0,4.79883,1.56233,26,0,1,1,26,27,9.33731,6.01818,0.289685,4.90506
Griffin Canning,5,4,4.59089,1.32642,46,0,1,1,98,88,8.04746,3.12621,0.287271,4.59791
Griffin Jax,5,0,3.21057,1.10877,70,8,11,19,70,83,10.6383,2.53385,0.293182,3.14128
Guillo Zuñiga,1,0,4.97289,1.44315,17,0,1,1,17,14,7.40876,4.0501,0.287215,5.1084
Gunnar Hoglund,4,2,4.70216,1.33631,39,0,1,1,68,49,6.56245,2.65467,0.28812,4.81341
Gus Varland,3,0,4.41845,1.39476,64,8,11,19,64,59,8.24802,3.61901,0.29824,4.42663
Hagen Danner,1,0,3.78041,1.25253,28,0,1,1,28,28,9.0481,3.1262,0.286022,3.97532
Hans Crouse,3,0,4.23925,1.34722,56,0,7,7,56,66,10.5389,4.54008,0.287887,4.22094
Hayden Birdsong,6,8,4.2301,1.34185,40,0,1,1,108,113,9.45061,4.08196,0.290334,4.2414
Hayden Harris,1,0,4.11834,1.38524,17,0,1,1,17,18,9.76973,4.2049,0.298386,4.17632
Hayden Wesneski,6,5,4.34316,1.28563,49,0,1,1,106,98,8.36527,2.98148,0.288749,4.39112
Héctor Neris,5,0,4.02116,1.31099,56,0,10,10,56,59,9.52042,3.73804,0.291441,4.2412
Hoby Milner,3,0,3.91768,1.23111,58,0,11,11,58,53,8.18652,2.41131,0.295287,3.77869
Hogan Harris,2,0,4.2958,1.38505,36,0,1,1,36,33,8.21036,4.0439,0.288778,4.49356
Huascar Brazobán,3,0,4.01908,1.34713,51,0,7,7,51,52,9.20081,4.26988,0.289725,4.00558
Huascar Ynoa,2,0,4.11534,1.30719,36,0,1,1,36,36,8.95069,3.33345,0.296424,3.96399
Hunter Bigge,3,0,4.19159,1.39144,55,0,8,8,55,60,9.77415,4.50281,0.292061,4.25749
Hunter Brown,12,16,3.70995,1.25772,29,0,0,0,166,171,9.28279,3.17212,0.295452,3.71778
Hunter Gaddis,4,0,4.02699,1.23285,65,0,17,17,65,59,8.21339,2.69591,0.283698,4.27953
Hunter Greene,9,16,3.89819,1.15204,29,0,0,0,169,195,10.3838,3.18612,0.275058,3.947
Hunter Harvey,3,0,3.53348,1.20148,60,2,14,16,60,62,9.32816,2.8182,0.296908,3.44418
Hunter Stratton,1,0,4.10955,1.32387,15,0,1,1,15,14,8.53862,3.48365,0.295233,4.06802
Hunter Strickland,1,0,4.69712,1.40675,35,0,0,0,35,29,7.51537,3.80698,0.288091,4.91402
Hurston Waldrep,2,1,4.45813,1.44115,15,0,1,1,29,26,8.17437,4.0322,0.297971,4.47781
Ian Anderson,5,7,4.25919,1.4059,24,0,1,1,92,79,7.76446,3.65945,0.300378,4.25858
Ian Hamilton,3,0,3.46018,1.24929,60,1,15,16,60,66,9.94607,3.62046,0.28929,3.53824
Ian Seymour,2,1,4.37967,1.31292,18,0,1,1,32,29,8.04229,3.10787,0.288282,4.53055
J.B. Wendelken,1,0,4.14842,1.35435,19,0,1,1,19,17,8.12387,3.71316,0.290674,4.39234
J.P. France,2,1,4.31799,1.37193,23,0,1,1,30,27,8.11312,3.4487,0.293956,4.43265
J.T. Ginn,4,5,4.43819,1.37309,35,0,1,1,91,67,6.63164,3.09332,0.294026,4.53242
Jack Dashwood,2,0,4.45558,1.33124,42,0,1,1,42,38,8.10974,3.0197,0.291693,4.54982
Jack Dreyer,1,0,4.15795,1.32294,19,0,1,1,19,19,8.93854,3.56954,0.287454,4.20895
Jack Flaherty,11,16,3.79701,1.21377,29,0,0,0,164,178,9.7736,2.86578,0.290162,3.81851
Jack Kochanowicz,5,6,4.78995,1.39688,29,0,1,1,97,54,5.03445,2.45755,0.297436,4.85318
Jack Leiter,6,7,4.77849,1.37374,39,0,1,1,112,113,9.05585,3.98113,0.285757,4.68733
Jack Neely,0,0,4.1038,1.2805,10,0,1,1,10,10,9.42491,3.53848,0.285,4.07934
Jack O'Loughlin,0,0,4.86104,1.47189,8,0,1,1,8,6,6.85794,3.47591,0.303886,4.8173
Jackson Jobe,5,8,4.62877,1.37302,31,0,1,1,106,82,6.97849,3.35344,0.283943,4.78419
Jackson Kowar,2,0,4.32968,1.39437,35,0,1,1,35,34,8.86337,4.06488,0.293837,4.3614
Jackson Rutledge,1,1,4.68855,1.41174,26,0,1,1,32,26,7.32275,3.73657,0.289855,4.75576
Jacob Barnes,1,0,4.60256,1.37874,24,0,1,1,24,20,7.51697,3.17297,0.295899,4.54931
Jacob deGrom,9,16,2.98784,0.964991,26,0,0,0,132,178,12.1184,1.83806,0.286535,2.76165
Jacob Latz,2,0,4.41254,1.41575,46,0,1,1,46,47,9.10186,4.45463,0.288785,4.52688
Jacob Lopez,2,0,4.06841,1.32849,41,0,1,1,41,40,8.72425,3.76876,0.287471,4.31111
Jacob Misiorowski,2,0,4.45749,1.38216,36,0,1,1,36,39,9.7602,4.77866,0.2826,4.69893
Jacob Waguespack,3,1,4.14614,1.34449,43,0,1,1,50,48,8.74604,3.48514,0.297888,4.17247
Jacob Wallace,1,0,4.87466,1.53486,10,0,1,1,10,9,8.15008,5.26402,0.292498,4.92868
Jacob Webb,3,0,4.25986,1.32699,62,2,14,16,62,63,9.18089,3.94581,0.286373,4.16848
Jaden Hill,2,0,5.00782,1.44553,42,0,1,1,42,37,7.87601,3.69072,0.305933,4.83815
Jairo Iriarte,3,3,4.96548,1.47805,30,0,1,1,66,56,7.69398,4.31194,0.293365,5.06416
Jake Bird,2,0,4.60576,1.44534,61,1,10,11,61,52,7.63818,3.75599,0.307595,4.47926
Jake Bloss,2,2,4.73789,1.39655,19,0,1,1,37,30,7.31171,3.40609,0.288062,4.83681
Jake Cousins,3,0,3.92502,1.27913,54,0,7,7,54,64,10.7365,4.27455,0.286426,4.13231
Jake Diekman,2,0,4.31877,1.4495,40,0,1,1,40,47,10.5131,5.5649,0.291993,4.45375
Jake Eder,1,0,4.71136,1.46375,17,0,1,1,17,15,7.87519,4.22285,0.29472,4.8501
Jake Irvin,9,14,4.43509,1.30347,29,0,0,0,163,135,7.47143,2.86014,0.288593,4.52925
Jake Woodford,0,0,4.78089,1.40001,10,0,1,1,10,7,6.73497,2.71867,0.305743,4.60991
Jakob Junis,3,1,4.21253,1.22227,62,0,11,11,70,65,8.42796,2.0812,0.297905,4.01451
Jalen Beeks,2,0,3.9601,1.36555,37,0,0,0,37,33,8.05851,3.49126,0.300209,4.04
James Karinchak,2,0,4.28122,1.36262,37,0,1,1,37,45,10.8889,4.86494,0.28601,4.28815
James McArthur,2,0,4.04379,1.30844,31,0,1,1,31,28,8.07924,2.91185,0.299941,3.98825
Jameson Taillon,10,14,4.31106,1.25861,29,0,0,0,165,132,7.18035,2.16925,0.290933,4.33194
Janson Junk,1,0,4.55564,1.35515,22,0,1,1,22,16,6.35187,2.48889,0.296344,4.52161
Jared Jones,9,14,3.89989,1.22681,36,0,1,1,159,162,9.1833,2.90943,0.291051,3.85477
Jared Koenig,4,0,3.75736,1.27139,62,2,11,13,62,60,8.7341,3.19235,0.290818,3.89064
Jared Shuster,2,0,4.63408,1.41759,40,0,1,1,40,31,6.88359,3.49613,0.291991,4.69949
Jason Adam,5,0,3.34019,1.1126,67,3,12,15,67,77,10.3898,3.12718,0.275529,3.63414
Jason Foley,4,0,3.54264,1.25428,63,13,7,20,63,51,7.34548,2.61839,0.29489,3.56368
Javier Assad,7,9,4.28395,1.37182,45,0,1,1,137,113,7.46695,3.49248,0.290276,4.48391
Jay Jackson,1,0,4.40949,1.30037,20,0,0,0,20,20,8.86675,2.94603,0.295162,4.47601
Jeff Brigham,1,0,4.4053,1.39411,15,0,1,1,15,15,8.97357,4.30365,0.287834,4.70132
Jeff Hoffman,4,0,2.97654,1.09186,65,26,4,30,65,80,11.0356,3.01008,0.282899,3.10673
Jeffrey Springs,8,13,3.71524,1.21561,34,0,1,1,133,131,8.87,2.51736,0.291452,3.87124
Jefry Yan,1,0,4.82661,1.55864,17,0,1,1,17,16,8.51257,5.13577,0.305754,4.90601
Jeremiah Estrada,4,0,3.25762,1.17668,63,3,14,17,63,85,12.1162,3.89999,0.283467,3.31338
Jesse Chavez,1,0,4.22734,1.32955,26,0,1,1,26,24,8.14338,3.05135,0.296276,4.24784
Jesús Luzardo,10,12,4.14658,1.24795,41,0,1,1,158,163,9.28894,3.09802,0.286496,4.13658
Jesus Tinoco,3,0,3.81978,1.293,64,6,10,16,64,64,9.03263,3.44312,0.296132,3.81226
Jhoan Duran,7,0,2.5771,1.09615,65,22,5,27,65,81,11.2114,2.80762,0.300918,2.57809
Jhonathan Díaz,0,1,4.27309,1.37736,2,0,0,0,9,7,7.03844,3.54753,0.290115,4.50443
Jhony Brito,3,1,4.16637,1.30257,40,0,1,1,47,36,6.87202,2.7268,0.288414,4.30469
Jimmy Herget,3,0,4.78916,1.38511,48,0,1,1,48,41,7.76252,2.83991,0.305727,4.60961
Joe Boyle,3,2,4.28638,1.46119,41,0,1,1,59,69,10.4978,5.76328,0.288848,4.37927
Joe Jacques,0,0,4.44364,1.40113,10,0,1,1,10,8,6.87438,3.40083,0.296961,4.6559
Joe Jiménez,1,0,3.48283,1.16315,27,0,1,1,27,32,10.6717,2.95993,0.294419,3.3511
Joe Kelly,2,0,3.72096,1.30224,34,0,0,0,34,40,10.5595,4.23168,0.298959,3.59883
Joe Mantiply,4,0,3.59419,1.27458,59,0,11,11,59,51,7.776,2.66833,0.301875,3.57313
Joe Rock,1,1,4.13408,1.30522,19,0,1,1,26,22,7.44156,2.63413,0.29583,4.20515
Joe Ross,3,1,4.37316,1.35062,56,0,6,6,63,55,7.90631,3.29052,0.293732,4.37823
Joe Ryan,10,15,3.76863,1.10126,28,0,0,0,158,172,9.79537,2.06635,0.28444,3.64999
Joel Payamps,5,0,3.67344,1.21856,61,2,13,15,61,60,8.85305,2.97988,0.283982,3.93073
Joely Rodríguez,2,0,4.11984,1.40603,30,0,0,0,30,26,7.77451,3.45555,0.309009,4.03541
Joey Cantillo,6,7,4.05854,1.35745,33,0,1,1,98,99,9.14553,4.11824,0.288842,4.26065
Joey Estes,5,6,4.94663,1.28636,33,0,1,1,105,79,6.72044,2.36392,0.278966,5.09499
Joey Gerber,1,0,4.72526,1.45028,19,0,1,1,19,17,8.12895,4.19194,0.290032,4.71674
Joey Lucchesi,0,0,4.22888,1.41189,8,0,1,1,8,6,6.38814,3.26347,0.298474,4.35597
Joey Wentz,3,0,4.25861,1.36793,57,1,9,10,57,56,8.89542,3.72414,0.29732,4.17398
Johan Oviedo,4,4,4.31159,1.36424,32,0,1,1,76,68,8.03363,3.64133,0.294825,4.33322
John Brebbia,3,0,4.14208,1.25956,57,0,9,9,57,61,9.70249,2.95324,0.294831,4.00916
John Curtiss,1,0,4.88698,1.41874,18,0,1,1,18,14,6.86544,3.08742,0.298656,4.7918
John King,3,0,3.65618,1.32396,59,0,12,12,59,40,6.06366,2.46462,0.301925,3.84585
John McMillon,2,0,4.40034,1.44289,21,0,1,1,21,24,10.1125,5.23001,0.287605,4.48318
John Rooney,1,0,4.43199,1.43604,28,0,1,1,28,24,7.81527,3.94802,0.301673,4.45974
John Schreiber,4,0,3.88197,1.33135,61,1,12,13,61,56,8.30355,3.57308,0.297607,3.83228
JoJo Romero,4,0,3.52594,1.24196,61,1,13,14,61,60,8.88945,3.0307,0.294063,3.72099
Jon Gray,8,10,4.36021,1.27222,37,0,1,1,145,133,8.21791,2.74773,0.292372,4.10732
Jonathan Bowlan,2,0,4.46544,1.36551,40,0,1,1,40,31,7.04491,2.90996,0.297292,4.45606
Jonathan Cannon,7,11,4.75123,1.38733,32,0,1,1,155,115,6.63299,3.05126,0.293199,4.77162
Jonathan Heasley,1,0,4.94254,1.39071,15,0,1,1,15,12,7.07443,3.06738,0.293445,4.85641
Jonathan Hernández,1,0,4.37675,1.4482,26,0,1,1,26,24,8.35412,4.52703,0.294942,4.30776
Jonathan Loáisiga,4,0,3.44523,1.20771,40,0,1,1,40,34,7.67874,2.51278,0.290756,3.51747
Jonathan Pintaro,0,1,4.60874,1.38879,2,0,0,0,8,7,7.11675,3.41737,0.290413,4.63053
Jordan Balazovic,1,0,4.0658,1.35158,10,0,1,1,10,9,8.15518,3.65463,0.292525,4.06395
Jordan Hicks,8,11,4.06094,1.39004,40,0,1,1,136,127,8.3658,4.01889,0.299249,4.11452
Jordan Leasure,3,0,4.61593,1.41824,62,0,10,10,62,60,8.69399,4.2761,0.291943,4.66536
Jordan Montgomery,7,7,4.06928,1.34264,42,0,1,1,117,93,7.1635,2.74037,0.303196,4.03732
Jordan Romano,5,0,3.83201,1.23887,59,23,4,27,59,64,9.80506,3.33121,0.288812,3.88213
Jordan Wicks,3,2,4.14466,1.30342,21,0,1,1,46,41,8.00223,3.03835,0.289495,4.2199
Jorge Alcala,3,0,4.01867,1.25721,60,1,12,13,60,63,9.50992,3.48264,0.28869,4.05081
Jorge López,3,0,4.14318,1.34209,60,7,12,19,60,53,7.88376,3.25878,0.298561,4.20756
Jose A. Ferrer,3,0,3.88875,1.30183,62,3,11,14,62,51,7.40857,3.01276,0.29435,3.943
José Alvarado,4,0,3.31416,1.25836,60,3,10,13,60,69,10.4142,4.01794,0.293422,3.35961
José Berríos,12,17,4.18313,1.26284,32,0,0,0,194,167,7.75468,2.47624,0.28989,4.33068
José Buttó,3,0,3.69656,1.24186,63,1,16,17,63,67,9.51854,3.57744,0.281421,3.88504
José Cisnero,1,0,4.33799,1.37776,24,0,0,0,24,25,9.23459,4.00893,0.296084,4.37058
Jose Cuas,0,0,4.56373,1.42039,10,0,1,1,10,10,8.61475,4.17896,0.294039,4.687
Jose E. Hernandez,1,0,4.32586,1.3864,13,0,1,1,13,12,8.64824,4.00362,0.288829,4.58861
José Leclerc,4,0,3.90274,1.28863,64,3,13,16,64,74,10.4517,4.27115,0.284165,3.90436
José Quijada,3,0,4.01447,1.33431,62,0,12,12,62,72,10.4174,4.67954,0.287799,3.97872
Jose Quintana,8,12,4.30568,1.39977,24,0,0,0,131,108,7.3663,3.52164,0.295678,4.43334
José Ruiz,3,0,4.27424,1.33133,62,0,10,10,62,61,8.87737,3.56728,0.292451,4.25817
José Soriano,9,14,3.97504,1.33194,26,0,0,0,146,142,8.73672,3.86034,0.295584,4.04356
José Suarez,3,1,4.19055,1.30804,62,0,10,10,69,67,8.73487,3.2418,0.294213,4.16342
José Ureña,1,0,4.6233,1.39078,17,0,1,1,17,13,6.67195,3.25297,0.291204,4.64768
Josh Ekness,1,0,4.5762,1.45486,18,0,1,1,18,16,8.03665,4.2651,0.296659,4.66806
Josh Hader,6,0,3.10286,1.08382,68,33,2,35,68,96,12.7273,3.46523,0.278814,3.11895
Josh Sborz,2,0,3.78683,1.27326,38,3,1,4,38,42,9.83591,3.52387,0.295,3.60044
Josh Simpson,2,0,4.14069,1.40612,33,0,1,1,33,35,9.62233,4.54417,0.298294,4.26136
Josh Staumont,1,0,4.39222,1.3984,28,0,1,1,28,28,9.01771,4.61202,0.286088,4.32433
Josh Walker,2,0,3.9118,1.32173,39,0,1,1,39,39,9.04989,3.71571,0.289156,4.01406
Josh Winckowski,3,0,3.99566,1.32803,55,0,7,7,55,46,7.60096,2.7941,0.305096,3.91631
Josiah Gray,1,1,4.76615,1.35373,10,0,1,1,17,15,8.23036,3.56583,0.281407,4.93177
JP Sears,10,14,4.54941,1.28613,31,0,0,0,176,145,7.3842,2.60365,0.284107,4.77112
JT Brubaker,3,1,4.41948,1.29285,44,0,1,1,50,48,8.60036,2.84881,0.292189,4.43002
JT Chargois,1,0,4.10368,1.31981,24,0,1,1,24,22,8.24055,3.62792,0.286822,4.37767
Juan Mejia,1,0,5.19867,1.56237,22,0,1,1,22,19,7.80245,4.68288,0.306443,5.07241
Juan Nuñez,0,0,4.99313,1.5491,10,0,1,1,10,8,7.36713,5.11533,0.284966,5.35232
Julian Merryweather,3,0,3.74435,1.279,52,0,4,4,52,58,10.052,3.68626,0.291781,3.73363
Justin Anderson,3,0,4.38434,1.4094,63,7,11,18,63,65,9.24359,4.23034,0.297229,4.42979
Justin Hagenman,1,0,4.29865,1.27072,12,0,1,1,12,11,7.96103,2.73666,0.286347,4.33114
Justin King,1,0,4.48699,1.46529,15,0,1,1,15,15,9.25246,4.87428,0.298112,4.56208
Justin Lawrence,4,0,4.39373,1.43962,66,0,8,8,66,60,8.18308,4.27738,0.302803,4.27821
Justin Martinez,5,0,3.10976,1.29747,67,17,9,26,67,84,11.293,4.73139,0.299978,3.17939
Justin Slaten,4,0,3.91814,1.30725,64,0,13,13,64,67,9.42401,3.32039,0.302449,3.82872
Justin Steele,10,17,3.4591,1.19019,29,0,0,0,166,159,8.60379,2.46878,0.293776,3.53828
Justin Sterner,2,0,4.34382,1.33553,44,0,1,1,44,41,8.47661,3.54695,0.28553,4.5563
Justin Topa,3,0,3.86441,1.31453,50,0,1,1,50,43,7.76203,3.04598,0.303305,3.80306
Justin Verlander,8,12,4.18403,1.275,24,0,0,0,138,111,7.20782,2.45247,0.289811,4.23376
Justin Wilson,3,0,4.14982,1.34469,58,0,10,10,58,60,9.26155,3.12165,0.306202,4.00179
Justin Wrobleski,2,0,4.37924,1.32404,36,0,1,1,36,32,8.03763,3.11859,0.289048,4.47486
Kade Strowd,1,0,4.38993,1.43229,26,0,1,1,26,24,8.30674,4.10949,0.298925,4.43653
Kaleb Ort,3,0,4.24346,1.3289,62,0,13,13,62,64,9.22098,3.70607,0.288586,4.40886
Keaton Winn,2,0,3.94155,1.23872,42,0,1,1,42,39,8.31864,2.60929,0.295104,3.74384
Keegan Akin,3,0,3.42322,1.14513,70,2,16,18,70,79,10.2067,2.47604,0.292213,3.44505
Keegan Thompson,4,0,4.05668,1.32006,66,0,13,13,66,68,9.206,4.01936,0.285122,4.22019
Keider Montero,2,1,4.32865,1.3165,20,0,1,1,34,29,7.68917,3.08371,0.287394,4.42895
Kelvin Cáceres,0,0,4.70819,1.51334,10,0,1,1,10,10,9.44202,5.44196,0.294602,4.8641
Kendall Graveman,4,0,3.8595,1.36126,53,0,7,7,53,52,8.78038,4.02203,0.294711,4.13518
Kenley Jansen,3,0,3.82841,1.23121,60,26,4,30,60,68,10.1927,3.41475,0.289565,3.85331
Kenta Maeda,4,3,4.48876,1.27499,54,0,1,1,89,80,8.13873,2.58703,0.289931,4.33765
Kevin Gausman,13,18,3.78718,1.22896,32,0,0,0,192,189,8.85422,2.51474,0.294977,3.75347
Kevin Ginkel,5,0,3.30589,1.19658,61,3,14,17,61,65,9.58563,2.84652,0.296784,3.3477
Kevin Herget,2,0,4.1414,1.26367,34,0,1,1,34,29,7.71393,2.57134,0.287845,4.21184
Kevin Kelly,3,0,3.63641,1.18231,53,0,5,5,53,47,8.03265,2.21506,0.294965,3.67715
Keynan Middleton,1,0,3.9726,1.32021,18,0,0,0,18,19,9.35752,3.74009,0.292798,4.11131
Kirby Yates,5,0,3.58928,1.24555,60,9,11,20,60,73,10.9162,4.34049,0.285507,3.78466
Kodai Senga,10,14,3.65136,1.2641,34,0,1,1,160,173,9.722,3.83057,0.283125,3.87054
Kody Funderburk,2,0,3.8454,1.3237,48,0,1,1,48,48,9.04685,3.66431,0.29922,3.83664
Kolby Allard,1,0,4.5068,1.32985,19,0,1,1,19,16,7.71495,2.74009,0.293899,4.48907
Kris Bubic,7,8,4.06651,1.32497,42,0,1,1,115,109,8.56912,3.20058,0.300468,3.96429
Kumar Rocker,6,11,3.8362,1.21362,33,0,1,1,119,122,9.24572,2.65652,0.292405,3.73901
Kutter Crawford,8,7,4.35246,1.23218,53,0,1,1,134,129,8.66512,2.51331,0.290302,4.23024
Kyle Amendt,2,0,3.82117,1.37405,21,0,1,1,21,24,10.2149,4.60261,0.293854,3.98231
Kyle Bradish,1,1,3.29004,1.15743,12,0,1,1,19,20,9.50286,2.66349,0.29204,3.36132
Kyle Finnegan,4,0,3.96785,1.3037,64,22,6,28,64,61,8.60004,3.34695,0.292392,4.07689
Kyle Freeland,7,12,5.04391,1.42002,28,0,0,0,152,109,6.49314,2.47505,0.307507,4.80614
Kyle Gibson,7,11,4.36012,1.38503,23,0,0,0,130,110,7.58106,3.31186,0.299052,4.3864
Kyle Harrison,7,12,4.10453,1.28338,24,0,0,0,126,128,9.15117,3.34564,0.289526,4.10432
Kyle Hart,6,6,4.64041,1.38833,39,0,1,1,107,77,6.43279,3.15163,0.28644,4.97315
Kyle Hendricks,6,10,5.12591,1.42093,24,0,0,0,127,89,6.33318,2.65516,0.300286,5.02539
Kyle Leahy,3,0,4.27144,1.37423,56,0,10,10,56,44,7.00483,3.26813,0.294598,4.37726
Kyle Nelson,2,0,4.01069,1.32281,35,0,1,1,35,34,8.62598,3.41547,0.294444,4.15673
Kyle Nicolas,2,0,4.29932,1.41659,44,0,1,1,44,44,8.96184,4.39438,0.296886,4.36309
Kyle Tyler,1,0,4.56561,1.40863,28,0,1,1,28,22,7.18827,3.48739,0.295179,4.5742
Kyle Wright,6,5,4.24177,1.33102,35,0,1,1,94,78,7.47264,3.02583,0.299166,4.17662
Lake Bachar,3,0,4.50981,1.3914,58,1,10,11,58,53,8.18773,3.55684,0.294839,4.55772
Lance Lynn,6,10,4.40881,1.32806,21,0,0,0,118,109,8.31389,3.07617,0.293343,4.46379
Lance McCullers Jr.,5,5,3.68976,1.29789,39,0,1,1,92,90,8.83826,3.56985,0.293527,3.88596
Landen Roupp,4,2,3.77751,1.30559,55,0,4,4,75,74,8.81308,3.59657,0.293241,3.8179
Landon Knack,2,1,4.25014,1.25252,37,0,1,1,43,42,8.7921,2.83897,0.28539,4.2653
Liam Hendriks,4,0,3.88399,1.22476,61,23,6,29,61,70,10.3232,2.8571,0.301096,3.77066
Logan Allen,2,3,4.32607,1.37991,6,0,0,0,34,29,7.76713,3.43111,0.293331,4.52584
Logan Evans,1,1,4.35589,1.35091,10,0,1,1,16,13,7.07082,3.24874,0.287287,4.54956
Logan Gilbert,12,19,3.36066,1.09439,32,0,0,0,196,201,9.23668,1.99725,0.283459,3.47296
Logan Henderson,1,0,4.09002,1.19804,10,0,1,1,10,10,9.3759,2.65055,0.281106,4.15164
Logan VanWey,1,0,4.2781,1.40678,22,0,1,1,22,22,8.99442,4.45219,0.290682,4.48572
Logan Webb,13,20,3.32443,1.18614,32,0,0,0,201,171,7.68182,1.97591,0.300459,3.21437
Lou Trivino,4,0,4.3535,1.38225,56,0,10,10,56,53,8.47884,3.7704,0.29489,4.25275
Louis Varland,4,1,3.96763,1.2452,56,0,7,7,63,61,8.70847,2.51113,0.299459,3.82705
Luarbert Arias,3,0,4.58797,1.36286,44,0,1,1,44,39,8.00943,3.4307,0.289712,4.70211
Lucas Erceg,4,0,3.45557,1.26112,67,11,10,21,67,75,10.1396,3.73948,0.298995,3.47264
Lucas Gilbreath,2,0,4.7292,1.48531,50,0,4,4,50,46,8.29608,4.62022,0.301248,4.59467
Lucas Giolito,8,10,4.42815,1.32263,33,0,1,1,137,137,9.01508,3.15694,0.299533,4.24908
Lucas Sims,3,0,4.48533,1.3908,58,1,11,12,58,60,9.30003,4.81271,0.283329,4.67932
Luinder Avila,1,0,4.77259,1.47862,12,0,1,1,12,9,6.54966,3.95658,0.297303,4.74434
Luis Castillo,12,18,3.56023,1.16676,31,0,0,0,181,184,9.15106,2.56042,0.284316,3.70861
Luis Contreras,2,0,4.32457,1.34013,44,0,1,1,44,43,8.74863,3.79168,0.287945,4.40571
Luis Curvelo,1,0,4.70436,1.35307,22,0,1,1,22,20,8.01065,3.37824,0.287237,4.73044
Luis Frías,2,0,4.25045,1.39316,34,0,1,1,34,34,9.01626,4.1265,0.29758,4.13151
Luis Garcia,9,9,4.00505,1.24176,33,0,1,1,121,119,8.88575,2.84378,0.287675,4.04935
Luis García,1,0,3.8814,1.32519,17,0,1,1,17,15,8.04718,2.87278,0.306874,3.77632
Luis Gil,7,9,4.17669,1.31837,32,0,1,1,114,128,10.0852,4.324,0.279177,4.31031
Luis González,2,0,3.99955,1.27408,36,0,1,1,36,34,8.48668,2.8713,0.291243,4.18506
Luis Guerrero,2,0,4.47116,1.41658,42,0,1,1,42,42,9.07125,4.48037,0.295425,4.50257
Luis L. Ortiz,8,10,4.28669,1.342,38,0,1,1,149,127,7.66501,3.27626,0.289574,4.4814
Luis Mey,2,0,5.69571,1.7018,42,0,1,1,42,37,7.89032,6.14578,0.299297,5.68823
Luis Patiño,1,0,4.56723,1.36026,12,0,1,1,12,10,7.62594,3.61023,0.281667,4.75535
Luis Peralta,3,0,4.86208,1.51332,61,2,12,14,61,60,8.91535,4.85414,0.302174,4.91004
Luis Severino,9,15,4.30625,1.30721,31,0,0,0,177,152,7.72776,2.94098,0.291788,4.35182
Luke Jackson,3,0,3.95823,1.35847,55,0,10,10,55,58,9.56174,4.02158,0.299422,4.06237
Luke Little,2,0,3.41419,1.29085,40,0,1,1,40,48,10.8163,4.86991,0.284518,3.69531
Luke Weaver,3,0,3.91239,1.20041,68,6,13,19,68,73,9.6173,2.68001,0.287958,3.84469
Lyon Richardson,0,0,4.81947,1.45808,12,0,1,1,12,11,8.48469,4.29408,0.298023,4.7924
MacKenzie Gore,10,17,3.85657,1.27974,31,0,0,0,167,178,9.60836,3.38785,0.294244,3.85741
Manuel Rodríguez,4,0,3.81119,1.2972,61,2,13,15,61,58,8.60927,3.39285,0.297735,3.88931
Marc Church,3,0,4.41802,1.3501,60,0,5,5,60,60,8.98951,3.71528,0.291058,4.34336
Marcus Stroman,8,9,4.39136,1.37031,42,0,1,1,136,102,6.74715,3.10645,0.293353,4.43637
Mark Leiter Jr.,3,0,3.90964,1.23135,58,0,12,12,58,67,10.4698,3.44346,0.289009,3.9439
Martín Pérez,6,11,4.55557,1.44676,24,0,0,0,136,100,6.64918,3.28327,0.302341,4.62422
Mason Adams,1,2,4.76415,1.37587,5,0,0,0,27,19,6.30003,2.63629,0.2978,4.7792
Mason Barnett,0,1,4.46959,1.35585,2,0,0,0,9,8,7.85424,3.53483,0.286569,4.59953
Mason Black,3,1,4.26796,1.3247,37,0,1,1,50,44,7.9859,3.09946,0.292683,4.28871
Mason Englert,2,0,4.34697,1.29291,46,0,1,1,46,41,7.94948,2.82577,0.29114,4.32978
Mason Fluharty,1,0,4.14188,1.31365,22,0,1,1,22,21,8.45288,3.42443,0.286838,4.29582
Mason Miller,4,0,2.69784,1.00787,67,30,2,32,67,98,13.1836,3.12338,0.282279,2.60136
Mason Montgomery,3,0,4.04288,1.29649,60,1,12,13,60,58,8.75173,3.32355,0.289331,4.16556
Mason Thompson,3,0,4.19827,1.36562,42,0,1,1,42,35,7.55673,3.41815,0.296975,4.1813
Matt Barnes,1,0,4.63872,1.4153,28,0,0,0,28,25,7.97383,3.8693,0.295584,4.46856
Matt Bowman,1,0,4.52578,1.41694,19,0,1,1,19,16,7.44684,3.65151,0.297589,4.56602
Matt Brash,3,0,3.01453,1.20397,48,0,1,1,48,62,11.614,3.89494,0.292326,3.13253
Matt Canterino,1,0,4.30984,1.36535,12,0,1,1,12,13,9.40823,4.02037,0.293079,4.32043
Matt Festa,1,0,4.32752,1.31929,16,0,1,1,16,15,8.53013,3.50252,0.28814,4.32257
Matt Krook,1,0,4.22989,1.46695,21,0,1,1,21,21,8.79586,5.06423,0.292889,4.3828
Matt Manning,2,1,4.14441,1.27954,28,0,1,1,35,29,7.45608,2.83946,0.285225,4.22636
Matt Moore,2,0,4.60293,1.42619,28,0,1,1,28,26,8.3816,4.11802,0.293752,4.75943
Matt Pushard,1,0,4.62453,1.42154,24,0,1,1,24,20,7.42602,3.65445,0.294873,4.77103
Matt Strahm,5,0,3.26643,1.05447,67,3,12,15,67,79,10.599,2.32541,0.280517,3.37837
Matt Svanson,2,0,4.41717,1.40567,35,0,1,1,35,25,6.4767,3.31802,0.295813,4.5498
Matt Waldron,4,5,4.51275,1.28683,21,0,1,1,80,66,7.41042,2.5819,0.287658,4.53826
Matthew Boyd,8,12,3.79316,1.21364,31,0,1,1,122,124,9.13175,2.85047,0.287531,3.90045
Matthew Liberatore,5,2,3.96708,1.30017,65,2,12,14,85,78,8.30443,3.25575,0.291262,4.08453
Max Fried,12,17,3.42455,1.19565,29,0,0,0,174,162,8.33718,2.58115,0.290496,3.53739
Max Kranick,2,0,4.31608,1.3203,44,0,1,1,44,37,7.51034,3.06813,0.2861,4.38527
Max Lazar,3,0,4.27847,1.30029,50,0,4,4,50,41,7.36141,2.74339,0.290385,4.23575
Max Meyer,7,11,4.29614,1.35536,34,0,1,1,133,117,7.89286,3.09899,0.30055,4.28165
Max Rajcic,1,0,4.45883,1.33027,10,0,1,1,10,7,6.71544,2.74354,0.288514,4.59895
Max Scherzer,8,11,3.76258,1.13204,27,0,1,1,122,127,9.36355,2.20066,0.282054,3.8562
Merrill Kelly,9,14,4.03266,1.29158,26,0,0,0,149,131,7.89463,2.78282,0.29454,4.14257
Michael Arias,0,0,5.00506,1.55217,10,0,1,1,10,9,8.38721,5.36944,0.286817,5.20693
Michael Darrell-Hicks,1,0,4.68209,1.34681,22,0,1,1,22,18,7.44412,2.91461,0.295896,4.73354
Michael Fulmer,3,0,4.33768,1.37611,50,0,1,1,50,49,8.85869,3.87309,0.299744,4.13503
Michael Grove,3,0,3.96864,1.23322,44,0,1,1,44,46,9.50051,2.84823,0.293953,3.8446
Michael Kelly,1,0,4.15677,1.33711,24,0,1,1,24,22,8.33748,3.49346,0.292953,4.12014
Michael King,13,18,3.45947,1.21711,31,0,0,0,178,193,9.75031,3.18911,0.288721,3.63558
Michael Kopech,3,0,4.13618,1.28746,53,3,10,13,53,62,10.5628,4.2591,0.278897,4.2984
Michael Lorenzen,7,8,4.55671,1.4025,56,0,1,1,148,114,6.91503,3.67661,0.28982,4.66256
Michael McGreevy,2,1,3.8089,1.25246,34,0,1,1,41,30,6.62546,2.13853,0.293012,3.92526
Michael Mercado,2,0,4.97263,1.42535,40,0,1,1,40,35,7.93913,3.93367,0.286969,5.02051
Michael Petersen,2,0,4.52923,1.3605,36,0,1,1,36,33,8.30961,3.66563,0.289053,4.6361
Michael Soroka,7,6,4.44239,1.34064,52,0,1,1,121,113,8.41086,3.53453,0.290495,4.46221
Michael Tonkin,3,0,4.18248,1.292,63,0,12,12,63,62,8.89156,3.28568,0.296199,4.10869
Michael Wacha,9,14,4.18041,1.28104,28,0,0,0,155,132,7.6434,2.64804,0.292211,4.20508
Michel Otañez,4,0,3.83219,1.35616,61,0,13,13,61,75,11.0474,4.99274,0.291947,3.92561
Mick Abel,1,0,4.76008,1.46334,22,0,1,1,22,20,8.01453,4.48429,0.289312,4.85164
Miguel Castro,3,0,4.28977,1.33641,43,0,1,1,43,40,8.35636,3.63648,0.291218,4.29031
Mike Burrows,2,1,4.40034,1.34096,35,0,1,1,41,35,7.76494,3.33455,0.290248,4.42654
Mike Clevinger,2,0,4.61813,1.31213,44,6,0,6,44,39,7.88521,2.88599,0.289417,4.66995
Mike Vasil,3,0,4.29469,1.31948,48,0,1,1,48,38,7.1271,2.77697,0.292503,4.37822
Miles Mikolas,9,15,4.45864,1.2701,31,0,0,0,176,123,6.29172,1.74885,0.295164,4.39392
Mitch Keller,10,16,4.13667,1.28269,31,0,0,0,180,163,8.13,2.72207,0.298347,4.04069
Mitch Spence,6,8,4.35933,1.33182,31,0,1,1,120,94,7.05783,2.72773,0.29552,4.37281
Mitchell Parker,8,12,4.28715,1.34814,36,0,1,1,148,131,7.95806,3.35286,0.290374,4.32241
Nate Lavender,1,0,3.96718,1.32731,22,0,1,1,22,24,10.0098,4.3238,0.287888,4.02718
Nate Pearson,2,0,3.9748,1.2684,54,0,7,7,54,59,9.87171,3.55646,0.288305,4.0034
Nathan Eovaldi,10,15,3.99059,1.20676,29,0,0,0,172,163,8.54043,2.38879,0.291584,3.88433
Neftalí Feliz,0,0,4.9558,1.44149,15,0,0,0,15,14,8.52408,4.09091,0.271053,4.68429
Nestor Cortes,9,10,3.7501,1.159,44,0,1,1,144,144,9.04385,2.3427,0.281209,3.88577
Nic Enright,2,0,3.77867,1.20636,41,0,1,1,41,42,9.30881,2.71428,0.288708,3.76531
Nick Anderson,3,0,4.23343,1.34547,44,0,1,1,44,39,7.93116,3.32527,0.292318,4.34461
Nick Frasso,1,0,4.05424,1.26845,15,0,1,1,15,14,8.487,2.88504,0.290255,4.20859
Nick Hernandez,3,0,4.35888,1.29247,52,0,4,4,52,52,9.07499,3.53114,0.280563,4.45791
Nick Lodolo,8,12,4.24186,1.23169,24,0,0,0,132,144,9.82659,2.94824,0.297213,4.02883
Nick Martinez,10,11,3.99472,1.25978,49,0,1,1,168,143,7.69807,2.30627,0.298771,3.94291
Nick Mears,3,0,3.73233,1.28235,59,0,11,11,59,73,11.1104,4.20218,0.288888,3.59824
Nick Nastrini,3,4,5.33472,1.53994,23,0,1,1,75,65,7.78805,4.91247,0.287657,5.38206
Nick Pivetta,10,14,4.03854,1.20318,28,0,0,0,154,171,10.028,2.88682,0.28611,4.03642
Nick Robertson,2,0,4.04087,1.32256,42,0,1,1,42,40,8.59951,3.38589,0.291961,4.09607
Nick Sandlin,4,0,3.98317,1.27656,59,0,12,12,59,63,9.58688,3.90223,0.280573,4.26263
Noah Cameron,1,0,3.98713,1.25946,21,0,1,1,21,19,8.13201,2.57707,0.294046,3.96051
Noah Murdock,2,0,4.71416,1.52544,56,0,7,7,56,47,7.55429,5.01499,0.293253,4.92107
Noah Schultz,1,3,4.33051,1.31102,6,0,0,0,31,28,8.07124,3.08117,0.293655,4.38092
Omar Cruz,1,0,4.27278,1.34913,22,0,1,1,22,21,8.45131,3.9403,0.283267,4.55275
Orion Kerkering,4,0,3.16955,1.12756,63,5,12,17,63,72,10.348,2.8261,0.289677,3.14594
Orlando Ribalta,1,0,4.81716,1.47986,28,0,1,1,28,25,8.1287,4.63437,0.288921,4.83698
Osvaldo Bido,7,6,4.39875,1.3346,42,0,1,1,112,103,8.24071,3.66552,0.285727,4.4979
Owen White,0,0,5.15999,1.46014,12,0,1,1,12,9,6.6678,3.50827,0.295771,5.0224
Pablo López,13,18,3.69979,1.16355,32,0,0,0,192,201,9.42675,2.22959,0.296208,3.57157
Patrick Corbin,4,7,4.95279,1.45779,16,0,0,0,88,68,6.95017,2.94593,0.309341,4.72839
Patrick Monteverde,2,1,4.53863,1.39464,28,0,1,1,35,26,6.70871,3.04041,0.294938,4.69099
Patrick Sandoval,1,1,3.82189,1.34205,8,0,1,1,15,14,8.72013,3.55896,0.304144,3.76552
Paul Blackburn,7,6,4.38909,1.3399,46,0,1,1,115,94,7.3739,2.87016,0.294212,4.33923
Paul Sewald,3,0,3.84427,1.18175,59,1,12,13,59,66,10.0448,2.96737,0.282401,3.9958
Paul Skenes,11,20,3.00668,1.08539,31,0,0,0,174,214,11.0619,2.57281,0.294616,2.90155
Penn Murfee,2,0,4.45558,1.35054,51,0,4,4,51,47,8.3557,3.48428,0.293268,4.41063
Pete Fairbanks,4,0,3.46473,1.22209,60,22,7,29,60,67,10.0373,3.38715,0.29344,3.44609
Peter Strzelecki,1,0,4.47644,1.38362,26,0,1,1,26,23,7.98921,3.59975,0.297078,4.42003
Phil Maton,3,0,4.2375,1.29652,56,0,0,0,56,54,8.66626,3.41188,0.289064,4.30822
Pierce Johnson,5,0,3.60084,1.2884,64,2,12,14,64,78,10.95,3.7662,0.302495,3.57888
Porter Hodge,3,0,3.86527,1.31608,63,11,10,21,63,68,9.74686,4.24791,0.28678,3.98788
Prelander Berroa,2,0,4.41832,1.4683,48,3,1,4,48,51,9.60758,5.09827,0.291414,4.58678
Quinn Mathews,5,8,3.97585,1.29375,28,0,1,1,99,93,8.47029,3.31357,0.288601,4.09673
Quinn Priester,2,0,4.08713,1.31954,30,0,1,1,30,25,7.63884,2.81965,0.304383,3.91064
Rafael Montero,2,0,4.37262,1.39358,54,0,7,7,54,50,8.25551,3.88855,0.29341,4.4285
Raisel Iglesias,5,0,3.14109,1.10393,68,32,1,33,68,76,10.082,2.24934,0.292777,3.21537
Randy Dobnak,1,0,4.22663,1.39741,10,0,1,1,10,8,7.26643,3.27848,0.303708,4.23907
Randy Rodríguez,3,0,4.05229,1.36835,53,0,7,7,53,54,9.11782,4.2484,0.29097,4.15959
Randy Vásquez,4,4,4.44284,1.34138,25,0,1,1,65,50,6.88846,3.00385,0.288145,4.58447
Ranger Suárez,11,15,3.62001,1.25597,40,0,1,1,166,149,8.08041,2.81617,0.294579,3.70783
Reed Garrett,6,0,3.57615,1.29177,66,0,15,15,66,77,10.5638,4.05356,0.290947,3.58788
Reese Olson,8,14,3.90408,1.26259,26,0,0,0,134,124,8.29588,3.00561,0.289486,3.84762
Reid Detmers,7,8,4.10169,1.24124,36,0,1,1,116,128,9.9127,3.13936,0.292009,3.93338
Reynaldo López,11,18,3.56546,1.21602,31,0,0,0,173,184,9.5956,3.02205,0.293453,3.57148
Rhett Lowder,6,7,4.64963,1.34942,42,0,1,1,117,93,7.15619,2.81887,0.29681,4.53622
Richard Fitts,3,1,4.49301,1.33047,39,0,1,1,53,40,6.78492,2.4773,0.297265,4.40748
Richard Lovelady,3,0,3.75658,1.23782,32,0,1,1,32,29,8.03461,2.63063,0.291654,3.79105
Riley O'Brien,3,0,4.09493,1.3994,53,0,7,7,53,53,9.00739,4.47441,0.294522,4.28591
Roansy Contreras,2,0,4.38598,1.30669,33,0,1,1,33,31,8.35639,3.32416,0.284524,4.38233
Robbie Ray,9,15,3.90716,1.22312,28,0,0,0,151,161,9.64346,2.88168,0.288103,4.04068
Robby Snelling,1,2,4.68386,1.45741,5,0,0,0,25,18,6.6308,3.53278,0.298085,4.72716
Robert Garcia,5,0,3.46439,1.19644,64,8,10,18,64,74,10.4552,3.22986,0.291169,3.35545
Robert Stephenson,2,0,3.87277,1.17288,32,0,1,1,32,39,11.1062,2.9098,0.292196,3.6946
Robert Suarez,5,0,3.65368,1.20146,65,28,4,32,65,65,9.02946,3.05815,0.283487,3.80686
Roddery Muñoz,1,0,4.61714,1.40192,26,0,1,1,26,23,7.89192,3.80028,0.288434,4.83008
Rodolfo Martinez,0,0,4.9558,1.44149,24,0,0,0,24,23,8.52408,4.09091,0.271053,4.68429
Roki Sasaki,11,14,3.47974,1.12139,24,0,0,0,135,169,11.3186,2.65691,0.299745,3.37892
Rolddy Munoz,1,0,4.40508,1.43563,22,0,1,1,22,20,8.28676,4.1055,0.297964,4.5564
Ron Marinaccio,2,0,4.21648,1.34044,40,0,1,1,40,40,9.08765,4.30899,0.282192,4.58248
Ronel Blanco,10,14,4.15413,1.3249,28,0,0,0,159,158,8.92767,3.74572,0.28516,4.4266
Ronny Henriquez,2,0,4.17232,1.34978,53,0,6,6,53,45,7.60413,3.14938,0.297794,4.19701
Ross Stripling,2,1,4.70077,1.34919,28,0,1,1,35,24,6.29641,2.16218,0.302314,4.40539
Ryan Bergert,1,0,4.57079,1.36755,17,0,1,1,17,14,7.28916,3.36288,0.28467,4.76318
Ryan Borucki,1,0,4.20045,1.36957,28,0,1,1,28,28,8.92957,3.93846,0.298794,4.28304
Ryan Brasier,3,0,3.62419,1.193,58,2,13,15,58,55,8.48244,2.62372,0.292041,3.66805
Ryan Burr,3,0,3.55524,1.22346,50,0,4,4,50,56,10.0083,3.10023,0.291742,3.65591
Ryan Cusick,1,0,4.99247,1.53479,15,0,1,1,15,12,7.36378,4.82763,0.290141,5.17534
Ryan Feltner,7,14,4.78143,1.39537,31,0,0,0,170,147,7.77237,3.177,0.305067,4.50738
Ryan Fernandez,4,0,3.76201,1.29894,65,1,16,17,65,64,8.86101,3.51051,0.293281,3.80402
Ryan Gusto,2,1,4.5073,1.35823,27,0,1,1,42,34,7.22819,3.14088,0.288974,4.63563
Ryan Helsley,6,0,2.91613,1.11329,66,35,2,37,66,82,11.1473,3.29888,0.28249,3.00791
Ryan Loutos,2,0,4.19985,1.39419,48,0,1,1,48,39,7.3632,3.57858,0.295559,4.2708
Ryan Pepiot,10,15,4.03518,1.25056,29,0,0,0,155,163,9.4797,3.31435,0.284671,4.18131
Ryan Pressly,3,0,3.37855,1.2028,61,25,5,30,61,63,9.32461,2.69159,0.298447,3.35288
Ryan Thompson,5,0,3.69037,1.28508,63,0,13,13,63,51,7.24185,2.64729,0.302083,3.76746
Ryan Walker,5,0,3.0396,1.11753,68,28,5,33,68,81,10.6963,2.8137,0.292171,3.07104
Ryan Weathers,7,12,4.29698,1.35901,32,0,1,1,142,124,7.91008,3.318,0.296442,4.34316
Ryan Webb,1,0,4.23084,1.38293,22,0,1,1,22,19,7.85718,3.54955,0.294508,4.46491
Ryan Yarbrough,1,0,4.34528,1.27945,26,0,1,1,26,19,6.67786,2.41164,0.285583,4.61666
Ryan Zeferjahn,3,0,4.6239,1.4078,61,1,12,13,61,61,8.95684,4.40267,0.288551,4.68544
Ryne Nelson,6,4,4.0917,1.26891,55,0,1,1,100,82,7.41401,2.36268,0.29433,4.12462
Ryne Stanek,4,0,3.84112,1.2892,58,0,12,12,58,66,10.1869,4.11735,0.284872,3.99891
Sam Aldegheri,1,1,4.94389,1.46103,3,0,0,0,17,14,7.73022,4.08259,0.291593,5.0637
Sam Bachman,2,0,4.61193,1.45241,44,0,1,1,44,36,7.26395,3.94262,0.296675,4.71171
Sam Long,3,0,4.30056,1.37308,56,0,10,10,56,49,7.94226,3.61055,0.293169,4.36219
Sam Moll,3,0,4.16511,1.32317,55,0,10,10,55,55,9.03584,3.81554,0.292822,4.1852
Sandy Alcantara,11,17,3.65017,1.19547,29,0,0,0,190,166,7.88511,2.1629,0.296025,3.59551
Sawyer Gipson-Long,2,1,3.9784,1.22633,30,0,1,1,37,34,8.23764,2.47662,0.289837,3.93862
Scott Alexander,3,0,4.11863,1.36287,56,0,9,9,56,42,6.82588,2.95871,0.30638,4.09055
Scott Barlow,3,0,3.87334,1.31246,58,0,7,7,58,65,10.1129,3.97998,0.294358,3.938
Scott Blewett,1,0,4.49724,1.39382,24,0,1,1,24,19,7.03092,3.18228,0.297055,4.52907
Scott Effross,2,0,4.0019,1.26262,26,0,1,1,26,22,7.52416,2.6864,0.288757,4.00627
Scott McGough,1,0,4.4775,1.44099,22,0,1,1,22,21,8.38778,4.0557,0.301832,4.45994
Sean Burke,6,9,4.66983,1.41209,31,0,1,1,118,111,8.5174,4.12918,0.289519,4.7096
Sean Guenther,3,0,3.89288,1.27037,43,0,1,1,43,34,7.19382,2.47517,0.293758,3.95545
Sean Hjelle,3,0,3.87012,1.29709,66,0,13,13,66,55,7.50491,2.5026,0.304045,3.83925
Sean Manaea,9,14,4.17313,1.25457,28,0,0,0,159,160,9.04503,3.05609,0.286777,4.17435
Sean Reid-Foley,1,0,3.8353,1.36545,22,0,1,1,22,25,10.2582,4.77829,0.28923,3.79843
Sean Reynolds,2,0,4.30938,1.42999,53,1,6,7,53,52,8.88145,4.68014,0.288046,4.51562
Sem Robberse,1,0,4.1891,1.31521,21,0,1,1,21,17,7.26769,2.91664,0.289484,4.28775
Seranthony Domínguez,4,0,3.70567,1.24705,62,3,12,15,62,68,9.80986,3.54778,0.290321,3.75701
Seth Halvorsen,4,0,4.67179,1.42315,63,9,8,17,63,58,8.26342,3.817,0.303411,4.52916
Seth Johnson,1,0,5.14228,1.51011,24,0,1,1,24,19,7.23647,4.19905,0.291701,5.13677
Seth Lugo,11,17,3.98073,1.27344,31,0,0,0,188,161,7.69794,2.49987,0.298449,3.97474
Seth Martinez,1,0,4.0749,1.33587,17,0,1,1,17,14,7.59027,3.39249,0.287419,4.37396
Shane Baz,8,11,4.29511,1.31059,36,0,1,1,139,128,8.30846,3.30167,0.288397,4.37699
Shane Bieber,6,8,3.61603,1.20661,25,0,1,1,96,93,8.67848,2.29314,0.29785,3.60588
Shane McClanahan,11,15,3.34476,1.13354,34,0,1,1,159,172,9.73795,2.45083,0.289486,3.40384
Shane Smith,2,0,4.34832,1.32528,58,0,10,10,58,54,8.4524,3.2782,0.293676,4.35348
Shawn Armstrong,3,0,4.19719,1.28547,61,1,12,13,61,59,8.67607,2.87755,0.296966,4.03292
Shawn Dubin,1,0,3.99285,1.3748,33,0,1,1,33,34,9.31009,4.22277,0.297237,3.99729
Shelby Miller,4,0,4.33318,1.2782,56,0,10,10,56,53,8.44232,3.38862,0.285561,4.2483
Shinnosuke Ogasawara,0,4,4.91346,1.41587,46,0,0,0,80,74,8.28321,3.69789,0.280859,4.68661
Shintaro Fujinami,1,0,4.12682,1.38887,24,0,1,1,24,26,9.79325,4.86243,0.286349,4.23847
Shohei Ohtani,9,12,3.6315,1.15431,21,0,0,0,123,137,10.0938,3.19533,0.274825,3.88873
Shota Imanaga,11,17,3.57509,1.13888,29,0,0,0,172,174,9.09363,1.98598,0.28784,3.7012
Simeon Woods Richardson,6,12,4.54405,1.37768,26,0,0,0,130,111,7.69275,3.42852,0.292851,4.50725
Slade Cecconi,3,1,4.19637,1.20504,42,0,1,1,57,51,8.10417,2.06721,0.28862,4.1302
Sonny Gray,13,18,3.41785,1.15199,31,0,0,0,181,191,9.4963,2.48162,0.290945,3.41886
Spencer Arrighetti,9,13,4.32249,1.32978,26,0,0,0,138,145,9.42239,3.86639,0.286772,4.39798
Spencer Bivens,2,0,4.31698,1.37315,40,0,1,1,40,30,6.76028,3.03049,0.296038,4.48618
Spencer Schwellenbach,12,16,3.71006,1.17377,29,0,0,0,165,159,8.67197,2.07616,0.295694,3.66843
Spencer Strider,9,13,3.24533,1.09027,21,0,0,0,119,159,12.0373,2.82402,0.294286,3.00667
Spencer Turnbull,3,5,4.3029,1.32019,11,0,0,0,63,57,8.19343,3.29367,0.294963,4.22403
Stephen Kolek,3,1,4.23875,1.35472,31,0,1,1,47,38,7.28694,3.31531,0.294556,4.28813
Steven Cruz,2,0,4.34594,1.42631,44,0,1,1,44,42,8.50672,4.37503,0.296969,4.38661
Steven Matz,6,8,4.00889,1.30266,42,0,1,1,116,102,7.91959,2.73107,0.298168,4.03133
Steven Okert,1,0,4.17838,1.29462,26,0,1,1,26,28,9.55945,3.77431,0.282731,4.47078
Steven Wilson,1,0,5.05593,1.44369,32,0,1,1,32,31,8.79619,4.6687,0.281572,5.26477
T.J. McFarland,3,0,4.1607,1.38983,58,0,10,10,58,41,6.42279,3.13523,0.300768,4.29224
Taijuan Walker,3,1,4.81058,1.38264,51,0,1,1,66,48,6.5877,3.08571,0.288391,4.89606
Taj Bradley,10,15,4.06759,1.24201,29,0,0,0,159,164,9.27582,2.95555,0.288161,4.05551
Tanner Banks,3,0,3.725,1.23888,68,0,12,12,68,67,8.90516,2.85462,0.294019,3.70413
Tanner Bibee,10,16,3.68001,1.18121,29,0,0,0,167,171,9.20211,2.52447,0.286247,3.81435
Tanner Dodson,1,0,4.86844,1.61289,10,0,1,1,10,7,6.42679,5.19724,0.298534,5.07932
Tanner Gordon,2,1,4.99882,1.38368,33,0,1,1,39,28,6.44199,2.21706,0.304503,4.75175
Tanner Houck,11,15,3.899,1.27179,40,0,1,1,178,160,8.07525,2.73091,0.304292,3.73435
Tanner Rainey,1,0,4.94357,1.47843,42,0,1,1,42,38,8.14099,4.5371,0.291716,4.9666
Tanner Scott,6,0,3.03183,1.20617,66,25,8,33,66,82,11.1405,4.01362,0.290387,3.15044
Tarik Skubal,14,22,2.83407,1.02137,32,0,0,0,198,229,10.407,1.92849,0.287509,2.79966
Tayler Saucedo,3,0,3.78316,1.31728,61,0,12,12,61,58,8.60539,3.82377,0.288784,4.0406
Tayler Scott,4,0,3.933,1.33694,65,1,16,17,65,65,9.02952,3.90495,0.292077,4.11508
Taylor Clarke,0,0,4.51658,1.37096,8,0,1,1,8,6,7.31085,2.75132,0.301459,4.42301
Taylor Rogers,3,0,4.33249,1.33089,62,3,13,16,62,71,10.294,3.66442,0.302183,4.22476
Tejay Antone,0,0,4.80547,1.41434,8,0,1,1,8,7,8.40207,3.85802,0.298765,4.72626
Tekoah Roby,0,1,4.58052,1.35855,2,0,0,0,8,6,6.78474,2.96346,0.288381,4.67852
Thaddeus Ward,1,0,4.81385,1.52763,16,0,1,1,16,13,7.24036,4.69357,0.295913,5.03338
Thomas Harrington,0,1,4.57865,1.32815,2,0,0,0,9,7,6.93638,2.53277,0.292701,4.60581
Tim Herrin,4,0,3.39659,1.26473,62,0,14,14,62,66,9.58284,3.69474,0.292406,3.56175
Tim Hill,3,0,4.23723,1.39502,63,0,12,12,63,36,5.13818,2.74681,0.299188,4.31256
Tim Mayza,2,0,4.07118,1.39991,55,0,4,4,55,41,6.78343,3.15347,0.305309,4.15253
Tink Hence,1,1,4.26213,1.3366,3,0,0,0,16,13,7.51354,3.18964,0.289238,4.37395
Tobias Myers,8,10,4.19636,1.27422,42,0,1,1,142,129,8.21482,2.77556,0.286706,4.33516
Tom Cosgrove,2,0,4.27815,1.3269,46,0,1,1,46,43,8.41009,3.82529,0.281688,4.51288
Tommy Doyle,1,0,4.94935,1.47971,21,0,1,1,21,17,7.47801,3.8146,0.304267,4.70052
Tommy Henry,1,0,4.10927,1.34584,24,0,1,1,24,21,7.82051,3.29416,0.294534,4.25232
Tommy Kahnle,2,0,3.77709,1.2941,58,2,10,12,58,59,9.20228,3.92719,0.287444,3.94274
Tommy Nance,3,0,4.15947,1.3315,54,0,7,7,54,48,8.01513,3.20883,0.295023,4.25663
Tomoyuki Sugano,7,10,4.68603,1.31314,23,0,0,0,129,96,6.65018,1.97211,0.297577,4.66572
Tony Gonsolin,6,6,4.48605,1.28155,39,0,1,1,99,86,7.79528,3.02727,0.281153,4.59528
Tony Santillan,3,0,4.39049,1.34632,58,1,11,12,58,66,10.2395,4.19113,0.29342,4.32255
Travis Adams,1,1,4.50164,1.37006,17,0,1,1,24,18,6.77155,2.85948,0.296971,4.45288
Trent Harris,0,0,4.03113,1.3327,10,0,1,1,10,9,8.1468,3.36609,0.293481,4.12791
Trent Thornton,3,0,3.73329,1.21636,67,0,14,14,67,66,8.83937,2.69382,0.286831,3.94516
Trevor Gott,0,0,4.0426,1.27296,10,0,1,1,10,9,8.39092,3.04081,0.290362,3.99867
Trevor McDonald,2,0,4.12517,1.34089,38,0,1,1,38,30,6.98931,2.96711,0.296337,4.21493
Trevor Megill,3,0,3.43454,1.19759,64,28,2,30,64,78,10.9673,3.18884,0.293401,3.41718
Trevor Richards,1,0,4.24096,1.31681,26,0,1,1,26,28,9.76832,4.07205,0.284624,4.23761
Trevor Rogers,3,2,4.24766,1.36316,27,0,1,1,54,47,7.726,3.2878,0.297592,4.24752
Trevor Stephan,2,0,3.84966,1.26661,36,0,1,1,36,38,9.47045,3.27281,0.293899,3.89465
Trevor Williams,6,6,4.53079,1.36631,53,0,1,1,113,90,7.21598,2.84205,0.296204,4.60646
Tristan Beck,3,1,3.98628,1.27359,48,0,1,1,55,48,7.76073,2.58579,0.293165,4.02954
Triston McKenzie,6,7,4.78925,1.45642,42,0,1,1,117,110,8.45527,4.41654,0.286039,5.08666
Troy Taylor,3,0,3.98956,1.30118,54,0,4,4,54,54,8.99912,3.64266,0.285664,4.27198
Ty Madden,1,0,4.07222,1.28556,32,0,1,1,32,30,8.3023,3.11447,0.287477,4.07666
Tyler Alexander,3,1,4.5211,1.25182,52,0,4,4,59,49,7.41324,1.94818,0.288639,4.6061
Tyler Anderson,9,13,4.6227,1.37448,29,0,0,0,169,136,7.26844,3.26549,0.288985,4.77714
Tyler Ferguson,3,0,4.13539,1.34434,62,1,15,16,62,64,9.27988,4.25971,0.287954,4.27499
Tyler Gilbert,2,0,4.5233,1.32902,54,3,6,9,54,44,7.40303,2.7599,0.294762,4.5014
Tyler Glasnow,10,14,3.31864,1.08273,24,0,0,0,140,173,11.1103,2.54686,0.288144,3.15122
Tyler Holton,4,0,3.40507,1.14221,72,6,13,19,72,64,7.94498,2.30982,0.280716,3.626
Tyler Kinley,3,0,4.72233,1.39586,64,18,6,24,64,67,9.41595,3.84981,0.303386,4.48327
Tyler Mahle,8,13,4.28776,1.26109,26,0,0,0,141,131,8.38428,2.86116,0.286924,4.23156
Tyler Mattison,1,0,4.01387,1.33189,22,0,1,1,22,22,8.86582,3.83883,0.286719,4.18706
Tyler Matzek,2,0,4.16518,1.40448,46,0,4,4,46,44,8.565,4.31679,0.290401,4.4244
Tyler Owens,1,0,4.43589,1.37112,21,0,1,1,21,17,7.20238,3.26044,0.291051,4.48994
Tyler Phillips,2,0,4.50839,1.37271,43,0,1,1,43,32,6.67918,2.88217,0.29589,4.51511
Tyler Rogers,4,0,3.74991,1.23034,70,1,14,15,70,50,6.36789,1.83986,0.297164,3.84755
Tyler Stuart,1,0,4.07191,1.28567,21,0,1,1,21,18,7.61042,2.73548,0.292073,4.13936
Tyler Wells,0,0,4.16417,1.19434,8,0,1,1,8,7,8.37485,2.43758,0.281396,4.22221
Tyler Zuber,2,0,4.83022,1.43265,33,0,1,1,33,31,8.48185,4.31818,0.286797,4.82184
Tylor Megill,5,2,3.98983,1.27532,53,0,1,1,81,83,9.26123,3.28803,0.291806,3.95087
Tyson Miller,3,0,3.97381,1.24795,62,1,12,13,62,57,8.24704,2.91941,0.285772,4.08802
Valente Bellozo,2,2,4.86016,1.40709,27,0,1,1,57,41,6.51929,2.95594,0.293868,4.97903
Victor González,1,0,4.4645,1.4522,24,0,1,1,24,18,6.89006,4.06041,0.29606,4.72263
Victor Mederos,1,0,4.95246,1.48278,26,0,1,1,26,20,6.96587,3.99215,0.294879,5.04256
Victor Vodnik,3,0,4.4369,1.46342,66,3,11,14,66,63,8.59205,4.33082,0.307671,4.25808
Vince Velasquez,1,0,4.01796,1.265,12,0,1,1,12,12,9.186,3.0123,0.290664,4.10375
Wade Miley,3,4,4.92929,1.4597,10,0,0,0,52,34,5.97154,3.18575,0.300279,4.93209
Walker Buehler,9,12,4.26282,1.3246,40,0,1,1,150,129,7.76386,2.767,0.303023,4.10529
Walter Pennington,3,0,4.11932,1.36739,42,0,1,1,42,38,8.248,3.75154,0.296002,4.12784
Wandy Peralta,3,0,3.88182,1.3337,52,0,4,4,52,44,7.69411,3.7711,0.28626,4.30525
Wikelman Gonzalez,1,1,5.19941,1.53195,3,0,0,0,16,14,7.9432,4.93924,0.290271,5.29388
Will Klein,1,0,4.26624,1.45381,22,0,1,1,22,22,9.11317,4.97921,0.288453,4.4403
Will Smith,1,0,4.65662,1.35893,30,0,0,0,30,26,7.78685,3.37363,0.290183,4.64711
Will Vest,3,0,3.38992,1.2094,68,2,12,14,68,66,8.75908,2.80313,0.292315,3.40078
Will Warren,3,1,4.09174,1.26229,41,0,1,1,55,53,8.63419,2.90168,0.292073,3.95428
Wilmer Flores,0,0,4.14585,1.33208,8,0,1,1,8,7,7.55676,3.30378,0.289947,4.25518
Xzavion Curry,0,0,4.73863,1.3442,8,0,1,1,8,6,6.81214,2.64783,0.290067,4.80109
Yariel Rodríguez,6,5,3.98691,1.29298,59,0,1,1,100,105,9.44087,3.792,0.285718,4.04049
Yennier Cano,4,0,3.33717,1.24117,61,1,12,13,61,60,8.81826,3.07238,0.297794,3.42047
Yerry De Los Santos,1,0,4.24154,1.34744,24,0,1,1,24,19,7.25513,3.2148,0.290646,4.39684
Yilber Diaz,3,1,4.12306,1.36607,42,0,1,1,49,49,8.98517,3.96598,0.294236,4.2385
Yimi García,4,0,3.60038,1.17349,61,3,14,17,61,67,9.86636,2.82697,0.286837,3.70427
Yoendrys Gómez,2,0,4.48921,1.34105,44,0,1,1,44,42,8.69133,3.76527,0.282433,4.57596
Yohan Ramírez,1,0,4.33673,1.3684,17,0,1,1,17,16,8.26344,3.8975,0.298041,4.33182
Yoshinobu Yamamoto,12,16,3.45271,1.07946,28,0,0,0,163,169,9.35988,2.17841,0.280537,3.3843
Yosver Zulueta,2,0,4.49483,1.4309,46,0,1,1,46,46,8.96882,4.37753,0.301684,4.45621
Yu Darvish,11,15,4.09954,1.19307,29,0,0,0,164,156,8.52301,2.4603,0.283192,4.1253
Yuki Matsui,3,0,3.60124,1.25628,58,0,11,11,58,67,10.4094,3.98975,0.282786,3.80109
Yusei Kikuchi,10,16,3.92242,1.24838,31,0,0,0,169,189,10.0662,2.87246,0.301521,3.8967
Zac Gallen,12,16,3.68788,1.22676,29,0,0,0,170,167,8.87083,2.81068,0.292961,3.72771
Zach Agnos,2,0,4.81253,1.38684,26,0,1,1,26,22,7.78093,3.1382,0.299158,4.74874
Zach Brzykcy,2,0,4.41513,1.39184,48,0,1,1,48,48,8.90912,4.23722,0.289357,4.52696
Zach Eflin,11,16,3.83383,1.18366,29,0,0,0,174,145,7.48579,1.54103,0.296174,3.85287
Zach Maxwell,2,0,4.62122,1.45198,33,0,1,1,33,36,9.91781,5.08389,0.291863,4.56506
Zach Penrod,1,0,4.27034,1.40309,18,0,1,1,18,19,9.33464,4.29802,0.299133,4.29199
Zach Pop,2,0,4.275,1.35827,44,0,1,1,44,35,7.09575,3.25764,0.294504,4.28252
Zack Kelly,2,0,4.25512,1.38537,26,0,1,1,26,27,9.43742,4.36015,0.299136,4.22422
Zack Littell,8,10,4.27355,1.25442,33,0,1,1,134,114,7.67463,2.06596,0.294153,4.30364
Zack Thompson,2,0,3.95022,1.34845,40,0,1,1,40,40,9.01463,3.96821,0.291746,4.12201
Zack Wheeler,14,20,3.30341,1.10607,32,0,0,0,202,214,9.52612,2.35841,0.284331,3.33808
Zebby Matthews,5,5,4.02934,1.21169,39,0,1,1,87,80,8.25038,1.8677,0.296221,3.93257
