Name,Team,Position,Status,Age,PitchingTeamId,OriginalSalary,AdjustedSalary,AuctionSalary,W,QS,ERA,G,SV,HLD,SVH,IP,SO,K/9,BB/9
Paul Skenes,PIT,SP,BLUE,22,,40.11508505,47.02719336,19,11,20,3.00668,31,0,0,0,174,214,11.0619,2.57281
Aaron Nola,PHI,SP,FA,31,,11.37098509,13.67411959,,12,17,3.83837,31,0,0,0,188,185,8.85919,2.05686
Cole Ragans,KC,SP,BLUE,27,,12.86796048,15.33585434,32,12,18,3.50897,31,0,0,0,179,201,10.1139,3.36777
Luis Castillo,SEA,SP,FA,32,,16.53146013,19.98060611,,12,18,3.56023,31,0,0,0,181,184,9.15104,2.5604
Gerrit Cole,NYY,SP,BLUE,34,,10.10240659,12.02491724,22.5,11,17,3.82317,31,0,0,0,183,191,9.39602,2.49118
Brandon Pfaadt,ARI,SP,FA,26,,1.940558946,2.149433391,,9,11,3.91253,33,0,1,1,138,136,8.88352,2.10907
Yoshinobu Yamamoto,LAD,SP,FA,26,,28.84909719,35.03368003,,12,16,3.45259,28,0,0,0,163,169,9.3599,2.17841
Kevin Gausman,TOR,SP,FA,34,,5.841188468,6.916294455,,13,18,3.7872,32,0,0,0,192,189,8.85412,2.51476
Mitch Keller,PIT,SP,BLUE,28,,-13.82326728,-17.38371412,9,10,16,4.13665,31,0,0,0,180,163,8.13003,2.72205
Luis Gil,NYY,SP,FA,26,,-13.60931167,-16.85367171,,7,9,4.17668,32,0,1,1,114,128,10.0852,4.32398
Brady Singer,CIN,SP,FA,28,,-23.71705067,-29.20608489,,9,14,4.53533,29,0,0,0,167,159,8.61671,2.65985
Erick Fedde,STL,SP,FA,32,,-18.14907166,-22.40159802,,9,15,4.21055,29,0,0,0,164,144,7.90909,2.81807
Spencer Schwellenbach,ATL,SP,FA,24,,11.40516409,13.71588888,,12,16,3.71006,29,0,0,0,165,159,8.67197,2.07616
Tanner Houck,BOS,SP,FA,28,,-5.38623225,-6.804453534,,11,15,3.89899,40,0,1,1,178,160,8.07527,2.73088
Chris Bassitt,TOR,SP,FA,36,,-12.14928496,-15.06940986,,11,16,4.09032,31,0,0,0,177,161,8.19078,3.06556
Carlos Rodon,NYY,SP,BLUE,32,,6.592593892,7.797103437,12,12,16,4.00793,31,0,0,0,171,191,10.0401,2.8405
Brayan Bello,BOS,SP,FA,25,,-16.49370377,-20.37861464,,11,15,4.09139,29,0,0,0,163,150,8.26808,3.21534
Merrill Kelly,ARI,SP,FA,36,,-11.6798645,-14.49574294,,9,14,4.03267,26,0,0,0,149,131,7.89457,2.78278
Aaron Civale,MIL,SP,FA,29,,-15.32227118,-18.94703638,,8,11,4.31437,39,0,1,1,146,136,8.40987,2.68879
Michael Wacha,KC,SP,FA,33,,-14.62931214,-18.10018859,,9,14,4.18041,28,0,0,0,155,132,7.64342,2.64804
Tobias Myers,MIL,SP,FA,26,,-12.96258386,-16.06332195,,8,10,4.19632,42,0,1,1,142,129,8.21493,2.7755
Charlie Morton,BAL,SP,FA,41,,-20.63449115,-25.43896656,,9,14,4.2903,28,0,0,0,154,153,8.91131,3.56358
Roki Sasaki,LAD,SP,FA,23,,21.07592279,25.53427943,,11,14,3.47967,24,0,0,0,135,169,11.3185,2.65697
Jose Quintana,MIL,SP,FA,36,,-26.72572803,-32.88291368,,8,12,4.30568,24,0,0,0,131,108,7.3663,3.52164
Miles Mikolas,STL,SP,FA,36,,-22.93842781,-28.25454951,,9,15,4.45862,31,0,0,0,176,123,6.29175,1.74883
Spencer Arrighetti,HOU,SP,FA,25,,-17.15251683,-21.18373347,,9,13,4.32247,26,0,0,0,138,145,9.42249,3.86639
Jake Irvin,WSH,SP,FA,28,,-22.89428022,-28.20059784,,9,14,4.43507,29,0,0,0,163,135,7.47149,2.8601
Bowden Francis,TOR,SP,FA,28,,-0.980779006,-1.420660119,,11,12,4.1332,36,0,1,1,157,145,8.29143,2.46266
Frankie Montas,NYM,SP,FA,31,,-18.20987288,-22.47590167,,6,9,4.35447,19,0,0,0,102,97,8.5838,3.43346
Nathan Eovaldi,TEX,SP,FA,35,,-0.67712244,-1.049569079,,10,15,3.99059,29,0,0,0,172,163,8.54047,2.38883
Nick Pivetta,SD,SP,FA,32,,1.400783658,1.489787611,,10,14,4.04053,28,0,0,0,154,171,10.0281,2.88678
Nick Martinez,CIN,RP,FA,34,,-6.48428285,-8.146353507,,10,11,3.99469,49,0,1,1,168,143,7.6981,2.30618
Bryan Woo,SEA,SP,FA,25,,8.435830232,10.08714078,,8,14,3.71208,26,0,0,0,134,125,8.40062,1.97042
Andrew Heaney,PIT,RP,FA,33,,-19.50750691,-24.06170751,,7,10,4.51024,35,0,1,1,130,124,8.58218,2.81667
Mitchell Parker,WSH,SP,FA,25,,-21.70713968,-26.7498233,,8,12,4.28713,36,0,1,1,148,131,7.95812,3.35278
Kyle Gibson,(N/A),SP,FA,37,,-27.17501328,-33.43197387,,7,11,4.36011,23,0,0,0,130,110,7.58112,3.3119
Ryan Walker,SF,RP,BLUE,29,,18.77278752,22.34577872,3,5,0,3.03958,68,28,5,33,68,81,10.6964,2.81368
Jason Adam,SD,RP,FA,33,,9.573140041,11.47701845,,5,0,3.34289,67,3,12,15,67,77,10.3919,3.12783
Lance Lynn,(N/A),SP,FA,37,,-21.18471972,-26.11138704,,6,10,4.40882,21,0,0,0,118,109,8.31385,3.07623
Kyle Harrison,SF,SP,FA,23,,-12.49618284,-15.49334502,,7,12,4.10453,24,0,0,0,126,128,9.15113,3.34562
Josh Hader,HOU,RP,FA,30,,23.51032771,28.50930435,,6,0,3.10286,68,33,2,35,68,96,12.7273,3.46521
Javier Assad,CHC,SP,FA,27,,-24.36574649,-29.99883971,,7,9,4.28392,45,0,1,1,137,113,7.46702,3.49248
J.P. Sears,ATH,SP,FA,29,,-24.39642424,-30.03633021,,10,14,4.54942,31,0,0,0,176,145,7.38418,2.60367
Andrew Abbott,CIN,SP,FA,25,,-23.34325763,-28.74928184,,8,11,4.56678,24,0,0,0,133,127,8.60045,3.28134
Zack Littell,TB,SP,FA,29,,-11.93707767,-14.81007667,,8,10,4.2684,35,0,1,1,136,116,7.68271,2.06232
Jameson Taillon,CHC,SP,FA,33,,-15.12395793,-18.70468275,,10,14,4.31105,29,0,0,0,165,132,7.18037,2.16923
Tyler Anderson,LAA,SP,FA,35,,-35.75719912,-43.92004696,,9,13,4.62271,29,0,0,0,169,136,7.26848,3.26559
DJ Herz,WSH,SP,FA,24,,-17.50955219,-21.62005739,,6,8,4.19536,36,0,1,1,109,119,9.78663,4.5429
Patrick Corbin,(N/A),SP,FA,35,,-34.47382436,-42.351667,,4,7,4.95277,16,0,0,0,88,68,6.95024,2.94594
David Festa,MIN,SP,FA,24,,-9.596666209,-11.9499188,,6,7,3.99565,42,0,1,1,106,111,9.41759,3.30575
Reid Detmers,LAA,SP,FA,25,,-7.42433621,-9.295169035,,7,8,4.10169,36,0,1,1,116,128,9.91271,3.13936
A.J. Puk,ARI,RP,FA,29,,11.08559302,13.32534912,,5,0,3.2634,64,17,7,24,64,78,10.9272,3.14362
Matthew Boyd,CHC,SP,FA,34,,1,1,,8,12,3.79316,31,0,1,1,122,124,9.13175,2.85047
Tomoyuki Sugano,BAL,SP,FA,35,,-26.48674116,-32.59085385,,7,10,4.68602,23,0,0,0,129,96,6.65022,1.97207
Cade Smith,CLE,RP,FA,25,,12.19479679,14.68087911,,4,0,3.01844,68,2,14,16,68,86,11.3629,3.07271
Spencer Strider,ATL,SP,FA,26,,22.77856632,27.6150372,,9,13,3.24536,21,0,0,0,119,159,12.0372,2.82404
Andre Pallante,STL,SP,FA,26,,-22.88872304,-28.19380656,,9,12,3.92336,41,0,1,1,153,113,6.64477,3.61746
Luke Weaver,NYY,RP,FA,31,,-0.969484436,-1.406857308,,3,0,3.91239,68,6,13,19,68,73,9.61735,2.68008
Eduardo Rodriguez,ARI,SP,FA,31,,-5.684461109,-7.168911508,,10,12,3.84807,32,0,1,1,143,132,8.30608,2.82654
Austin Gomber,COL,SP,FA,31,,-47.43381439,-58.18974429,,7,10,5.16996,26,0,0,0,143,102,6.42318,2.50475
Jon Gray,TEX,SP,FA,33,,-16.49964918,-20.38588037,,8,10,4.35298,40,0,1,1,148,136,8.22947,2.74231
Griffin Jax,MIN,RP,FA,30,,12.58509197,15.15784902,,5,0,3.21056,70,8,11,19,70,83,10.6384,2.5339
Chris Flexen,CHC,SP,FA,30,,1,1,,1,0,4.5569,16,0,1,1,16,13,7.29933,2.98304
Raisel Iglesias,ATL,RP,FA,35,,17.82847368,21.56565369,,5,0,3.14111,68,32,1,33,68,76,10.082,2.24938
Ryan Feltner,COL,SP,FA,28,,-42.89122411,-52.63835916,,7,14,4.78142,31,0,0,0,170,147,7.77239,3.17698
Lucas Giolito,BOS,SP,FA,30,,-19.26513465,-23.76551049,,8,10,4.42816,33,0,1,1,137,137,9.01506,3.15694
Robert Suarez,SD,RP,FA,34,,8.752298644,10.47388886,,5,0,3.65655,65,28,4,32,65,65,9.03145,3.05884
Ryan Helsley,STL,RP,BLUE,30,,23.52582019,27.93036637,9,6,0,2.91613,66,35,2,37,66,82,11.1473,3.29888
Jesus Luzardo,PHI,SP,FA,27,,-6.408667853,-8.053946324,,10,12,4.14657,41,0,1,1,158,163,9.28897,3.09798
Dean Kremer,BAL,SP,FA,29,,-16.72077857,-20.65611702,,8,12,4.21197,24,0,0,0,130,115,7.94758,3.01916
Jeffrey Springs,ATH,SP,FA,32,,1.792122682,1.968033173,,8,13,3.71524,34,0,1,1,133,131,8.86997,2.51738
Valente Bellozo,MIA,SP,FA,25,,-25.36402665,-31.21881274,,2,2,4.86013,27,0,1,1,57,41,6.51932,2.95595
Cody Bradford,TEX,SP,FA,27,,-8.527146384,-10.64288556,,5,4,4.20317,47,0,1,1,88,79,8.04619,1.96524
Yariel Rodriguez,TOR,SP,FA,27,,-9.359370778,-11.65992603,,6,5,3.98689,59,0,1,1,100,105,9.44092,3.79196
Mitch Spence,ATH,P,FA,26,,-22.36284681,-27.55114647,,6,8,4.35932,31,0,1,1,120,94,7.05789,2.72773
Ben Lively,CLE,SP,FA,33,,-28.71699157,-35.31638669,,9,12,4.52277,26,0,0,0,141,111,7.05754,2.91757
Jhoan Duran,MIN,RP,FA,27,,23.44827774,28.43347465,,7,0,2.5771,65,22,5,27,65,81,11.2114,2.80763
Yennier Cano,BAL,RP,FA,30,,-0.159992298,-0.417597361,,4,0,3.33715,61,1,12,13,61,60,8.81832,3.0724
Sean Burke,CHW,SP,FA,25,,-30.40108216,-37.37447137,,6,9,4.66982,31,0,1,1,118,111,8.51742,4.12918
Grant Holmes,ATL,SP,FA,28,,-11.78968774,-14.62995516,,6,7,3.99362,45,0,1,1,114,110,8.651,2.9396
Jose Soriano,LAA,SP,FA,26,,-13.87605751,-17.17965509,,9,14,3.97504,26,0,0,0,146,142,8.73672,3.86034
Tylor Megill,NYM,SP,FA,29,,-8.855931545,-11.04468562,,5,2,3.9897,53,0,1,1,81,83,9.26131,3.28808
Kutter Crawford,BOS,SP,FA,28,,-10.42346925,-12.96033397,,8,7,4.35245,53,0,1,1,134,129,8.66515,2.51331
Justin Martinez,ARI,RP,FA,23,,8.253719153,9.864587422,,5,0,3.10974,67,17,9,26,67,84,11.2931,4.73139
Justin Verlander,SF,SP,FA,42,,-14.86606455,-18.38951774,,8,12,4.18403,24,0,0,0,138,111,7.20782,2.45249
Yu Darvish,SD,SP,FA,38,,-0.595465235,-0.949777867,,11,15,4.10284,29,0,0,0,164,156,8.52479,2.4609
Andres Munoz,SEA,RP,FA,26,,22.37885316,27.12655782,,6,0,2.72693,64,26,4,30,64,85,11.9369,3.45395
Simeon Woods-Richardson,MIN,SP,FA,24,,1,1,,6,12,4.54403,26,0,0,0,130,111,7.69279,3.42852
Hunter Gaddis,CLE,RP,FA,26,,-3.382092637,-4.355245006,,4,0,4.02813,65,0,17,17,65,59,8.21341,2.69593
Bailey Falter,PIT,SP,FA,27,,-25.62660288,-31.53970053,,6,8,4.48684,43,0,1,1,124,91,6.64518,2.62266
Tyler Holton,DET,RP,FA,28,,7.050136478,8.393719358,,4,0,3.40482,72,6,13,19,72,64,7.945,2.30982
Hayden Birdsong,SF,SP,FA,23,,-17.31780446,-21.38572732,,6,8,4.2301,40,0,1,1,108,113,9.45065,4.08197
Luis Ortiz,CLE,SP,FA,26,,1,1,,8,10,4.288,38,0,1,1,149,127,7.66525,3.27628
David Bednar,PIT,RP,FA,30,,5.842302464,6.917655841,,4,0,3.70785,64,28,4,32,64,68,9.61732,3.27651
Michael Lorenzen,KC,RP,FA,33,,-35.9986542,-44.21512313,,7,8,4.55671,56,0,1,1,148,114,6.91506,3.67664
David Peterson,NYM,SP,FA,29,,-11.88399535,-14.74520611,,9,13,3.89694,32,0,1,1,147,136,8.36418,3.56251
Edward Cabrera,MIA,SP,FA,26,,-17.31695891,-21.384694,,7,10,4.16853,35,0,1,1,125,133,9.61473,4.25922
Cal Quantrill,MIA,SP,FA,30,,-42.38598547,-52.02091975,,7,11,4.81356,26,0,0,0,143,104,6.53395,3.36034
Jeremiah Estrada,SD,RP,FA,26,,6.846422498,8.144765636,,4,0,3.25938,63,3,13,16,63,85,12.1162,3.89994
Alec Marsh,KC,SP,FA,26,,-19.48249052,-24.03113561,,7,7,4.47772,36,0,1,1,111,106,8.59885,3.30575
Luis Garcia,HOU,SP,FA,28,,-3.932631434,-5.057492622,3,9,9,4.00506,33,0,1,1,121,119,8.88572,2.84378
Tyler Rogers,SF,RP,FA,34,,-2.868274534,-3.727320848,,4,0,3.7499,70,1,14,15,70,50,6.36792,1.83988
Shinnosuke Ogasawara,WSH,SP,FA,27,,-34.73480256,-42.67060189,,0,4,4.91346,46,0,0,0,80,74,8.28321,3.69789
Matt Strahm,PHI,RP,FA,33,,13.43513052,16.19665971,,5,0,3.26625,67,3,12,15,67,79,10.599,2.32544
Martin Perez,CHW,SP,FA,33,,-38.71551906,-47.53533522,,6,11,4.55554,24,0,0,0,136,100,6.64928,3.28325
Ryne Nelson,ARI,SP,FA,27,,-10.65544946,-13.24383113,,6,4,4.09168,55,0,1,1,100,82,7.41408,2.36268
Max Meyer,MIA,SP,FA,25,,-23.76398086,-29.26343709,,7,11,4.29614,34,0,1,1,133,117,7.89286,3.09899
Derek Law,WSH,RP,FA,34,,-6.95062037,-8.716252841,,4,0,3.87292,72,5,13,18,72,62,7.7276,3.20597
Porter Hodge,CHC,RP,FA,24,,-4.461057635,-5.673820946,,3,0,3.86524,63,11,10,21,63,68,9.74696,4.24791
Jonathan Cannon,CHW,SP,FA,24,,-40.66684976,-49.92000731,,7,11,4.75123,32,0,1,1,155,115,6.63299,3.05126
Alexis Diaz,CIN,RP,FA,28,,-0.968069321,-1.405127932,,4,0,4.15331,65,28,3,31,65,69,9.60141,4.28022
Kevin Ginkel,ARI,RP,FA,30,,6.1829077,7.333900919,,5,0,3.30591,61,3,14,17,61,65,9.58561,2.84652
Chad Green,TOR,RP,FA,33,,-0.604519804,-0.960843227,,5,0,3.93837,63,5,12,17,63,60,8.61604,2.7146
Jason Foley,DET,RP,FA,29,,-0.19324597,-0.458235836,,4,0,3.54239,63,13,7,20,63,51,7.34548,2.61843
Lucas Erceg,KC,RP,FA,29,,2.10717598,2.35305187,,4,0,3.45557,67,11,10,21,67,75,10.1396,3.73948
Kyle Freeland,COL,SP,FA,31,,-48.50771099,-59.50212627,,7,12,5.04391,28,0,0,0,152,109,6.49314,2.47503
Ryan Weathers,MIA,SP,FA,25,,-24.05459802,-29.618593,,7,12,4.29696,32,0,1,1,142,124,7.9101,3.31796
German Marquez,COL,SP,FA,30,,-36.09845234,-44.33708392,,8,13,4.67655,28,0,0,0,156,129,7.44256,3.0456
Drew Rasmussen,TB,SP,FA,29,,13.83192789,16.68157577,,9,10,3.32966,43,0,1,1,125,121,8.70035,2.23024
Alex Cobb,DET,SP,FA,37,,-12.35983285,-15.32671512,,5,10,3.82118,18,0,0,0,95,78,7.41928,2.74373
Tyler Mahle,TEX,SP,FA,30,,-13.54843514,-16.77927605,,8,13,4.28777,26,0,0,0,141,131,8.38424,2.86116
Marcus Stroman,NYY,SP,FA,33,,-25.66736298,-31.58951242,,8,9,4.39137,42,0,1,1,136,102,6.74715,3.10651
Jordan Hicks,SF,SP,FA,28,,-21.43807324,-26.42100398,,8,11,4.06093,40,0,1,1,136,127,8.36578,4.01884
Joel Payamps,MIL,RP,FA,30,,0.961326928,0.952738613,,5,0,3.67342,61,2,13,15,61,60,8.85317,2.97993
Davis Martin,CHW,SP,FA,28,,-28.19074828,-34.67327803,,6,11,4.50847,24,0,0,0,123,108,7.86315,3.33578
Joey Estes,ATH,P,FA,23,,-27.46377168,-33.78485823,,5,6,4.94662,33,0,1,1,105,79,6.72046,2.36392
Fernando Cruz,NYY,RP,FA,34,,4.324983643,5.063378739,,4,0,3.25185,61,0,13,13,61,83,12.2263,3.95882
Matt Waldron,SD,SP,FA,28,,-18.0943009,-22.33466406,,4,5,4.51622,21,0,1,1,80,66,7.41188,2.58246
Casey Mize,DET,SP,FA,27,,-16.59952827,-20.50794009,,6,11,4.23514,23,0,0,0,118,94,7.17663,2.53642
Albert Suarez,BAL,SP,FA,35,,-16.49140254,-20.37580236,,4,2,4.34476,59,0,5,5,81,70,7.8735,2.7713
Clay Holmes,NYM,RP,FA,31,,-3.355525734,-4.322778264,,13,12,3.60731,49,0,1,1,164,148,8.0931,3.17043
Kirby Yates,LAD,RP,FA,37,,3.303721857,3.81532044,,5,0,3.58916,60,9,11,20,60,73,10.9162,4.34049
Randy Vasquez,SD,SP,FA,26,,-17.94002111,-22.14612262,,4,4,4.43825,27,0,1,1,67,51,6.90177,2.99804
Aroldis Chapman,BOS,RP,FA,37,,6.323484775,7.505696621,,5,0,3.23509,63,12,9,21,63,93,13.3189,5.10149
Ryan Thompson,ARI,RP,FA,32,,-3.830141463,-4.902794188,,5,0,3.69037,63,0,13,13,63,51,7.24185,2.64729
Mark Leiter Jr.,NYY,RP,FA,33,,-3.870895952,-4.952599222,,3,0,3.90964,58,0,12,12,58,67,10.4698,3.44346
Tyler Alexander,MIL,RP,FA,30,,-14.84906402,-18.36874183,,3,1,4.5211,52,0,4,4,59,49,7.4133,1.94823
Will Vest,DET,RP,FA,29,,0.42614821,0.298710185,,3,0,3.38969,68,2,12,14,68,66,8.75907,2.80313
Colin Rea,CHC,SP,FA,34,,-23.61578367,-29.08232904,,6,8,4.53009,31,0,1,1,122,97,7.12461,2.45625
Jordan Montgomery,ARI,SP,FA,32,,-17.06278087,-21.07406941,,7,7,4.0693,42,0,1,1,117,93,7.16345,2.74044
Pete Fairbanks,TB,RP,FA,31,,6.501986836,7.723839491,,4,0,3.46473,60,22,7,29,60,67,10.0373,3.38715
Kris Bubic,KC,RP,FA,27,,-13.65561344,-16.91025595,,7,8,4.0665,42,0,1,1,115,109,8.56916,3.20059
Ryan Pressly,CHC,RP,FA,36,,6.963795276,8.288203952,,3,0,3.37857,61,25,5,30,61,63,9.32453,2.69163
Cole Sands,MIN,RP,FA,27,,1.365953635,1.447222717,,4,0,3.66064,64,1,15,16,64,70,9.81355,2.80438
Camilo Doval,SF,RP,FA,27,,5.801145105,6.86735847,,5,0,3.3092,62,10,12,22,62,75,10.9514,4.14132
Kyle Hendricks,LAA,RP,FA,35,,-43.50804458,-53.39215992,,6,10,5.1259,24,0,0,0,127,89,6.33322,2.65518
Keegan Akin,BAL,RP,FA,29,,5.588416681,6.607388423,,3,0,3.4232,70,2,16,18,70,79,10.2067,2.47609
Clayton Kershaw,LAD,SP,FA,36,,-6.335583966,-7.964632348,,5,7,3.80886,13,0,0,0,68,63,8.36371,2.41063
Drew Thorpe,CHW,SP,FA,24,,-26.82992277,-33.01024745,,5,7,4.75673,16,0,0,0,86,68,7.06959,3.24208
Andrew Kittredge,BAL,RP,FA,34,,-0.907152251,-1.330682716,,5,0,3.7593,66,2,13,15,66,61,8.25813,2.40774
Trevor Williams,WSH,SP,FA,32,,-26.0217843,-32.02264178,,6,6,4.53079,53,0,1,1,113,90,7.216,2.84206
Kevin Kelly,TB,RP,FA,27,,-4.547874667,-5.779917854,,3,0,3.63639,53,0,5,5,53,47,8.03268,2.21507
Ryan Fernandez,STL,P,FA,26,,-3.221058228,-4.158448913,,4,0,3.76201,65,1,16,17,65,64,8.86105,3.51053
Chris Paddack,MIN,SP,FA,29,,-13.10785806,-16.2408579,,7,7,4.22044,55,0,1,1,124,115,8.31313,2.26959
Keider Montero,DET,SP,FA,24,,-17.53378504,-21.64967175,,2,2,4.36162,22,0,1,1,42,36,7.63182,3.10999
Carlos Estevez,KC,RP,FA,32,,3.770521686,4.38578475,,5,0,3.86509,64,21,6,27,64,63,8.80185,3.14041
David Robertson,(N/A),RP,FA,39,,-3.198342169,-4.130688189,,4,0,3.49063,57,0,0,0,57,70,11.0243,3.68972
Bubba Chandler,PIT,SP,FA,22,,-24.10447025,-29.6795406,,4,7,4.50682,15,0,0,0,75,65,7.78761,3.65133
Erik Miller,SF,SP,FA,27,,-2.39465903,-3.148527274,,4,0,3.47974,61,1,12,13,61,76,11.189,4.7761
Aaron Ashby,MIL,SP,FA,26,,-16.64962784,-20.5691655,,4,2,4.04021,41,0,1,1,63,62,8.82652,4.61585
Sean Hjelle,SF,RP,FA,27,,-7.470877448,-9.352045908,,3,0,3.8701,66,0,13,13,66,55,7.50498,2.50262
Michael Kopech,LAD,RP,FA,28,,-6.804484827,-8.537664275,,3,0,4.13608,53,3,10,13,53,62,10.5627,4.25913
Johan Oviedo,PIT,SP,FA,27,,-19.87768734,-24.51409569,,4,4,4.31157,32,0,1,1,76,68,8.03365,3.64131
Ben Brown,CHC,SP,FA,25,,-6.062837578,-7.631315859,,3,1,3.59409,31,0,1,1,45,50,10.0604,3.378
Blake Treinen,LAD,RP,FA,36,,8.035484614,9.59788849,,5,0,3.33735,59,6,14,20,59,64,9.69823,2.79242
Mike Clevinger,CHW,SP,FA,34,,-15.9481875,-19.71195294,,2,0,4.61814,44,6,0,6,44,39,7.88521,2.88605
Reed Garrett,NYM,RP,FA,32,,0.974866306,0.969284746,,6,0,3.57601,66,0,15,15,66,77,10.5639,4.05356
Michael Tonkin,MIN,RP,FA,35,,-9.325213654,-11.61818347,,3,0,4.18248,63,0,12,12,63,62,8.89156,3.28568
Alex Vesia,LAD,RP,FA,28,,2.40350708,2.715190641,,4,0,3.53325,58,0,14,14,58,74,11.4191,3.90451
Jose Alvarado,PHI,RP,FA,29,,0.604579121,0.516766106,,4,0,3.31413,60,3,10,13,60,69,10.4143,4.01792
Garrett Whitlock,BOS,SP,FA,28,,2.968153494,3.405230798,,4,0,3.6239,67,2,16,18,67,67,9.06572,2.10601
Pierce Johnson,ATL,RP,FA,33,,-1.114770284,-1.584407483,,5,0,3.60084,64,2,12,14,64,78,10.95,3.76619
Tim Herrin,CLE,RP,FA,28,,0.656834514,0.580626105,,4,0,3.39764,62,0,14,14,62,66,9.5829,3.69476
Griffin Canning,NYM,SP,FA,28,,-22.03700735,-27.15294627,,5,4,4.59078,46,0,1,1,98,88,8.04739,3.12621
JoJo Romero,STL,RP,FA,28,,-0.919256126,-1.345474556,,4,0,3.52592,61,1,13,14,61,60,8.88948,3.0307
Trent Thornton,SEA,RP,FA,31,,-2.375339554,-3.124917428,,3,0,3.73328,67,0,14,14,67,66,8.83941,2.69384
Dylan Lee,ATL,RP,FA,30,,4.564750504,5.356391778,,4,0,3.3188,62,0,13,13,62,71,10.3636,2.58998
Nate Pearson,CHC,RP,FA,28,,-9.485614611,-11.81420543,,2,0,3.97478,54,0,7,7,54,59,9.87175,3.55642
A.J. Minter,NYM,RP,FA,31,,4.631559697,5.438037609,,5,0,3.36916,54,2,11,13,54,60,10.0447,2.9807
Spencer Turnbull,(N/A),RP,FA,32,,-16.63240696,-20.54812031,,3,5,4.30288,11,0,0,0,63,57,8.19351,3.29369
Joe Mantiply,ARI,RP,FA,34,,-4.565822572,-5.801851536,,4,0,3.59418,59,0,11,11,59,51,7.77604,2.66833
Tayler Scott,HOU,RP,FA,32,,-6.174048629,-7.767224082,,4,0,3.93299,65,1,16,17,65,65,9.02956,3.90496
Jared Shuster,CHW,SP,FA,26,,-20.34411816,-25.08410905,,2,0,4.63409,40,0,1,1,40,31,6.88361,3.49618
Matthew Liberatore,STL,SP,FA,25,,-6.641106204,-8.338003377,,5,2,3.96707,65,2,12,14,85,78,8.30447,3.25575
Aaron Bummer,ATL,RP,FA,31,,5.200479329,6.133299958,,5,0,3.0264,61,1,14,15,61,71,10.4223,3.60012
John Schreiber,KC,RP,FA,31,,-7.100693816,-8.899653819,,4,0,3.88239,61,1,12,13,61,56,8.30349,3.57307
Tony Gonsolin,LAD,SP,FA,30,,-17.76104539,-21.92740089,,6,6,4.4859,39,0,1,1,99,86,7.7953,3.02726
Tanner Banks,PHI,RP,FA,33,,-4.398491297,-5.597360201,,3,0,3.72499,68,0,12,12,68,67,8.9052,2.85462
Josh Winckowski,BOS,RP,FA,26,,-11.30636389,-14.03929725,,3,0,3.99566,55,0,7,7,55,46,7.601,2.79414
Robert Garcia,TEX,P,FA,28,,4.963518218,5.843715755,,5,0,3.46436,64,8,10,18,64,74,10.4553,3.22983
John King,STL,RP,FA,30,,-8.467129434,-10.56954036,,3,0,3.65616,59,0,12,12,59,40,6.06374,2.46464
Bryan Hudson,MIL,RP,FA,27,,-0.071072563,-0.308930794,,3,0,3.51998,60,1,11,12,60,65,9.74438,3.26859
Anthony DeSclafani,(N/A),SP,FA,34,,-19.32516264,-23.83886918,,3,5,4.632,10,0,0,0,54,42,7.01279,2.49727
Brent Suter,CIN,RP,FA,35,,-16.32031322,-20.1667184,,3,0,4.42376,63,0,11,11,63,49,7.02466,2.78114
Hoby Milner,TEX,RP,FA,34,,-6.145166741,-7.731928254,,3,0,3.91769,58,0,11,11,58,53,8.18652,2.41133
Dane Dunning,TEX,SP,FA,30,,-14.48942869,-17.92924055,,4,1,4.30801,63,0,5,5,78,71,8.19647,2.99552
Justin Slaten,BOS,P,FA,27,,-6.74222627,-8.461579661,,4,0,3.91813,64,0,13,13,64,67,9.42407,3.32039
Jose Butto,NYM,RP,FA,26,,-1.715688701,-2.318774741,,3,0,3.69643,63,1,16,17,63,67,9.51859,3.57749
Chris Martin,TEX,RP,FA,38,,9.087714923,10.88379264,,4,0,3.37252,58,20,6,26,58,58,9.01643,1.64429
Phil Maton,(N/A),RP,FA,31,,-13.62186355,-16.86901106,,3,0,4.23751,56,0,0,0,56,54,8.66622,3.4119
Colin Holderman,PIT,RP,FA,29,,-5.306369963,-6.706855845,,4,0,3.89101,62,3,13,16,62,63,9.07418,3.72918
Kyle Finnegan,WSH,RP,FA,33,,-1.722741129,-2.327393335,,4,0,3.96784,64,22,6,28,64,61,8.60006,3.34693
Antonio Senzatela,COL,SP,FA,30,,-50.06594781,-61.40640823,,6,8,5.06593,42,0,1,1,135,85,5.65706,2.60992
Evan Phillips,LAD,RP,FA,30,,-2.521158179,-3.303118696,,3,0,3.31417,44,0,1,1,44,49,10.0877,2.83146
Shawn Armstrong,TEX,RP,FA,34,,-9.178320109,-11.43866857,,3,0,4.1972,61,1,12,13,61,59,8.67606,2.87761
Garrett Cleavinger,TB,RP,FA,30,,-1.664646255,-2.256397054,,5,0,3.8616,63,3,15,18,63,74,10.5963,4.09652
Victor Vodnik,COL,RP,FA,25,,-19.68047538,-24.27308793,,3,0,4.43689,66,3,11,14,66,63,8.59205,4.3308
Buck Farmer,ATL,RP,FA,34,,-18.09032022,-22.32979937,,2,0,4.49446,46,0,1,1,46,45,8.81391,3.84245
Yimi Garcia,TOR,RP,FA,34,,4.014874533,4.684402208,,4,0,3.60036,61,3,14,17,61,67,9.86638,2.82697
Tyson Miller,CHC,RP,FA,29,,-5.774366661,-7.278782819,,3,0,3.9738,62,1,12,13,62,57,8.24706,2.91941
Jose Leclerc,ATH,RP,FA,31,,-3.721433966,-4.769945495,,4,0,3.90274,64,3,13,16,64,74,10.4517,4.27115
Jake Cousins,NYY,RP,FA,30,,-8.30707171,-10.37393785,,3,0,3.92501,54,0,7,7,54,64,10.7366,4.27453
Declan Cronin,MIA,RP,FA,27,,-11.88200689,-14.74277606,,3,0,3.94437,67,1,13,14,67,58,7.75914,3.45219
Seranthony Dominguez,BAL,RP,FA,30,,-1.543953955,-2.108902034,,4,0,3.70567,62,3,12,15,62,68,9.80988,3.54778
Yuki Matsui,SD,RP,FA,29,,-4.132216965,-5.271953048,,3,0,3.60408,56,0,9,9,56,65,10.4115,3.99055
Tyler Ferguson,ATH,P,FA,31,,-8.985868891,-11.20347878,,3,0,4.13537,62,1,15,16,62,64,9.27996,4.25971
Beau Brieske,DET,RP,FA,26,,-4.734743146,-6.008285114,,3,0,4.01998,66,10,10,20,66,62,8.51668,3.27202
Dennis Santana,PIT,RP,FA,28,,-8.782445182,-10.95487979,,3,0,3.96706,66,2,12,14,66,63,8.60829,3.61713
Gregory Soto,BAL,RP,FA,30,,-1.722269297,-2.326816722,,4,0,3.49462,59,0,10,10,59,67,10.2843,3.86317
Jorge Lopez,WSH,RP,FA,32,,-9.950699079,-12.38257345,,3,0,4.14315,60,7,12,19,60,53,7.88384,3.25876
Hector Neris,ATL,RP,FA,35,,-6.241022827,-7.849071562,,5,0,4.02116,56,0,10,10,56,59,9.5204,3.73803
Lance McCullers Jr.,HOU,SP,FA,31,,-8.354808828,-10.43227618,,5,5,3.68977,39,0,1,1,92,90,8.83822,3.56985
Bryce Elder,ATL,SP,FA,25,,-14.3705762,-17.78399392,,3,3,4.19114,16,0,1,1,46,39,7.53651,3.00546
Tyler Kinley,COL,RP,FA,34,,-13.99701901,-17.32747909,,3,0,4.72232,64,18,6,24,64,67,9.41603,3.84983
Adrian Morejon,SD,RP,FA,26,,-2.202304824,-2.913456044,,3,0,3.54673,61,1,12,13,61,65,9.52779,3.17292
Hunter Harvey,KC,RP,FA,30,,0.010828262,-0.208841859,,3,0,3.53348,60,2,14,16,60,62,9.32819,2.81821
Greg Weissert,BOS,RP,FA,30,,-10.32639198,-12.84169828,,3,0,4.02737,60,0,12,12,60,58,8.72322,3.42079
T.J. McFarland,ATH,RP,FA,35,,-14.96319778,-18.50822182,,3,0,4.16067,58,0,10,10,58,41,6.42288,3.13523
Joey Cantillo,CLE,SP,FA,25,,-14.36604241,-17.77845328,,5,5,4.00994,37,0,1,1,82,85,9.25673,4.08992
Bryse Wilson,CHW,RP,FA,27,,-32.11197787,-39.46531391,,4,4,4.88576,39,0,1,1,100,72,6.49013,2.84023
Jhony Brito,SD,SP,FA,27,,-13.95492692,-17.2760394,,3,1,4.16891,40,0,1,1,47,36,6.87204,2.72684
Shane Bieber,CLE,SP,FA,29,,-1.857202746,-2.49171549,,6,8,3.6179,25,0,1,1,96,93,8.68033,2.29353
Ian Hamilton,NYY,RP,FA,29,,-0.410823673,-0.724132066,,3,0,3.46017,60,1,15,16,60,66,9.9461,3.62046
Taylor Rogers,CIN,RP,FA,34,,-9.975359158,-12.41270991,,3,0,4.33251,62,3,13,16,62,71,10.2939,3.66442
Dylan Floro,ATH,RP,FA,34,,-12.33859118,-15.30075623,,3,0,3.78959,48,0,1,1,48,37,6.84925,2.76679
Liam Hendriks,BOS,RP,FA,36,,4.562180072,5.353250518,,4,0,3.88404,61,23,6,29,61,70,10.3231,2.85715
Nick Mears,MIL,RP,FA,28,,-4.57893876,-5.817880499,,3,0,3.7323,59,0,11,11,59,73,11.1106,4.20213
Ryan Brasier,CHC,RP,FA,37,,-0.307716425,-0.598127296,,3,0,3.62419,58,2,13,15,58,55,8.48246,2.62372
Erik Swanson,TOR,RP,FA,31,,-7.951851659,-9.939832374,,3,0,3.99597,60,0,13,13,60,59,8.84733,3.11732
Ben Joyce,LAA,RP,FA,24,,0.726314215,0.665535498,,3,0,3.47136,62,7,10,17,62,75,10.8404,4.05027
Justin Wrobleski,LAD,SP,FA,24,,1,1,,2,0,4.37911,35,0,1,1,35,31,8.03768,3.11861
Jalen Beeks,(N/A),RP,FA,31,,-13.95679686,-17.27832461,,2,0,3.96011,37,0,0,0,37,33,8.05851,3.49129
Craig Kimbrel,(N/A),RP,FA,36,,-9.37638914,-11.68072374,,3,0,3.9312,40,0,0,0,40,49,10.9139,4.29768
Bryan Hoeing,SD,RP,FA,28,,-11.63655961,-14.44282113,,3,0,4.18295,68,0,13,13,68,54,7.16653,2.65606
Andrew Nardi,MIA,RP,FA,26,,-1.52953883,-2.091285673,,3,0,3.6153,58,1,10,11,58,72,11.1613,3.59099
Chris Stratton,KC,RP,FA,34,,-19.24540103,-23.74139452,,3,0,4.53832,54,0,7,7,54,44,7.38256,3.93291
Jakob Junis,CLE,SP,FA,32,,-9.660175105,-12.02753142,,4,2,4.28605,59,0,7,7,83,76,8.31214,2.12382
Anthony Bender,MIA,RP,FA,30,,-3.209146497,-4.143891887,,3,0,3.67595,60,5,12,17,60,63,9.4353,3.28145
Adam Ottavino,BOS,RP,FA,39,,-14.5073244,-17.95111045,,2,0,4.1899,44,0,1,1,44,45,9.26122,3.84342
DL Hall,MIL,RP,FA,26,,-14.48540452,-17.92432272,,2,1,3.95208,40,0,1,1,52,56,9.65785,4.008
Ryan Burr,TOR,RP,FA,30,,-5.236838186,-6.621882812,,3,0,3.55523,50,0,4,4,50,56,10.0083,3.10023
Justin Anderson,CHW,RP,FA,32,,-14.19157593,-17.5652422,,3,0,4.38433,63,7,11,18,63,65,9.24361,4.23032
Anthony Banda,LAD,RP,FA,31,,-9.992682033,-12.43387976,,3,0,4.07454,57,0,13,13,57,56,8.83654,3.49948
Jacob Barnes,TOR,RP,FA,34,,1,1,,1,0,4.60255,24,0,1,1,24,20,7.51706,3.17295
Scott Barlow,CIN,RP,FA,32,,-9.094582422,-11.33633485,,3,0,3.87334,58,0,7,7,58,65,10.1129,3.98
Matt Brash,SEA,RP,FA,26,,-1.731506926,-2.338105795,,3,0,3.01452,48,0,1,1,48,62,11.614,3.8949
Manuel Rodriguez,TB,RP,FA,28,,-4.902730979,-6.213578812,,4,0,3.81117,61,2,13,15,61,58,8.60935,3.39283
Jared Koenig,MIL,RP,FA,31,,-4.284358041,-5.457880824,,4,0,3.75735,62,2,11,13,62,60,8.73414,3.19235
Trevor Richards,CHC,RP,FA,31,,1,1,,1,0,4.24096,26,0,1,1,26,28,9.76831,4.07205
Edwin Uceta,TB,RP,FA,27,,-2.147240248,-2.846163013,,3,0,3.91333,65,9,11,20,65,70,9.70622,3.46557
Elvis Peguero,MIL,RP,FA,27,,-8.664047129,-10.81018851,,4,0,3.85239,56,0,9,9,56,53,8.46349,3.69917
Michael Grove,LAD,SP,FA,28,,-8.029163343,-10.03431303,,3,0,3.96853,45,0,4,4,45,48,9.50049,2.84826
Luis Garcia,LAD,RP,FA,38,,-3.932631434,-5.057492622,3,9,9,4.00506,33,0,1,1,121,119,8.88572,2.84378
Paul Sewald,CLE,RP,FA,34,,-1.135799457,-1.610106705,,3,0,3.84622,59,1,12,13,59,66,10.0468,2.96798
Cade Cavalli,WSH,SP,FA,26,,-15.98344947,-19.7550457,,5,6,4.2288,28,0,1,1,82,78,8.51756,3.65719
Nick Sandlin,TOR,RP,FA,28,,-6.008042276,-7.564351901,,4,0,3.98318,59,0,12,12,59,63,9.58687,3.90227
Triston McKenzie,CLE,SP,FA,27,,-37.08256836,-45.53974732,,6,7,4.8108,38,0,1,1,120,112,8.42524,4.42958
Seth Halvorsen,COL,RP,FA,25,,-16.72882846,-20.66595459,,4,0,4.67179,63,9,8,17,63,58,8.26342,3.817
Drew Smyly,(N/A),RP,FA,35,,-14.76654471,-18.26789705,,2,0,4.20694,38,0,0,0,38,36,8.59672,3.0232
Trevor Stephan,CLE,RP,FA,29,,-10.63194004,-13.21510086,,2,0,3.85075,36,0,1,1,36,38,9.47043,3.27283
Trevor Rogers,BAL,SP,FA,27,,-17.51777423,-21.63010534,,3,2,4.24767,27,0,1,1,54,47,7.72598,3.28784
Dustin May,LAD,SP,FA,27,,-0.354483661,-0.655280356,,4,2,3.57203,53,0,7,7,74,78,9.48631,2.94597
Osvaldo Bido,ATH,SP,FA,29,,-19.85012067,-24.48040716,,7,6,4.39873,42,0,1,1,112,103,8.24079,3.66552
Huascar Brazoban,NYM,RP,FA,35,,-14.5073244,-17.95111045,,2,0,4.01894,44,0,1,1,44,45,9.20084,4.26985
Tristan Beck,SF,SP,FA,28,,-11.43698234,-14.19892277,,3,1,3.98626,48,0,1,1,55,48,7.7608,2.58582
Michael Fulmer,BOS,RP,FA,31,,-16.60454288,-20.51406832,,3,0,4.33769,50,0,1,1,50,49,8.85869,3.87312
Alex Faedo,TB,SP,FA,29,,-10.67917911,-13.27283054,,3,0,4.21937,57,0,11,11,57,55,8.75205,3.32719
Jordan Romano,PHI,RP,FA,31,,4.051976242,4.729743272,,5,0,3.83202,59,23,4,27,59,64,9.80502,3.33123
Jorge Alcala,MIN,RP,FA,29,,-6.314665258,-7.939068121,,3,0,4.01867,60,1,12,13,60,63,9.50996,3.48268
Kyle Wright,KC,SP,FA,29,,-16.96191428,-20.9508029,,6,5,4.24177,35,0,1,1,94,78,7.47265,3.02588
Matt Manning,DET,SP,FA,27,,1,1,,2,1,4.14385,28,0,1,1,35,29,7.45577,2.83929
Colin Poche,WSH,RP,FA,31,,-10.64633522,-13.23269285,,3,0,4.25243,56,0,9,9,56,50,8.07433,3.38795
Andrew Chafin,DET,RP,FA,34,,-11.04924219,-13.7250753,,3,0,3.91911,55,0,6,6,55,60,9.87693,4.21692
Ryne Stanek,NYM,RP,FA,33,,-5.148132654,-6.513478016,,4,0,3.84101,58,0,12,12,58,66,10.1869,4.11733
Tim Hill,NYY,RP,FA,35,,-17.27030748,-21.32768245,,3,0,4.23723,63,0,12,12,63,36,5.13818,2.74682
Eli Morgan,CHC,RP,FA,28,,-12.55512953,-15.56538228,,2,0,4.05184,50,0,1,1,50,47,8.4713,2.63123
Jack Leiter,TEX,SP,FA,24,,-27.87997552,-34.29349046,,6,7,4.77584,40,0,1,1,113,114,9.06061,3.97943
Adam Mazur,MIA,SP,FA,23,,1,1,,2,3,4.72981,6,0,0,0,33,25,6.83456,2.80769
Enyel De Los Santos,ATL,RP,FA,29,,1,1,,1,0,3.98724,21,0,1,1,21,22,9.2232,3.29938
Kyle Nicolas,PIT,SP,FA,26,,-17.64112855,-21.78085355,,2,0,4.29932,44,0,1,1,44,44,8.96184,4.39438
Jose Ruiz,PHI,RP,FA,30,,-12.61191899,-15.63478325,,3,0,4.27423,62,0,10,10,62,61,8.87746,3.5673
Roansy Contreras,BAL,RP,FA,25,,1,1,,2,0,4.38599,33,0,1,1,33,31,8.35635,3.32419
Dedniel Nunez,NYM,RP,FA,28,,-4.10077661,-5.233530583,,3,0,3.48631,49,0,4,4,49,55,10.1723,3.30131
Jordan Leasure,CHW,RP,FA,26,,-18.64362043,-23.00597362,,3,0,4.61593,62,0,10,10,62,60,8.69399,4.27612
Xzavion Curry,MIA,SP,FA,26,,1,1,,0,0,4.73863,8,0,1,1,8,6,6.81214,2.64789
Jesse Chavez,TEX,RP,FA,41,,1,1,,1,0,4.22736,33,0,1,1,33,30,8.14336,3.05135
Calvin Faucher,MIA,RP,FA,29,,-4.597423542,-5.840470286,,3,0,3.91425,63,22,6,28,63,66,9.41341,4.05668
Randy Rodriguez,SF,SP,FA,25,,-12.94140764,-16.03744302,,3,0,4.05228,53,0,7,7,53,54,9.11785,4.24838
Jacob Webb,TEX,RP,FA,31,,-9.568555235,-11.91556508,,3,0,4.25984,62,2,14,16,62,63,9.18092,3.94582
Kenta Maeda,DET,SP,FA,36,,-14.97402771,-18.5214568,,3,1,4.39547,63,0,5,5,77,71,8.2948,2.52281
Shelby Miller,ARI,RP,FA,34,,-11.00996774,-13.67707899,,4,0,4.33318,53,0,7,7,53,50,8.4423,3.38862
Ian Seymour,TB,SP,FA,26,,1,1,,2,1,4.36912,20,0,1,1,34,31,8.06321,3.10304
John Brebbia,DET,RP,FA,34,,-8.472710224,-10.5763605,,3,0,4.14182,57,0,9,9,57,61,9.70261,2.95326
Patrick Sandoval,BOS,SP,FA,28,,1,1,,1,1,3.82197,8,0,1,1,15,14,8.72013,3.55899
James McArthur,KC,RP,FA,28,,1,1,,2,0,4.04379,31,0,1,1,31,28,8.07924,2.91185
Louie Varland,MIN,SP,FA,27,,1,1,,4,1,3.96764,56,0,7,7,63,61,8.70847,2.51117
Paul Blackburn,NYM,SP,FA,31,,-21.4452906,-26.42982414,,7,6,4.38895,46,0,1,1,115,94,7.37389,2.87015
Genesis Cabrera,NYM,RP,FA,28,,1,1,,1,0,4.29797,22,0,1,1,22,20,8.34655,4.04625
Justin Lawrence,PIT,RP,FA,30,,-18.40656076,-22.71626896,,4,0,4.39375,66,0,8,8,66,60,8.183,4.27734
Carlos Carrasco,NYY,SP,FA,37,,1,1,,1,1,4.64368,17,0,1,1,23,20,7.69958,2.89534
Angel Zerpa,KC,SP,FA,25,,-8.602712733,-10.73523329,,3,0,3.86681,59,0,12,12,59,51,7.74261,3.03727
Emilio Pagan,CIN,RP,FA,33,,-8.788347162,-10.96209245,,4,0,4.51807,64,3,12,15,64,65,9.17037,2.92029
Dillon Tate,(N/A),RP,FA,30,,1,1,,1,0,4.19343,33,0,0,0,33,25,6.73514,2.88993
Zack Kelly,BOS,RP,FA,30,,1,1,,2,0,4.25508,26,0,1,1,26,27,9.43749,4.36013
Zebby Matthews,MIN,SP,FA,24,,-7.993550494,-9.990791469,,5,5,4.02931,39,0,1,1,87,80,8.25044,1.8677
Sam Moll,CIN,RP,FA,33,,-9.872596206,-12.28712589,,3,0,4.16511,55,0,10,10,55,55,9.03584,3.81554
Slade Cecconi,CLE,P,FA,25,,-8.826540146,-11.00876714,,3,1,4.14797,44,0,1,1,51,46,8.18334,2.03266
Josh Sborz,TEX,RP,FA,31,,-9.843025795,-12.25098864,,2,0,3.7868,38,3,1,4,38,42,9.83597,3.52383
Brendon Little,TOR,RP,FA,28,,-12.02291274,-14.91497356,,3,0,3.85956,56,0,10,10,56,48,7.764,4.01065
Seth Martinez,SEA,RP,FA,30,,1,1,,1,0,4.07491,17,0,1,1,17,14,7.59022,3.39249
Gregory Santos,SEA,RP,FA,25,,6.807428348,8.097111868,,3,0,2.94792,62,5,13,18,62,67,9.74429,2.92704
Brennan Bernardino,BOS,RP,FA,33,,-11.73257931,-14.56016438,,3,0,3.95345,52,0,4,4,52,52,8.97371,3.51163
Evan Reifert,WSH,RP,FA,25,,-18.02535105,-22.25040218,,2,0,4.49383,52,0,6,6,52,55,9.5027,4.74182
J.P. France,HOU,SP,FA,29,,1,1,,2,1,4.318,23,0,1,1,30,27,8.11312,3.44873
Carmen Mlodzinski,PIT,P,FA,26,,-10.17940486,-12.66206902,,4,0,4.06686,61,1,12,13,61,54,8.00007,3.53367
Cristian Javier,HOU,SP,FA,27,,1,1,,1,0,4.03859,17,0,1,1,17,18,9.38866,3.38435
Jack Kochanowicz,LAA,SP,FA,24,,-31.73900556,-39.00951385,,5,6,4.78994,29,0,1,1,97,54,5.03447,2.45755
Landon Knack,LAD,SP,FA,27,,-12.27358139,-15.2213094,,3,1,4.24232,42,0,1,1,48,47,8.80478,2.83413
Wandy Peralta,SD,RP,FA,33,,-11.96355484,-14.84243376,,3,0,3.88421,52,0,4,4,52,44,7.69414,3.77112
Brock Burke,LAA,RP,FA,28,,-4.355442005,-5.544750746,,3,0,3.84888,66,1,16,17,66,66,9.00646,3.13995
Kyle Leahy,STL,P,FA,27,,-15.13693755,-18.72054482,,3,0,4.27143,56,0,10,10,56,44,7.00487,3.26813
Lucas Sims,WSH,RP,FA,30,,-15.40177427,-19.0441951,,3,0,4.48534,58,1,11,12,58,60,9.30001,4.81271
Dakota Hudson,LAA,SP,FA,30,,1,1,,1,0,4.80277,21,0,1,1,21,14,6.01552,3.59658
James Karinchak,CHW,RP,FA,29,,-14.76123712,-18.26141078,,2,0,4.28121,37,0,1,1,37,45,10.8889,4.86488
Jesus Tinoco,MIA,RP,FA,29,,-4.859731771,-6.161030563,,3,0,3.81975,64,6,10,16,64,64,9.0327,3.4431
Matt Moore,BOS,RP,FA,35,,1,1,,2,0,4.60292,28,0,1,1,28,26,8.38162,4.11802
Shawn Dubin,HOU,RP,FA,29,,1,1,,1,0,3.99286,33,0,1,1,33,34,9.31009,4.22279
Keaton Winn,SF,SP,FA,27,,-10.6834904,-13.27809925,,2,0,3.94153,42,0,1,1,42,39,8.31874,2.60931
Gabe Speier,SEA,RP,FA,29,,-2.257030092,-2.980334415,,3,0,3.57169,58,0,10,10,58,61,9.48053,2.99771
Steven Matz,STL,SP,FA,33,,-13.83582072,-17.13048272,,6,8,4.00892,42,0,1,1,116,102,7.91952,2.7311
Grant Wolfram,MIL,RP,FA,28,,1,1,,1,0,4.36227,18,0,1,1,18,17,8.59982,4.19457
Danny Coulombe,MIN,RP,FA,35,,-5.057095762,-6.402224124,,3,0,3.48479,51,0,4,4,51,52,9.16863,2.74908
Tommy Kahnle,DET,RP,FA,35,,-7.379497814,-9.24037316,,2,0,3.77684,58,2,10,12,58,59,9.20228,3.92719
Hayden Wesneski,HOU,SP,FA,27,,-15.29219126,-18.91027647,,6,5,4.34315,49,0,1,1,106,98,8.36531,2.9815
Tayler Saucedo,SEA,RP,FA,31,,-8.017183687,-10.019673,,3,0,3.78314,61,0,12,12,61,58,8.60545,3.82377
Jose Suarez,LAA,RP,FA,27,,-12.3078445,-15.26318148,,3,1,4.19055,62,0,10,10,69,67,8.73489,3.24185
Giovanny Gallegos,LAD,RP,FA,33,,1,1,,2,0,4.56756,33,0,1,1,33,32,8.8019,3.18669
Tim Mayza,PIT,RP,FA,33,,-17.91624824,-22.11707039,,2,0,4.07118,55,0,4,4,55,41,6.78342,3.15347
Collin Snider,SEA,RP,FA,29,,-10.90334993,-13.54678405,,4,0,4.12718,65,3,12,15,65,60,8.25438,3.81886
Will Smith,(N/A),RP,FA,35,,1,1,,1,0,4.65662,30,0,0,0,30,26,7.78682,3.3736
Joe Boyle,TB,P,FA,25,,-19.54654738,-24.10941789,,3,2,4.28637,41,0,1,1,59,69,10.4978,5.76328
Joey Wentz,PIT,RP,FA,27,,-13.51068513,-16.73314271,,3,0,4.25861,57,1,9,10,57,56,8.89542,3.72415
Luke Jackson,TEX,RP,FA,33,,-10.38465502,-12.91290006,,3,0,3.95825,55,0,10,10,55,58,9.56168,4.02158
Jake Bird,COL,RP,FA,29,,-21.04723822,-25.94337436,,2,0,4.60577,61,1,10,11,61,52,7.63814,3.75597
Cam Booser,CHW,RP,FA,32,,-13.96164319,-17.2842472,,3,0,4.32183,60,0,11,11,60,61,9.14266,3.74058
Bobby Miller,LAD,SP,FA,25,,-10.09786777,-12.5624246,,3,1,4.03153,40,0,1,1,47,45,8.75922,3.06208
Sam Long,KC,RP,FA,29,,-14.04712373,-17.3887108,,3,0,4.30053,56,0,10,10,56,49,7.94238,3.61057
Caleb Ferguson,PIT,RP,FA,28,,-4.078563022,-5.206383917,,3,0,3.44289,60,1,11,12,60,63,9.47847,3.61395
Bryce Jarvis,ARI,SP,FA,27,,-21.35128418,-26.31494127,,2,0,4.4286,50,0,4,4,50,40,7.11326,4.05234
Justin Wilson,BOS,RP,FA,37,,-11.96990826,-14.85019811,,3,0,4.14981,58,0,10,10,58,60,9.2616,3.12162
Michel Otanez,ATH,RP,FA,27,,-6.658522101,-8.359286906,,4,0,3.83219,61,0,13,13,61,75,11.0474,4.99272
Joe Ross,PHI,SP,FA,31,,-16.99406798,-20.99009712,,3,1,4.37316,56,0,6,6,63,55,7.90631,3.29052
Taijuan Walker,PHI,SP,FA,32,,-23.65257638,-29.12729249,,3,1,4.81061,51,0,1,1,66,48,6.58765,3.08577
Chase Silseth,LAA,SP,FA,24,,-14.66012204,-18.13784059,,3,1,4.17068,48,0,1,1,54,52,8.73761,3.47616
Steven Wilson,CHW,RP,FA,30,,1,1,,1,0,5.05592,32,0,1,1,32,31,8.79623,4.66872
Justin Topa,MIN,RP,FA,33,,-11.84346901,-14.69567989,,3,0,3.86438,50,0,1,1,50,43,7.76215,3.04598
Alex Lange,DET,RP,FA,29,,-10.6918709,-13.28834086,,3,0,3.71021,39,0,1,1,39,45,10.2852,4.82655
Angel Chivilli,COL,RP,FA,22,,-19.01265911,-23.45696649,,3,0,4.76498,53,0,6,6,53,48,8.16996,3.36435
Scott Effross,NYY,RP,FA,31,,1,1,,3,0,4.00192,34,0,1,1,34,28,7.52406,2.68642
Richard Lovelady,TOR,RP,FA,29,,1,1,,3,0,3.75658,32,0,1,1,32,29,8.03461,2.63063
Stephen Kolek,SD,P,FA,27,,-15.68745153,-19.39331407,,3,1,4.24218,31,0,1,1,47,38,7.28854,3.31602
Daniel Lynch,KC,RP,FA,28,,-15.86825031,-19.61426372,,3,1,4.30203,52,0,4,4,59,48,7.2657,2.70062
Keegan Thompson,CHC,RP,FA,29,,-8.466976843,-10.56935388,,4,0,4.05667,66,0,13,13,66,68,9.20608,4.0194
Caleb Thielbar,CHC,RP,FA,38,,-3.977549388,-5.0829377,,3,0,3.71106,56,0,10,10,56,61,9.80951,3.20661
Scott Alexander,COL,RP,FA,35,,-13.92070802,-17.23422135,,3,0,4.11861,56,0,9,9,56,42,6.82595,2.95871
Steven Okert,HOU,RP,FA,33,,1,1,,1,0,4.17841,26,0,1,1,26,28,9.55938,3.77429
Cooper Criswell,BOS,RP,FA,28,,1,1,,2,1,4.43405,23,0,1,1,30,22,6.83027,2.4537
Hunter Stratton,PIT,RP,FA,28,,1,1,,1,0,4.10953,15,0,1,1,15,14,8.53862,3.48356
Carson Spiers,CIN,RP,FA,27,,-20.16469299,-24.86483806,,2,1,4.88552,38,0,1,1,46,40,7.88493,2.95882
Ian Anderson,ATL,SP,FA,26,,-21.37737357,-26.34682445,,5,7,4.25919,24,0,1,1,92,79,7.76446,3.65942
Julian Merryweather,CHC,RP,FA,33,,-8.146740788,-10.17800147,,3,0,3.74435,52,0,4,4,52,58,10.052,3.68628
Austin Adams,BOS,RP,FA,33,,1,1,,1,0,4.53856,24,0,1,1,24,29,10.7293,4.85448
Elvin Rodriguez,MIL,RP,FA,26,,1,1,,1,0,4.24765,25,0,1,1,25,23,8.34358,2.8994
Braxton Ashcraft,PIT,SP,FA,25,,-13.27415325,-16.44408305,,2,1,4.06614,33,0,1,1,46,38,7.51042,2.22167
J.T. Ginn,ATH,P,FA,25,,-24.71469345,-30.425279,,4,5,4.43818,35,0,1,1,91,67,6.63168,3.09333
Logan Allen,CLE,SP,FA,26,,1,1,,2,3,4.32843,6,0,0,0,34,29,7.76885,3.43185
Alek Manoah,TOR,SP,FA,27,,1,1,,1,1,4.14214,10,0,1,1,17,16,8.57981,3.28303
Scott McGough,ARI,RP,FA,35,,1,1,,1,0,4.47755,22,0,1,1,22,21,8.38766,4.0557
Kody Funderburk,MIN,RP,FA,28,,-13.83846246,-17.13371113,,2,0,3.84542,48,0,1,1,48,48,9.04675,3.66433
Tanner Rainey,PIT,RP,FA,32,,-24.16627437,-29.75506985,,1,0,4.94358,42,0,1,1,42,38,8.14094,4.5371
Keynan Middleton,(N/A),RP,FA,31,,1,1,,1,0,3.97259,18,0,0,0,18,19,9.35759,3.74009
Penn Murfee,CHW,RP,FA,30,,-16.98816888,-20.98288798,,2,0,4.45559,51,0,4,4,51,47,8.35565,3.48432
Alex Wood,(N/A),SP,FA,34,,-21.98915023,-27.09446129,,4,6,4.66589,13,0,0,0,69,57,7.44702,3.20909
Noah Murdock,ATH,RP,FA,26,,-24.70474364,-30.41311958,,2,0,4.71414,56,0,7,7,56,47,7.55439,5.01501
Abner Uribe,MIL,RP,FA,24,,-11.26296487,-13.98626041,,2,0,3.58771,49,0,1,1,49,58,10.7204,5.12713
Chase Dollander,COL,SP,FA,23,,-34.15983319,-41.9679463,,4,7,5.06042,18,0,0,0,95,85,8.10648,3.58325
Carlos Hernandez,KC,RP,FA,27,,-15.78711458,-19.51510979,,2,0,4.20954,48,0,1,1,48,46,8.69779,3.84448
Cody Poteet,CHC,SP,FA,30,,1,1,,1,0,3.85951,30,0,1,1,30,28,8.33832,2.96184
J.T. Chargois,TEX,RP,FA,34,,1,1,,1,0,4.10366,26,0,1,1,26,24,8.24055,3.62793
Luis Curvelo,TEX,RP,FA,24,,1,1,,1,0,4.70433,24,0,1,1,24,21,8.01075,3.37824
Caden Dana,LAA,SP,FA,21,,-25.34401323,-31.19435484,,4,5,4.92308,13,0,0,0,69,59,7.60761,3.39056
Joe Kelly,(N/A),RP,FA,36,,1,1,,2,0,3.72097,34,0,0,0,34,40,10.5594,4.23168
Jake Bloss,TOR,SP,FA,23,,-19.65301698,-24.23953171,,2,2,4.73789,19,0,1,1,37,30,7.31171,3.40606
Evan Sisk,KC,RP,FA,27,,-15.4029306,-19.04560822,,2,0,4.12256,36,0,1,1,36,33,8.25192,4.31279
Landen Roupp,SF,SP,FA,26,,-9.925038872,-12.35121475,,4,2,3.7775,55,0,4,4,75,74,8.81311,3.59661
Jake Diekman,ATL,RP,FA,38,,-17.27526978,-21.33374676,,2,0,4.31878,40,0,1,1,40,47,10.5131,5.56486
Yilber Diaz,ARI,SP,FA,24,,-13.61023606,-16.85480139,,3,1,4.12305,42,0,1,1,49,49,8.98521,3.96597
Kendall Graveman,ARI,RP,FA,34,,-8.750217739,-10.91549545,,4,0,3.85948,56,0,10,10,56,55,8.78042,4.02205
Eduard Bazardo,SEA,RP,FA,29,,-6.891664711,-8.644204616,,3,0,3.6719,50,0,1,1,50,50,8.96121,2.97345
Angel Perdomo,ATL,RP,FA,30,,-6.815385291,-8.550985459,,3,0,3.78473,54,0,7,7,54,68,11.4127,4.31768
Vince Velasquez,CLE,SP,FA,32,,1,1,,1,0,4.02252,12,0,1,1,12,12,9.18983,3.01357
Shintaro Fujinami,SEA,RP,FA,30,,1,1,,1,0,4.127,24,0,1,1,24,26,9.79333,4.8624
Mason Englert,TB,SP,FA,25,,-14.770771,-18.2730619,,2,0,4.34696,46,0,1,1,46,41,7.9495,2.82581
Spencer Bivens,SF,RP,FA,30,,-16.26106884,-20.09431734,,2,0,4.31698,40,0,1,1,40,30,6.7603,3.03049
Brandon Sproat,NYM,SP,FA,24,,1,1,,1,2,4.22844,5,0,0,0,25,22,7.84824,3.36833
Ryan Borucki,PIT,RP,FA,30,,1,1,,1,0,4.20042,28,0,1,1,28,28,8.92971,3.93846
Brady Basso,ATH,SP,FA,27,,-9.372504199,-11.67597605,,3,1,3.88516,55,0,5,5,61,56,8.25626,2.43168
Chris Roycroft,STL,SP,FA,27,,-16.36691524,-20.22366956,,3,0,4.12978,51,0,4,4,51,42,7.47178,4.05069
Bryan King,HOU,SP,FA,28,,-10.37980729,-12.90697578,,2,0,3.82517,60,0,12,12,60,60,8.98446,3.83975
Emerson Hancock,SEA,SP,FA,25,,-20.30526164,-25.03662347,,2,2,4.65214,18,0,1,1,46,33,6.42648,2.97178
Brock Stewart,MIN,RP,FA,33,,2.32044135,2.613678106,,3,0,3.14018,56,1,9,10,56,72,11.5479,3.56174
Brenan Hanifee,DET,SP,FA,26,,-12.45840275,-15.44717492,,2,0,3.84085,44,0,1,1,44,34,6.9927,2.38461
Hogan Harris,ATH,SP,FA,28,,-16.85468917,-20.81976579,,2,0,4.2958,41,0,1,1,41,37,8.21039,4.04392
Tom Cosgrove,SD,RP,FA,28,,-16.5032956,-20.39033657,,2,0,4.28154,46,0,1,1,46,43,8.41187,3.82612
Tommy Nance,TOR,RP,FA,33,,-12.79697898,-15.8609404,,3,0,4.1595,54,0,7,7,54,48,8.01505,3.20881
Luarbert Arias,MIA,RP,FA,24,,-16.58337497,-20.48819954,,3,0,4.58797,44,0,1,1,44,39,8.00945,3.43072
Jaden Hill,COL,SP,FA,25,,-21.61683436,-26.63946345,,2,0,5.00782,42,0,1,1,42,37,7.87601,3.69072
Jake Woodford,COL,SP,FA,28,,1,1,,0,0,4.78087,10,0,1,1,10,7,6.73506,2.71867
Tony Santillan,CIN,RP,FA,27,,-11.81593575,-14.66203219,,3,0,4.39047,58,1,11,12,58,66,10.2395,4.1911
Tyler Gilbert,CHW,RP,FA,31,,-16.04142211,-19.82589261,,2,0,4.52329,54,3,6,9,54,44,7.40309,2.75993
Peter Strzelecki,PIT,RP,FA,30,,1,1,,1,0,4.47644,26,0,1,1,26,23,7.98921,3.59975
Matt Bowman,BAL,RP,FA,33,,1,1,,1,0,4.52576,19,0,1,1,19,16,7.44689,3.65151
Tanner Gordon,COL,SP,FA,26,,-21.64898818,-26.67875782,,2,1,4.99882,33,0,1,1,39,28,6.44202,2.21707
Brant Hurter,DET,SP,FA,26,,-9.865968522,-12.27902637,,2,0,3.78484,43,0,1,1,43,35,7.40724,2.09082
Devin Sweet,PHI,RP,FA,28,,-14.11420148,-17.47068483,,3,0,4.60725,36,0,1,1,36,36,8.94339,3.77657
Anderson Pilar,ATL,RP,FA,27,,-16.12332793,-19.92598764,,2,0,4.26999,50,0,4,4,50,43,7.69938,3.06834
Kaleb Ort,HOU,RP,FA,33,,-11.22831309,-13.94391334,,3,0,4.24344,62,0,13,13,62,64,9.22106,3.70607
Bryan Baker,BAL,RP,FA,30,,-12.60599136,-15.62753924,,2,0,3.96701,46,0,1,1,46,47,9.122,3.72147
Robert Stephenson,LAA,RP,FA,32,,1,1,,2,0,3.87278,32,0,1,1,32,39,11.1062,2.90984
Sem Robberse,STL,SP,FA,23,,1,1,,1,0,4.18911,21,0,1,1,21,17,7.26769,2.91666
Zack Thompson,STL,RP,FA,27,,-14.22694117,-17.60846117,,2,0,3.95022,40,0,1,1,40,40,9.01463,3.96822
Albert Abreu,CIN,RP,FA,29,,1,1,,0,0,4.50228,10,0,1,1,10,10,9.02232,4.22955
Ron Marinaccio,SD,RP,FA,29,,-14.71922064,-18.21006351,,2,0,4.21987,40,0,1,1,40,40,9.08947,4.30989
Kyle Nelson,ARI,RP,FA,28,,1,1,,2,0,4.01042,35,0,1,1,35,34,8.626,3.41551
George Soriano,MIA,RP,FA,25,,-19.4131982,-23.94645522,,2,0,4.47949,48,0,1,1,48,45,8.47602,3.91447
Eduardo Salazar,WSH,SP,FA,26,,-20.3469459,-25.08756476,,2,0,4.47335,50,0,4,4,50,37,6.61311,3.62268
Lou Trivino,SF,RP,FA,33,,-12.9589877,-16.05892718,,4,0,4.35351,56,0,10,10,56,53,8.4788,3.7704
Bradley Blalock,COL,SP,FA,24,,-28.52468201,-35.08137003,,2,1,5.26566,29,0,1,1,49,36,6.5718,3.48351
Troy Taylor,SEA,RP,FA,23,,-10.96130519,-13.61760971,,3,0,3.98955,54,0,4,4,54,54,8.99912,3.64266
Josh Staumont,CIN,RP,FA,31,,1,1,,1,0,4.39222,28,0,1,1,28,28,9.01769,4.61203
Sean Reid-Foley,NYM,RP,FA,29,,-10.76462269,-13.37724898,,3,0,3.83518,51,0,7,7,51,58,10.2582,4.77828
Chris Devenski,NYM,RP,FA,34,,1,1,,1,0,4.60743,19,0,1,1,19,18,8.46545,3.16319
Will Warren,NYY,SP,FA,25,,-14.00126825,-17.33267197,,2,1,4.11618,31,0,1,1,45,43,8.58786,2.91951
Dauri Moreta,PIT,RP,FA,28,,-12.89806054,-15.98446963,,2,0,4.12431,37,0,1,1,37,39,9.41092,3.65683
Kevin Herget,NYM,RP,FA,33,,1,1,,2,0,4.14129,34,0,1,1,34,29,7.71396,2.57142
Grant Anderson,MIL,P,FA,27,,1,1,,1,0,4.34938,28,0,1,1,28,28,9.04846,3.48439
Connor Brogdon,LAA,RP,FA,30,,-15.98277424,-19.75422052,,2,0,4.55341,38,0,1,1,38,38,8.95753,3.66689
Ethan Roberts,CHC,RP,FA,27,,1,1,,1,0,4.18485,35,0,1,1,35,35,8.88533,3.61569
Bryan Shaw,CIN,RP,FA,37,,1,1,,1,0,5.28939,17,0,1,1,17,14,7.26065,4.59202
Thomas Harrington,PIT,SP,FA,23,,1,1,,0,1,4.57865,2,0,0,0,9,7,6.93638,2.53277
Matt Festa,TEX,RP,FA,31,,1,1,,1,0,4.3275,18,0,1,1,18,17,8.5301,3.50248
Hans Crouse,LAA,SP,FA,26,,-11.85475376,-14.7094707,,3,0,4.23924,56,0,7,7,56,66,10.539,4.54006
Grant Holman,ATH,SP,FA,24,,-13.00323043,-16.1129951,,3,0,4.22785,60,0,12,12,60,55,8.3013,3.70617
Justin Hagenman,NYM,P,FA,28,,1,1,,1,0,4.29852,12,0,1,1,12,11,7.96103,2.73666
Jay Jackson,(N/A),RP,FA,37,,1,1,,1,0,4.40949,20,0,0,0,20,20,8.86677,2.94603
Mason Thompson,WSH,RP,FA,27,,-15.12984502,-18.71187721,,3,0,4.19826,42,0,1,1,42,35,7.5568,3.41817
Gerson Garabito,TEX,SP,FA,29,,1,1,,1,0,4.50083,21,0,1,1,21,19,8.07452,3.17298
Connor Thomas,MIL,RP,FA,26,,-11.57581812,-14.36859048,,3,0,3.99193,54,0,6,6,54,39,6.48896,2.35985
Michael Petersen,LAA,RP,FA,30,,-16.38748953,-20.24881289,,2,0,4.52921,36,0,1,1,36,33,8.30965,3.66563
Sean Guenther,DET,RP,FA,29,,-11.50799267,-14.28570271,,3,0,3.89261,46,0,1,1,46,37,7.19383,2.47519
Zach Maxwell,CIN,RP,FA,24,,1,1,,2,0,4.62121,33,0,1,1,33,36,9.91787,5.08387
Hunter Bigge,TB,P,FA,26,,-14.4811082,-17.91907229,,3,0,4.19157,55,0,8,8,55,60,9.7742,4.50273
Craig Yoho,MIL,RP,FA,25,,-8.478782913,-10.58378178,,2,0,3.73068,47,0,1,1,47,53,10.1994,3.65689
Miguel Castro,HOU,RP,FA,30,,-13.49866127,-16.71844865,,3,0,4.28974,43,0,1,1,43,40,8.35644,3.63648
Quinn Mathews,STL,SP,FA,24,,-12.98769063,-16.0940043,,5,8,3.97585,28,0,1,1,99,93,8.47029,3.31357
Wade Miley,CIN,SP,FA,38,,-24.32005474,-29.94300097,,3,4,4.92927,10,0,0,0,52,34,5.9716,3.18574
Jose Quijada,LAA,RP,FA,29,,-9.108014812,-11.35275023,,3,0,4.01448,62,0,12,12,62,72,10.4173,4.67954
Chris Murphy,BOS,SP,FA,26,,1,1,,0,0,4.47867,8,0,1,1,8,7,7.7621,3.72372
Davis Daniel,ATL,SP,FA,27,,1,1,,1,0,4.09299,15,0,1,1,15,13,7.84491,2.3624
Jairo Iriarte,CHW,SP,FA,23,,-29.16161592,-35.85975091,,3,3,4.96547,30,0,1,1,66,56,7.694,4.31193
Alan Rangel,PHI,SP,FA,27,,1,1,,2,0,4.71792,32,0,1,1,32,27,7.59118,3.01067
Brad Keller,CHC,SP,FA,29,,1,1,,1,0,4.41518,19,0,1,1,19,15,7.22563,3.66244
Gus Varland,CHW,SP,FA,28,,-13.82185216,-17.1134121,,3,0,4.41842,64,8,11,19,64,59,8.24809,3.61899
Quinn Priester,BOS,SP,FA,24,,1,1,,2,0,4.08714,30,0,1,1,30,25,7.63882,2.81965
Nick Nastrini,CHW,SP,FA,25,,-37.61833173,-46.19449023,,3,4,5.33473,23,0,1,1,75,65,7.78801,4.91247
Tommy Henry,ARI,SP,FA,27,,1,1,,1,0,4.10928,24,0,1,1,24,21,7.82051,3.29418
Ethan Small,SF,RP,FA,28,,1,1,,1,0,4.02621,13,0,1,1,13,12,8.39282,3.8157
Shane Smith,CHW,RP,FA,24,,-14.36891696,-17.7819662,,2,0,4.34832,58,0,10,10,58,54,8.4524,3.2782
Clayton Beeter,NYY,SP,FA,26,,-12.08546999,-14.9914232,,2,0,4.03967,38,0,1,1,38,42,9.94721,3.92948
Dylan Dodd,ATL,SP,FA,26,,1,1,,2,0,4.26829,33,0,1,1,33,26,7.12636,2.39734
Jack O'Loughlin,COL,SP,FA,24,,1,1,,0,0,4.86085,8,0,1,1,8,6,6.85794,3.47591
Brusdar Graterol,LAD,RP,FA,26,,1,1,,1,0,3.34543,22,0,1,1,22,19,7.62627,2.43329
Diego Castillo,COL,RP,FA,31,,1,1,,1,0,5.07472,34,0,1,1,34,28,7.35943,4.25422
Yerry De Los Santos,NYY,RP,FA,27,,1,1,,1,0,4.24152,26,0,1,1,26,21,7.25513,3.2148
Cole Sulser,TB,RP,FA,34,,1,1,,2,0,4.31129,28,0,1,1,28,26,8.42604,3.81842
Colin Selby,BAL,SP,FA,27,,-14.8057156,-18.31576681,,2,0,3.95915,51,0,1,1,51,53,9.41584,4.19053
Joe Jacques,LAD,SP,FA,29,,1,1,,0,0,4.44348,10,0,1,1,10,8,6.87451,3.40083
Mason Barnett,ATH,SP,FA,24,,1,1,,0,1,4.46959,2,0,0,0,9,8,7.85429,3.53478
Brandon Young,BAL,SP,FA,26,,1,1,,1,0,4.00033,22,0,1,1,22,21,8.4356,2.66871
Trevor Gott,SEA,RP,FA,32,,1,1,,0,0,4.04254,10,0,1,1,10,9,8.39097,3.04081
Ty Madden,DET,SP,FA,25,,1,1,,1,0,4.07199,32,0,1,1,32,30,8.3023,3.1145
Fraser Ellard,CHW,RP,FA,27,,-14.70610461,-18.19403474,,3,0,4.28427,62,6,10,16,62,61,8.78894,4.47991
Jimmy Herget,COL,RP,FA,31,,-20.03287611,-24.70374798,,3,0,4.78916,48,0,1,1,48,41,7.76252,2.83995
Alek Jacob,SD,SP,FA,26,,-14.69236943,-18.17724932,,2,0,4.1755,48,0,1,1,48,44,8.25076,3.43712
Daniel Robert,TEX,RP,FA,30,,1,1,,2,0,4.46259,28,0,1,1,28,28,8.86537,3.79605
Jackson Kowar,SEA,RP,FA,28,,1,1,,2,0,4.32967,35,0,1,1,35,34,8.86347,4.0649
Ronny Henriquez,MIA,SP,FA,24,,-15.08367588,-18.65545507,,2,0,4.17232,50,0,4,4,50,42,7.60415,3.1494
Drey Jameson,ARI,SP,FA,27,,-10.43018416,-12.96854008,,3,0,3.79671,48,0,1,1,48,44,8.28507,2.93416
Cody Bolton,SEA,SP,FA,26,,-15.5438165,-19.21778133,,2,0,4.07676,41,0,1,1,41,39,8.50155,3.85524
Easton Lucas,TOR,SP,FA,28,,1,1,,1,0,4.30713,35,0,1,1,35,31,7.92582,3.72109
Luis Guerrero,BOS,SP,FA,24,,-18.90468215,-23.32501056,,2,0,4.47116,42,0,1,1,42,42,9.07129,4.48037
Alex Young,CIN,RP,FA,31,,1,1,,1,0,4.62635,22,0,1,1,22,19,7.94114,3.41131
Chase Shugart,PIT,RP,FA,28,,1,1,,1,0,4.52395,19,0,1,1,19,15,7.00814,3.34699
J.B. Wendelken,SD,RP,FA,31,,1,1,,1,0,4.15519,22,0,1,1,22,20,8.12741,3.71487
Brooks Raley,(N/A),RP,FA,36,,1,1,,1,0,3.93988,26,0,0,0,26,26,9.05339,3.69323
Nate Lavender,TB,RP,FA,25,,1,1,,1,0,3.96719,22,0,1,1,22,24,10.0098,4.3238
Steven Cruz,KC,RP,FA,25,,-17.8219423,-22.00182148,,2,0,4.3459,44,0,1,1,44,42,8.50679,4.37502
Adam Cimber,(N/A),RP,FA,34,,1,1,,1,0,4.72634,28,0,0,0,28,20,6.31723,3.01583
Logan Evans,SEA,SP,FA,23,,1,1,,1,1,4.35589,10,0,1,1,16,13,7.07082,3.24874
Max Kranick,NYM,RP,FA,27,,-15.85035089,-19.59238928,,2,0,4.31595,41,0,1,1,41,34,7.51034,3.06813
Austin Warren,NYM,RP,FA,29,,1,1,,0,0,4.35749,10,0,1,1,10,9,7.67568,3.56862
Walter Pennington,TEX,RP,FA,26,,-14.36634492,-17.77882298,,3,0,4.11932,42,0,1,1,42,38,8.2481,3.75154
Eric Orze,TB,RP,FA,27,,-13.78081588,-17.06326269,,3,0,4.13921,44,0,1,1,44,45,9.21063,4.01287
Matt Barnes,(N/A),RP,FA,34,,1,1,,1,0,4.63871,28,0,0,0,28,25,7.97376,3.86924
Hagen Danner,SEA,RP,FA,26,,1,1,,1,0,3.78041,28,0,1,1,28,28,9.0481,3.12623
Prelander Berroa,CHW,RP,FA,24,,-19.67171003,-24.26237601,,2,0,4.41835,48,3,1,4,48,51,9.60748,5.09827
Drue Hackenberg,ATL,SP,FA,22,,1,1,,0,1,4.54519,2,0,0,0,8,7,7.64526,4.12013
Daniel Palencia,CHC,RP,FA,25,,-11.50278365,-14.2793369,,2,0,3.89333,38,0,1,1,38,43,10.1123,4.36012
Robby Snelling,MIA,SP,FA,21,,1,1,,1,2,4.68386,5,0,0,0,25,18,6.6308,3.53278
Nick Robertson,TOR,SP,FA,26,,-14.27426025,-17.66628862,,2,0,4.04086,42,0,1,1,42,40,8.59952,3.38589
Ryan Zeferjahn,LAA,P,FA,27,,-16.85213928,-20.81664964,,3,0,4.62389,61,1,12,13,61,61,8.9569,4.40267
Anthony Molina,COL,RP,FA,23,,1,1,,1,0,4.88825,33,0,1,1,33,23,6.26695,2.76757
Scott Blewett,MIN,RP,FA,28,,1,1,,1,0,4.49722,24,0,1,1,24,19,7.03097,3.18227
Michael Arias,NYY,RP,FA,23,,1,1,,0,0,5.00506,10,0,1,1,10,9,8.38721,5.36944
Luis Peralta,COL,SP,FA,24,,-22.65854562,-27.91251253,,3,0,4.86207,61,2,12,14,61,60,8.91536,4.8541
Chayce McDermott,BAL,SP,FA,26,,-15.46257223,-19.11849475,,2,1,4.11711,31,0,1,1,45,48,9.63642,4.25411
Max Lazar,PHI,RP,FA,25,,-13.66429479,-16.92086521,,3,0,4.27845,50,0,4,4,50,41,7.36145,2.74339
Dietrich Enns,DET,SP,FA,33,,1,1,,1,0,3.83592,15,0,1,1,15,15,8.86608,3.2751
JT Brubaker,NYY,SP,FA,31,,-15.27389087,-18.88791202,,3,1,4.41949,44,0,1,1,50,48,8.60029,2.84883
Lucas Gilbreath,COL,RP,FA,29,,-23.21446076,-28.59188242,,2,0,4.7292,50,0,4,4,50,46,8.29603,4.62021
Luis Contreras,HOU,SP,FA,28,,-15.81819707,-19.55309492,,2,0,4.32457,44,0,1,1,44,43,8.74865,3.79168
Jacob Lopez,ATH,SP,FA,26,,-13.30877849,-16.48639769,,2,0,4.06841,36,0,1,1,36,35,8.72424,3.76877
Erik Sabrowski,CLE,P,FA,27,,-5.479289124,-6.918175995,,5,0,3.72688,57,0,11,11,57,66,10.3756,4.61131
Andrew Morris,MIN,SP,FA,23,,1,1,,0,0,4.14695,8,0,1,1,8,6,7.10708,2.42854
Colten Brewer,NYY,RP,FA,32,,1,1,,1,0,4.50494,22,0,1,1,22,20,8.35611,3.65903
Graham Ashcraft,CIN,SP,FA,27,,-15.30464115,-18.92549116,,3,0,4.41093,53,0,4,4,53,44,7.46326,2.65405
Will Klein,SEA,RP,FA,25,,1,1,,1,0,4.26622,22,0,1,1,22,22,9.11321,4.97915
Amos Willingham,ATL,RP,FA,26,,-17.94934074,-22.1575119,,3,0,4.4883,44,0,1,1,44,38,7.69314,3.38712
Brent Headrick,NYY,SP,FA,27,,1,1,,1,0,4.15174,24,0,1,1,24,24,9.00937,2.94946
Yosver Zulueta,CIN,SP,FA,27,,-19.27547225,-23.77814381,,2,0,4.49483,46,0,1,1,46,46,8.96882,4.37753
Sawyer Gipson-Long,DET,SP,FA,27,,-10.41217619,-12.946533,,3,1,4.01858,31,0,1,1,45,41,8.15651,2.49272
Bailey Horn,STL,RP,FA,27,,1,1,,1,0,4.404,22,0,1,1,22,20,8.00913,4.47769
Austin Davis,SD,RP,FA,32,,1,1,,1,0,4.50789,12,0,1,1,12,12,9.06119,5.00764
Noah Cameron,KC,SP,FA,25,,1,1,,1,0,3.98713,21,0,1,1,21,19,8.13201,2.57709
Tyler Matzek,NYY,RP,FA,34,,-16.08378288,-19.87766064,,2,0,4.16519,46,0,4,4,46,44,8.565,4.31679
Kolby Allard,CLE,SP,FA,27,,1,1,,1,0,4.50804,17,0,1,1,17,15,7.71487,2.74013
Carlos Vargas,SEA,SP,FA,25,,-13.71798437,-16.98647788,,3,0,4.00331,56,0,7,7,56,47,7.57962,3.65522
Cade Povich,BAL,SP,FA,24,,-16.40323645,-20.26805679,,6,7,4.24202,27,0,1,1,88,81,8.28021,3.40487
Nick Hernandez,HOU,P,FA,30,,-12.71713825,-15.76336906,,3,0,4.35913,52,0,4,4,52,52,9.07499,3.53114
Casey Legumina,SEA,SP,FA,27,,1,1,,2,0,4.60667,34,0,1,1,34,29,7.73098,3.22243
Marc Church,TEX,SP,FA,23,,-15.99784592,-19.77263924,,3,0,4.41803,46,0,1,1,46,46,8.98949,3.7153
Blake Walston,ARI,SP,FA,23,,1,1,,2,0,4.17222,32,0,1,1,32,27,7.55275,3.5807
Connor Gillispie,MIA,RP,FA,27,,1,1,,1,0,4.5964,28,0,1,1,28,23,7.47288,3.39729
Daniel Bard,(N/A),RP,FA,39,,1,1,,2,0,4.75833,34,0,0,0,34,32,8.54533,5.17825
Joey Lucchesi,SF,SP,FA,31,,1,1,,0,0,4.22888,8,0,1,1,8,6,6.38814,3.26347
Yoendrys Gomez,NYY,SP,FA,25,,-17.03866287,-21.04459541,,2,0,4.48921,44,0,1,1,44,42,8.69133,3.76527
Edgardo Henriquez,LAD,RP,FA,22,,-16.57323461,-20.47580727,,2,0,4.4152,36,0,1,1,36,38,9.54924,4.38096
Lake Bachar,MIA,SP,FA,29,,-16.6427229,-20.56072715,,3,0,4.5098,56,0,9,9,56,51,8.18779,3.55686
Thaddeus Ward,BAL,SP,FA,28,,1,1,,1,0,4.81386,16,0,1,1,16,13,7.24036,4.6936
Huascar Ynoa,MIN,SP,FA,26,,-12.58059217,-15.59649953,,2,0,4.11537,36,0,1,1,36,36,8.95062,3.33351
Brett de Geus,MIA,RP,FA,27,,-23.11736614,-28.47322553,,2,0,4.78101,41,0,1,1,41,28,6.23117,3.5677
Brandon Eisert,CHW,P,FA,27,,-15.63836107,-19.33332187,,1,0,4.05352,28,0,1,1,28,26,8.27765,3.26562
Jack Neely,CHC,SP,FA,24,,1,1,,0,0,4.1038,10,0,1,1,10,10,9.42495,3.53848
Owen White,CHW,SP,FA,25,,1,1,,0,0,5.15999,12,0,1,1,12,9,6.6678,3.50827
Carson Ragsdale,SF,SP,FA,26,,1,1,,1,0,4.05994,28,0,1,1,28,28,9.06201,3.3653
Mason Montgomery,TB,SP,FA,24,,-8.680037986,-10.82973054,,3,0,4.04288,60,1,12,13,60,58,8.75173,3.32356
Zach Penrod,BOS,SP,FA,27,,1,1,,1,0,4.27034,18,0,1,1,18,19,9.33464,4.29802
Justin Sterner,ATH,RP,FA,28,,-15.36123137,-18.99464864,,2,0,4.34379,44,0,1,1,44,41,8.47667,3.54693
Andrew Walters,CLE,RP,FA,24,,-10.27197039,-12.77519103,,3,0,3.98337,52,0,5,5,52,57,9.89225,4.18143
Mike Vasil,TB,SP,FA,24,,-15.63836107,-19.33332187,,3,0,4.2947,48,0,1,1,48,38,7.12706,2.77697
Tyler Zuber,NYM,RP,FA,29,,1,1,,2,0,4.83008,33,0,1,1,33,31,8.48185,4.31818
Kyle Bradish,BAL,SP,FA,28,,1,1,,1,1,3.29004,12,0,1,1,19,20,9.50286,2.66349
Carson Seymour,SF,SP,FA,26,,1,1,,1,0,4.00159,24,0,1,1,24,19,7.28094,2.91939
Elvis Alvarado,ATH,RP,FA,26,,1,1,,2,0,4.52887,28,0,1,1,28,26,8.37781,4.46588
Jackson Rutledge,WSH,SP,FA,25,,1,1,,1,1,4.68851,26,0,1,1,32,26,7.32286,3.73661
Riley O'Brien,STL,SP,FA,30,,-13.66959396,-16.92734119,,3,0,4.09491,53,0,7,7,53,53,9.00748,4.47441
Hurston Waldrep,ATL,SP,FA,23,,1,1,,2,1,4.45813,15,0,1,1,29,26,8.17437,4.0322
Caleb Kilian,CHC,SP,FA,27,,1,1,,1,1,4.38117,24,0,1,1,31,23,6.93028,3.13736
Zach Brzykcy,WSH,RP,FA,25,,-19.14197758,-23.61500333,,2,0,4.41514,48,0,1,1,48,48,8.90908,4.23722
Orlando Ribalta,WSH,RP,FA,27,,1,1,,1,0,4.81715,28,0,1,1,28,25,8.12875,4.63436
Jordan Wicks,CHC,SP,FA,25,,-13.551983,-16.78361179,,3,2,4.14478,21,0,1,1,46,41,8.00229,3.03837
Jacob Waguespack,TB,RP,FA,31,,-14.28933193,-17.68470735,,3,1,4.14614,43,0,1,1,50,48,8.74604,3.48514
Bennett Sousa,HOU,RP,FA,29,,-12.47417448,-15.46644916,,3,0,3.98183,48,0,1,1,48,48,8.99199,3.68557
Ben Casparius,LAD,SP,FA,26,,1,1,,1,0,4.67815,19,0,1,1,19,18,8.66872,4.04636
Jonathan Bowlan,KC,SP,FA,28,,-17.93850034,-22.14426411,,2,0,4.46542,40,0,1,1,40,31,7.04498,2.90996
Mason Black,SF,SP,FA,25,,-15.1432389,-18.72824554,,3,1,4.26795,37,0,1,1,50,44,7.98591,3.09947
Forrest Whitley,HOU,SP,FA,27,,-9.109091126,-11.35406557,,3,0,3.93863,59,0,11,11,59,62,9.44566,3.94627
Trevor McDonald,SF,P,FA,24,,-14.44591139,-17.87605916,,2,0,4.12517,38,0,1,1,38,30,6.98933,2.96713
Tejay Antone,CIN,RP,FA,31,,1,1,,0,0,4.80547,8,0,1,1,8,7,8.40207,3.85802
Gordon Graceffo,STL,RP,FA,24,,-17.99605335,-22.2145982,,2,1,4.36884,40,0,1,1,47,33,6.44758,2.81742
Gavin Hollowell,CHC,RP,FA,27,,1,1,,0,0,4.28125,6,0,1,1,6,6,9.01984,3.85585
Ryan Loutos,STL,RP,FA,26,,-17.69552161,-21.84732593,,2,0,4.19984,48,0,1,1,48,39,7.36325,3.57858
Eiberson Castellano,MIN,SP,FA,23,,-16.04209862,-19.82671936,,2,0,4.34255,42,0,1,1,42,40,8.58259,3.34183
Sean Reynolds,SD,RP,FA,26,,-17.52990664,-21.64493205,,2,0,4.31274,53,1,6,7,53,52,8.88344,4.68108
Carson Whisenhunt,SF,SP,FA,24,,-12.67700169,-15.71431918,,2,1,3.95871,24,0,1,1,37,36,8.7524,3.42011
Cristian Mena,ARI,RP,FA,22,,1,1,,1,1,4.1422,14,0,1,1,21,18,8.07537,3.50964
John McMillon,PHI,RP,FA,27,,1,1,,2,0,4.40032,21,0,1,1,21,24,10.1126,5.22997
Michael Mercado,PHI,SP,FA,25,,-21.11254958,-26.02318973,,2,0,4.97265,40,0,1,1,40,35,7.93908,3.93372
Anthony Veneziano,MIA,P,FA,27,,-15.3463304,-18.97643854,,3,0,4.30832,53,0,6,6,53,44,7.41158,3.29145
Victor Mederos,LAA,SP,FA,23,,1,1,,1,0,4.95247,26,0,1,1,26,20,6.96585,3.99217
Seth Johnson,PHI,SP,FA,26,,1,1,,1,0,5.14229,24,0,1,1,24,19,7.23645,4.19905
Drew Smith,NYM,RP,FA,31,,1,1,,1,0,4.2612,14,0,1,1,14,14,9.31415,3.77325
Josiah Gray,WSH,SP,FA,27,,1,1,,1,1,4.76615,10,0,1,1,17,15,8.23031,3.56581
Chase Petty,CIN,SP,FA,21,,1,1,,1,1,4.94921,18,0,1,1,32,24,6.8733,3.37201
Lyon Richardson,CIN,SP,FA,25,,1,1,,0,0,4.81947,12,0,1,1,12,11,8.48466,4.29408
Jake Eder,CHW,SP,FA,26,,1,1,,1,0,4.71136,17,0,1,1,17,15,7.87519,4.22285
Evan Justice,COL,SP,FA,26,,-31.6298751,-38.87614827,,2,0,5.35376,46,0,1,1,46,44,8.6355,6.07644
Connor Phillips,CIN,SP,FA,23,,1,1,,1,0,4.72823,21,0,1,1,21,22,9.29238,4.39181
Logan Henderson,MIL,SP,FA,23,,1,1,,1,0,4.09,10,0,1,1,10,10,9.3759,2.6505
Richard Fitts,BOS,RP,FA,25,,-18.5464923,-22.88727577,,3,1,4.49302,39,0,1,1,53,40,6.78492,2.47731
Tyler Phillips,PHI,SP,FA,27,,-19.12188099,-23.59044379,,2,0,4.50839,43,0,1,1,43,32,6.67918,2.88217
Mick Abel,PHI,SP,FA,23,,1,1,,1,0,4.76008,22,0,1,1,22,20,8.01451,4.48431
Dane Acker,TEX,RP,FA,25,,1,1,,0,1,5.11418,2,0,0,0,8,7,7.28414,3.94815
Mason Adams,CHW,SP,FA,25,,1,1,,1,2,4.76415,5,0,0,0,27,19,6.30003,2.63629
Travis Adams,MIN,SP,FA,25,,1,1,,1,1,4.50163,17,0,1,1,24,18,6.77161,2.8595
Zach Agnos,COL,RP,FA,24,,1,1,,2,0,4.81253,26,0,1,1,26,22,7.78095,3.1382
Franco Aleman,CLE,RP,FA,24,,1,1,,2,0,3.93863,34,0,1,1,34,35,9.21651,3.30798
Logan Allen,(N/A),RP,FA,27,,1,1,,2,3,4.32843,6,0,0,0,34,29,7.76885,3.43185
Dan Altavilla,CHW,RP,FA,32,,1,1,,1,0,4.73409,24,0,1,1,24,23,8.50769,4.11751
Jose Alvarado,TEX,SP,FA,19,,0.604579121,0.516766106,,4,0,3.31413,60,3,10,13,60,69,10.4143,4.01792
Kyle Amendt,ARI,RP,FA,24,,1,1,,2,0,3.82117,21,0,1,1,21,24,10.2149,4.60261
Nick Anderson,STL,RP,FA,34,,-14.81553659,-18.3277688,,3,0,4.23342,44,0,1,1,44,39,7.93118,3.32531
Luinder Avila,KC,SP,FA,23,,1,1,,1,0,4.77258,12,0,1,1,12,9,6.54978,3.95662
Sam Bachman,LAA,SP,FA,25,,-21.9000603,-26.98558673,,2,0,4.61191,44,0,1,1,44,36,7.26403,3.94262
Jordan Balazovic,DET,RP,FA,26,,1,1,,1,0,4.0655,12,0,1,1,12,11,8.1552,3.65466
Joe Barlow,TEX,RP,FA,29,,1,1,,0,0,4.72678,10,0,1,1,10,8,7.2985,3.40742
A.J. Blubaugh,HOU,SP,FA,24,,1,1,,1,0,4.17512,10,0,1,1,10,9,8.20979,3.25316
Matt Canterino,MIN,SP,FA,27,,1,1,,1,0,4.30984,12,0,1,1,12,13,9.40823,4.02037
Blas Castano,SEA,SP,FA,26,,1,1,,2,1,4.30178,28,0,1,1,34,26,6.74416,2.91842
Luis Castillo,SEA,RP,FA,29,,16.53146013,19.98060611,,12,18,3.56023,31,0,0,0,181,184,9.15104,2.5604
Eric Cerantola,KC,RP,FA,24,,1,1,,1,0,4.68519,14,0,1,1,14,13,8.57701,5.07274
Taylor Clarke,KC,SP,FA,31,,1,1,,0,0,4.51678,8,0,1,1,8,6,7.3108,2.75132
Dylan Coleman,BAL,RP,FA,28,,1,1,,1,0,4.57018,30,0,1,1,30,31,9.29049,5.78892
Alex Cornwell,STL,SP,FA,25,,1,1,,0,0,4.13522,8,0,1,1,8,6,6.39327,2.70771
Omar Cruz,SD,RP,FA,26,,1,1,,1,0,4.27598,24,0,1,1,24,23,8.45329,3.94114
Jose Cuas,PHI,RP,FA,30,,1,1,,0,0,4.56371,10,0,1,1,10,10,8.6148,4.17896
John Curtiss,ARI,RP,FA,31,,1,1,,1,0,4.88698,18,0,1,1,18,14,6.86544,3.08744
Ryan Cusick,ATH,RP,FA,25,,1,1,,1,0,4.99246,15,0,1,1,15,12,7.36381,4.8276
Michael Darrell-Hicks,LAA,RP,FA,27,,1,1,,1,0,4.68209,22,0,1,1,22,18,7.44412,2.91461
Jack Dashwood,LAA,RP,FA,27,,-16.71519184,-20.64928962,,2,0,4.45558,42,0,1,1,42,38,8.10974,3.01972
Tanner Dodson,ATH,RP,FA,27,,1,1,,1,0,4.86842,10,0,1,1,10,7,6.42683,5.1972
Tommy Doyle,COL,RP,FA,28,,1,1,,1,0,4.94935,21,0,1,1,21,17,7.47801,3.8146
Jack Dreyer,LAD,RP,FA,26,,1,1,,1,0,4.15784,17,0,1,1,17,17,8.93854,3.56953
Josh Ekness,MIA,RP,FA,23,,1,1,,1,0,4.57621,15,0,1,1,15,13,8.0367,4.2651
Nic Enright,CLE,RP,FA,28,,-7.470119778,-9.351119979,,3,0,3.78064,46,0,1,1,46,48,9.31078,2.71486
Braydon Fisher,TOR,RP,FA,24,,1,1,,1,0,4.49627,21,0,1,1,21,21,8.89796,4.84764
Wilmer Flores,DET,RP,FA,24,,1,1,,0,0,4.14566,8,0,1,1,8,7,7.5567,3.30378
Mason Fluharty,TOR,RP,FA,23,,1,1,,1,0,4.14186,22,0,1,1,22,21,8.45292,3.42443
Nick Frasso,LAD,SP,FA,26,,1,1,,1,0,4.05399,15,0,1,1,15,14,8.487,2.88504
Brandyn Garcia,SEA,SP,FA,24,,1,1,,1,0,4.06452,21,0,1,1,21,19,7.93458,3.43075
Domingo Gonzalez,ATL,RP,FA,25,,-16.99734645,-20.99410366,,2,0,4.33295,43,0,1,1,43,43,8.99943,3.94149
Wikelman Gonzalez,CHW,SP,FA,22,,1,1,,1,1,5.19941,3,0,0,0,16,14,7.9432,4.93918
Colton Gordon,HOU,SP,FA,26,,1,1,,1,1,4.20384,17,0,1,1,24,21,7.86278,2.96125
Andre Granillo,STL,RP,FA,24,,1,1,,1,0,4.64868,15,0,1,1,15,14,8.29477,4.6995
Ryan Gusto,HOU,SP,FA,25,,-18.35237824,-22.65005387,,2,1,4.50729,27,0,1,1,42,34,7.22826,3.14087
Hayden Harris,ATL,RP,FA,26,,1,1,,1,0,4.11834,17,0,1,1,17,18,9.76973,4.2049
Trent Harris,SF,RP,FA,26,,1,1,,0,0,4.03113,10,0,1,1,10,9,8.1468,3.36609
Kyle Hart,SD,RP,FA,32,,-29.72004315,-36.54219076,,5,6,4.66544,34,0,1,1,102,73,6.40053,3.15826
Cole Henry,WSH,SP,FA,25,,-20.70899919,-25.53002096,,1,0,4.82065,40,0,1,1,40,35,7.84782,4.14884
Gunnar Hoglund,ATH,SP,FA,25,,-20.47736223,-25.24694327,,4,2,4.70214,39,0,1,1,68,49,6.56251,2.65467
Anthony Hoopii-Tuionetoa,CHW,RP,FA,24,,1,1,,1,0,4.8482,21,0,1,1,21,18,7.66769,3.8505
Gabriel Hughes,COL,SP,FA,23,,1,1,,1,0,4.71223,12,0,1,1,12,11,8.13488,3.4674
Antonio Jimenez,SF,RP,FA,23,,1,1,,1,0,4.39433,26,0,1,1,26,20,6.98799,3.54626
Janson Junk,MIA,SP,FA,29,,1,1,,1,0,4.55564,18,0,1,1,18,13,6.35192,2.489
Michael Kelly,ATH,SP,FA,32,,1,1,,1,0,4.15677,24,0,1,1,24,22,8.33748,3.49345
Justin King,MIA,RP,FA,27,,1,1,,1,0,4.48701,24,0,1,1,24,25,9.25245,4.87428
Matt Krook,ATH,SP,FA,30,,1,1,,1,0,4.2299,21,0,1,1,21,21,8.79582,5.06423
Andry Lara,WSH,SP,FA,22,,1,1,,1,0,4.60721,22,0,1,1,22,17,6.75967,3.15986
Chase Lee,DET,RP,FA,26,,1,1,,1,0,3.68743,24,0,1,1,24,23,8.6806,3.03739
Cory Lewis,MIN,SP,FA,24,,1,1,,1,0,4.41223,10,0,1,1,10,9,8.26974,3.71682
Luke Little,CHC,P,FA,24,,-8.837950511,-11.02271146,,2,0,3.41419,40,0,1,1,40,48,10.8163,4.8699
Adam Macko,TOR,SP,FA,24,,1,1,,0,1,4.625,2,0,0,0,8,7,7.59792,3.81966
Rodolfo Martinez,BAL,SP,FA,30,,1,1,,0,0,4.9558,24,0,0,0,24,23,8.52408,4.09091
Tyler Mattison,DET,RP,FA,25,,1,1,,1,0,4.01335,22,0,1,1,22,22,8.86582,3.83879
Garrett McDaniels,LAA,RP,FA,25,,-16.77479049,-20.72212362,,3,0,4.14361,52,0,4,4,52,44,7.63944,3.87024
Griff McGarry,PHI,RP,FA,25,,1,1,,1,0,4.79884,26,0,1,1,26,27,9.33726,6.01816
Juan Mejia,COL,RP,FA,24,,1,1,,1,0,5.19867,22,0,1,1,22,19,7.80245,4.68286
Luis Mey,CIN,RP,FA,23,,-33.79042346,-41.51649998,,2,0,5.69569,42,0,1,1,42,37,7.89038,6.14574
Mason Miller,KC,SP,FA,22,,26.52566377,31.42876915,8.5,4,0,2.69784,67,30,2,32,67,98,13.1836,3.12342
Andrew Misiaszek,CLE,RP,FA,27,,1,1,,2,0,3.99219,31,0,1,1,31,32,9.30298,4.05036
Anthony Misiewicz,MIN,RP,FA,30,,1,1,,1,0,4.32019,21,0,1,1,21,19,8.3112,3.24999
Rafael Montero,HOU,RP,FA,34,,-17.02385049,-21.02649357,,2,0,4.37263,54,0,7,7,54,50,8.25551,3.8886
Patrick Monteverde,MIA,SP,FA,27,,-18.62359887,-22.98150576,,2,1,4.5246,35,0,1,1,42,31,6.73138,3.03099
Andrew Moore,TOR,RP,FA,30,,1,1,,1,0,5.0961,32,0,1,1,32,34,9.51319,5.59097
Andrew Moore,CIN,RP,FA,25,,1,1,,1,0,5.0961,32,0,1,1,32,34,9.51319,5.59097
Rolddy Munoz,ATL,RP,FA,24,,1,1,,1,0,4.40504,22,0,1,1,22,20,8.28686,4.1055
Doug Nikhazy,CLE,SP,FA,25,,1,1,,1,0,4.31411,22,0,1,1,22,21,8.52178,4.53182
Tyler Owens,DET,RP,FA,24,,1,1,,1,0,4.4356,21,0,1,1,21,17,7.2024,3.26044
Carson Palmquist,COL,SP,FA,24,,1,1,,1,1,5.14417,3,0,0,0,16,15,8.12075,4.07366
Chad Patrick,MIL,SP,FA,26,,1,1,,1,0,4.24076,24,0,1,1,24,22,8.06963,2.65752
Francis Pena,SD,RP,FA,24,,1,1,,2,0,4.27333,33,0,1,1,33,27,7.42066,3.32181
Jonathan Pintaro,NYM,SP,FA,27,,1,1,,0,1,4.60831,2,0,0,0,8,7,7.11675,3.41737
Drew Pomeranz,SEA,RP,FA,36,,1,1,,0,0,3.81502,14,0,1,1,14,15,9.42861,3.70723
Matt Pushard,MIA,RP,FA,27,,1,1,,1,0,4.62451,26,0,1,1,26,21,7.42611,3.65444
Max Rajcic,STL,SP,FA,23,,1,1,,1,0,4.45882,10,0,1,1,10,7,6.71544,2.74354
Marco Raya,MIN,SP,FA,22,,1,1,,1,0,4.45894,14,0,1,1,14,12,7.91253,3.6507
Tekoah Roby,STL,SP,FA,23,,1,1,,0,1,4.58052,2,0,0,0,8,6,6.78474,2.96346
Joe Rock,TB,SP,FA,24,,1,1,,2,1,4.12617,21,0,1,1,28,23,7.45599,2.62828
Bradgley Rodriguez,SD,RP,FA,21,,1,1,,1,0,4.44468,26,0,1,1,26,24,8.43073,4.48927
Carlos Rodriguez,MIL,SP,FA,23,,1,1,,2,1,4.57156,15,0,1,1,30,27,8.07164,3.49088
Carlos Rodriguez,DET,SP,FA,18,,1,1,,2,1,4.57156,15,0,1,1,30,27,8.07164,3.49088
John Rooney,MIA,RP,FA,28,,1,1,,1,0,4.43201,22,0,1,1,22,19,7.81531,3.94805
Andrew Saalfrank,ARI,RP,FA,27,,1,1,,2,0,3.76958,28,0,1,1,28,27,8.54505,4.52574
Connor Seabold,TB,RP,FA,29,,1,1,,0,0,4.42015,10,0,1,1,10,9,7.91217,2.3238
Josh Simpson,MIA,RP,FA,27,,-15.86305625,-19.60791618,,2,0,4.14069,39,0,1,1,39,42,9.6223,4.54417
Cade Smith,NYY,SP,FA,22,,12.19479679,14.68087911,,4,0,3.01844,68,2,14,16,68,86,11.3629,3.07271
Chase Solesky,WSH,SP,FA,27,,1,1,,1,0,4.80635,12,0,1,1,12,7,5.5268,2.95184
Alex Speas,MIN,SP,FA,27,,1,1,,1,0,4.32021,16,0,1,1,16,18,9.90915,5.90636
Kade Strowd,BAL,RP,FA,27,,1,1,,1,0,4.38992,26,0,1,1,26,24,8.30683,4.10949
Tyler Stuart,WSH,SP,FA,25,,1,1,,1,0,4.07191,21,0,1,1,21,18,7.61042,2.73548
Matt Svanson,STL,RP,FA,26,,1,1,,2,0,4.41718,35,0,1,1,35,25,6.4767,3.31806
Emiliano Teodo,TEX,SP,FA,24,,1,1,,0,1,4.87374,2,0,0,0,8,7,8.33697,4.79953
Kyle Tyler,PHI,RP,FA,28,,1,1,,1,0,4.5656,28,0,1,1,28,22,7.18827,3.48736
Logan VanWey,HOU,RP,FA,26,,1,1,,1,0,4.27809,22,0,1,1,22,22,8.99448,4.45219
Cole Waites,SF,RP,FA,26,,1,1,,1,0,4.1023,15,0,1,1,15,15,8.9115,4.13994
Josh Walker,TOR,SP,FA,30,,-12.45310015,-15.44069474,,2,0,3.9118,39,0,1,1,39,39,9.04989,3.71573
Jacob Wallace,KC,RP,FA,26,,1,1,,1,0,4.87461,10,0,1,1,10,9,8.15017,5.26393
Jacob Webb,PIT,P,FA,25,,-9.568555235,-11.91556508,,3,0,4.25984,62,2,14,16,62,63,9.18092,3.94582
Jacob Webb,BOS,RP,FA,25,,-9.568555235,-11.91556508,,3,0,4.25984,62,2,14,16,62,63,9.18092,3.94582
Ryan Webb,CLE,SP,FA,25,,1,1,,1,0,4.23201,24,0,1,1,24,21,7.8572,3.54952
Blake Weiman,HOU,RP,FA,29,,1,1,,0,0,4.33028,8,0,1,1,8,6,7.30429,2.77004
Jefry Yan,COL,RP,FA,28,,1,1,,1,0,4.82655,17,0,1,1,17,16,8.51268,5.13561
